app_id: 0, app_name: pulse_doppler_api-aarch64, task_id: 0, task_name: DASH_FFT, resource_name: cpu1, ref_start_time: 2062383255861048, ref_stop_time: 2062383255945708, actual_exe_time: 84660, task_app_start_time:2062383252357287, task_sched_time:2062383255849078
app_id: 0, app_name: pulse_doppler_api-aarch64, task_id: 1, task_name: DASH_FFT, resource_name: cpu2, ref_start_time: 2062383268568060, ref_stop_time: 2062383268646300, actual_exe_time: 78240, task_app_start_time:2062383252357287, task_sched_time:2062383268557080
app_id: 4, app_name: radar_correlator_api-aarch64, task_id: 0, task_name: DASH_FFT, resource_name: fft2, ref_start_time: 2062383268879850, ref_stop_time: 2062383268994390, actual_exe_time: 114540, task_app_start_time:2062383254010137, task_sched_time:2062383268873490
app_id: 2, app_name: radar_correlator_api-aarch64, task_id: 0, task_name: DASH_FFT, resource_name: cpu3, ref_start_time: 2062383269133560, ref_stop_time: 2062383269272400, actual_exe_time: 138840, task_app_start_time:2062383252996737, task_sched_time:2062383268670150
app_id: 6, app_name: radar_correlator_api-aarch64, task_id: 0, task_name: DASH_FFT, resource_name: cpu1, ref_start_time: 2062383269842400, ref_stop_time: 2062383269933210, actual_exe_time: 90810, task_app_start_time:2062383255973188, task_sched_time:2062383269089520
app_id: 8, app_name: radar_correlator_api-aarch64, task_id: 0, task_name: DASH_FFT, resource_name: cpu2, ref_start_time: 2062383269937170, ref_stop_time: 2062383270034370, actual_exe_time: 97200, task_app_start_time:2062383261750348, task_sched_time:2062383269933990
app_id: 5, app_name: radar_correlator_api-aarch64, task_id: 0, task_name: DASH_FFT, resource_name: cpu3, ref_start_time: 2062383270392030, ref_stop_time: 2062383270538010, actual_exe_time: 145980, task_app_start_time:2062383255648677, task_sched_time:2062383270389180
app_id: 3, app_name: radar_correlator_api-aarch64, task_id: 0, task_name: DASH_FFT, resource_name: fft1, ref_start_time: 2062383270536030, ref_stop_time: 2062383270616070, actual_exe_time: 80040, task_app_start_time:2062383253215527, task_sched_time:2062383268821800
app_id: 0, app_name: pulse_doppler_api-aarch64, task_id: 2, task_name: DASH_ZIP, resource_name: zip1, ref_start_time: 2062383270989600, ref_stop_time: 2062383271454000, actual_exe_time: 464400, task_app_start_time:2062383252357287, task_sched_time:2062383270986420
app_id: 9, app_name: radar_correlator_api-aarch64, task_id: 0, task_name: DASH_FFT, resource_name: cpu1, ref_start_time: 2062383271757900, ref_stop_time: 2062383271839170, actual_exe_time: 81270, task_app_start_time:2062383262097599, task_sched_time:2062383271749050
app_id: 0, app_name: pulse_doppler_api-aarch64, task_id: 3, task_name: DASH_FFT, resource_name: cpu2, ref_start_time: 2062383272122400, ref_stop_time: 2062383272148920, actual_exe_time: 26520, task_app_start_time:2062383252357287, task_sched_time:2062383272115830
app_id: 2, app_name: radar_correlator_api-aarch64, task_id: 1, task_name: DASH_FFT, resource_name: cpu3, ref_start_time: 2062383272347520, ref_stop_time: 2062383272445590, actual_exe_time: 98070, task_app_start_time:2062383252996737, task_sched_time:2062383272299580
app_id: 1, app_name: radar_correlator_api-aarch64, task_id: 0, task_name: DASH_FFT, resource_name: fft2, ref_start_time: 2062383272716820, ref_stop_time: 2062383273143390, actual_exe_time: 426570, task_app_start_time:2062383252818417, task_sched_time:2062383272708360
app_id: 7, app_name: radar_correlator_api-aarch64, task_id: 0, task_name: DASH_FFT, resource_name: fft1, ref_start_time: 2062383272810000, ref_stop_time: 2062383273372470, actual_exe_time: 562470, task_app_start_time:2062383256149498, task_sched_time:2062383272498030
app_id: 3, app_name: radar_correlator_api-aarch64, task_id: 1, task_name: DASH_FFT, resource_name: cpu1, ref_start_time: 2062383273213950, ref_stop_time: 2062383273294500, actual_exe_time: 80550, task_app_start_time:2062383253215527, task_sched_time:2062383273210440
app_id: 9, app_name: radar_correlator_api-aarch64, task_id: 1, task_name: DASH_FFT, resource_name: cpu2, ref_start_time: 2062383274024550, ref_stop_time: 2062383274104410, actual_exe_time: 79860, task_app_start_time:2062383262097599, task_sched_time:2062383274020350
app_id: 5, app_name: radar_correlator_api-aarch64, task_id: 1, task_name: DASH_FFT, resource_name: cpu3, ref_start_time: 2062383274525581, ref_stop_time: 2062383274865151, actual_exe_time: 339570, task_app_start_time:2062383255648677, task_sched_time:2062383274522281
app_id: 4, app_name: radar_correlator_api-aarch64, task_id: 1, task_name: DASH_FFT, resource_name: fft1, ref_start_time: 2062383274839231, ref_stop_time: 2062383275128281, actual_exe_time: 289050, task_app_start_time:2062383254010137, task_sched_time:2062383274828371
app_id: 3, app_name: radar_correlator_api-aarch64, task_id: 2, task_name: DASH_ZIP, resource_name: zip1, ref_start_time: 2062383275263521, ref_stop_time: 2062383275392671, actual_exe_time: 129150, task_app_start_time:2062383253215527, task_sched_time:2062383275143371
app_id: 1, app_name: radar_correlator_api-aarch64, task_id: 1, task_name: DASH_FFT, resource_name: cpu1, ref_start_time: 2062383275892471, ref_stop_time: 2062383275977401, actual_exe_time: 84930, task_app_start_time:2062383252818417, task_sched_time:2062383275879301
app_id: 0, app_name: pulse_doppler_api-aarch64, task_id: 4, task_name: DASH_FFT, resource_name: cpu2, ref_start_time: 2062383276130461, ref_stop_time: 2062383276331671, actual_exe_time: 201210, task_app_start_time:2062383252357287, task_sched_time:2062383276120921
app_id: 6, app_name: radar_correlator_api-aarch64, task_id: 1, task_name: DASH_FFT, resource_name: cpu3, ref_start_time: 2062383276711951, ref_stop_time: 2062383276799251, actual_exe_time: 87300, task_app_start_time:2062383255973188, task_sched_time:2062383276671541
app_id: 8, app_name: radar_correlator_api-aarch64, task_id: 1, task_name: DASH_FFT, resource_name: fft1, ref_start_time: 2062383276734511, ref_stop_time: 2062383276794751, actual_exe_time: 60240, task_app_start_time:2062383261750348, task_sched_time:2062383276727671
app_id: 10, app_name: radar_correlator_api-aarch64, task_id: 0, task_name: DASH_FFT, resource_name: cpu1, ref_start_time: 2062383276980781, ref_stop_time: 2062383277064601, actual_exe_time: 83820, task_app_start_time:2062383268210100, task_sched_time:2062383276970461
app_id: 9, app_name: radar_correlator_api-aarch64, task_id: 2, task_name: DASH_ZIP, resource_name: zip1, ref_start_time: 2062383277094901, ref_stop_time: 2062383277214841, actual_exe_time: 119940, task_app_start_time:2062383262097599, task_sched_time:2062383276824151
app_id: 6, app_name: radar_correlator_api-aarch64, task_id: 2, task_name: DASH_ZIP, resource_name: cpu2, ref_start_time: 2062383277200981, ref_stop_time: 2062383277277121, actual_exe_time: 76140, task_app_start_time:2062383255973188, task_sched_time:2062383277191861
app_id: 7, app_name: radar_correlator_api-aarch64, task_id: 1, task_name: DASH_FFT, resource_name: cpu3, ref_start_time: 2062383277802841, ref_stop_time: 2062383278016951, actual_exe_time: 214110, task_app_start_time:2062383256149498, task_sched_time:2062383277745601
app_id: 2, app_name: radar_correlator_api-aarch64, task_id: 2, task_name: DASH_ZIP, resource_name: zip1, ref_start_time: 2062383278316231, ref_stop_time: 2062383278433531, actual_exe_time: 117300, task_app_start_time:2062383252996737, task_sched_time:2062383278311671
app_id: 0, app_name: pulse_doppler_api-aarch64, task_id: 5, task_name: DASH_FFT, resource_name: cpu1, ref_start_time: 2062383278702361, ref_stop_time: 2062383278726211, actual_exe_time: 23850, task_app_start_time:2062383252357287, task_sched_time:2062383278663481
app_id: 8, app_name: radar_correlator_api-aarch64, task_id: 2, task_name: DASH_ZIP, resource_name: cpu2, ref_start_time: 2062383278905341, ref_stop_time: 2062383279338991, actual_exe_time: 433650, task_app_start_time:2062383261750348, task_sched_time:2062383278900871
app_id: 10, app_name: radar_correlator_api-aarch64, task_id: 1, task_name: DASH_FFT, resource_name: cpu3, ref_start_time: 2062383279412191, ref_stop_time: 2062383279492471, actual_exe_time: 80280, task_app_start_time:2062383268210100, task_sched_time:2062383279348171
app_id: 8, app_name: radar_correlator_api-aarch64, task_id: 3, task_name: DASH_FFT, resource_name: fft1, ref_start_time: 2062383279696321, ref_stop_time: 2062383279801681, actual_exe_time: 105360, task_app_start_time:2062383261750348, task_sched_time:2062383279660711
app_id: 4, app_name: radar_correlator_api-aarch64, task_id: 2, task_name: DASH_ZIP, resource_name: zip1, ref_start_time: 2062383280534882, ref_stop_time: 2062383280657012, actual_exe_time: 122130, task_app_start_time:2062383254010137, task_sched_time:2062383280488291
app_id: 1, app_name: radar_correlator_api-aarch64, task_id: 2, task_name: DASH_ZIP, resource_name: zip2, ref_start_time: 2062383280991212, ref_stop_time: 2062383281129902, actual_exe_time: 138690, task_app_start_time:2062383252818417, task_sched_time:2062383280984942
app_id: 2, app_name: radar_correlator_api-aarch64, task_id: 3, task_name: DASH_FFT, resource_name: cpu1, ref_start_time: 2062383281552872, ref_stop_time: 2062383281640802, actual_exe_time: 87930, task_app_start_time:2062383252996737, task_sched_time:2062383281539402
app_id: 5, app_name: radar_correlator_api-aarch64, task_id: 2, task_name: DASH_ZIP, resource_name: cpu2, ref_start_time: 2062383281595772, ref_stop_time: 2062383281674882, actual_exe_time: 79110, task_app_start_time:2062383255648677, task_sched_time:2062383281589832
app_id: 7, app_name: radar_correlator_api-aarch64, task_id: 2, task_name: DASH_ZIP, resource_name: cpu3, ref_start_time: 2062383281730802, ref_stop_time: 2062383281807362, actual_exe_time: 76560, task_app_start_time:2062383256149498, task_sched_time:2062383281701972
app_id: 3, app_name: radar_correlator_api-aarch64, task_id: 3, task_name: DASH_FFT, resource_name: fft1, ref_start_time: 2062383282144892, ref_stop_time: 2062383282762232, actual_exe_time: 617340, task_app_start_time:2062383253215527, task_sched_time:2062383282099862
app_id: 10, app_name: radar_correlator_api-aarch64, task_id: 2, task_name: DASH_ZIP, resource_name: zip1, ref_start_time: 2062383283185382, ref_stop_time: 2062383283809562, actual_exe_time: 624180, task_app_start_time:2062383268210100, task_sched_time:2062383283169032
app_id: 0, app_name: pulse_doppler_api-aarch64, task_id: 6, task_name: DASH_ZIP, resource_name: zip2, ref_start_time: 2062383284260792, ref_stop_time: 2062383285010792, actual_exe_time: 750000, task_app_start_time:2062383252357287, task_sched_time:2062383284242012
app_id: 1, app_name: radar_correlator_api-aarch64, task_id: 3, task_name: DASH_FFT, resource_name: cpu1, ref_start_time: 2062383284312992, ref_stop_time: 2062383284420422, actual_exe_time: 107430, task_app_start_time:2062383252818417, task_sched_time:2062383284291182
app_id: 4, app_name: radar_correlator_api-aarch64, task_id: 3, task_name: DASH_FFT, resource_name: cpu2, ref_start_time: 2062383284343832, ref_stop_time: 2062383284445082, actual_exe_time: 101250, task_app_start_time:2062383254010137, task_sched_time:2062383284339122
app_id: 5, app_name: radar_correlator_api-aarch64, task_id: 3, task_name: DASH_FFT, resource_name: cpu3, ref_start_time: 2062383284435122, ref_stop_time: 2062383284525002, actual_exe_time: 89880, task_app_start_time:2062383255648677, task_sched_time:2062383284421922
app_id: 9, app_name: radar_correlator_api-aarch64, task_id: 3, task_name: DASH_FFT, resource_name: fft1, ref_start_time: 2062383284896402, ref_stop_time: 2062383284996542, actual_exe_time: 100140, task_app_start_time:2062383262097599, task_sched_time:2062383284882212
app_id: 0, app_name: pulse_doppler_api-aarch64, task_id: 7, task_name: DASH_FFT, resource_name: fft2, ref_start_time: 2062383287218643, ref_stop_time: 2062383287255903, actual_exe_time: 37260, task_app_start_time:2062383252357287, task_sched_time:2062383287195933
app_id: 6, app_name: radar_correlator_api-aarch64, task_id: 3, task_name: DASH_FFT, resource_name: cpu1, ref_start_time: 2062383287607803, ref_stop_time: 2062383287694383, actual_exe_time: 86580, task_app_start_time:2062383255973188, task_sched_time:2062383287596133
app_id: 7, app_name: radar_correlator_api-aarch64, task_id: 3, task_name: DASH_FFT, resource_name: cpu2, ref_start_time: 2062383287704793, ref_stop_time: 2062383287789873, actual_exe_time: 85080, task_app_start_time:2062383256149498, task_sched_time:2062383287694803
app_id: 10, app_name: radar_correlator_api-aarch64, task_id: 3, task_name: DASH_FFT, resource_name: cpu3, ref_start_time: 2062383287821373, ref_stop_time: 2062383287912303, actual_exe_time: 90930, task_app_start_time:2062383268210100, task_sched_time:2062383287740823
app_id: 0, app_name: pulse_doppler_api-aarch64, task_id: 8, task_name: DASH_FFT, resource_name: fft1, ref_start_time: 2062383289474613, ref_stop_time: 2062383289504673, actual_exe_time: 30060, task_app_start_time:2062383252357287, task_sched_time:2062383289464053
app_id: 0, app_name: pulse_doppler_api-aarch64, task_id: 9, task_name: DASH_FFT, resource_name: fft2, ref_start_time: 2062383290424473, ref_stop_time: 2062383290450813, actual_exe_time: 26340, task_app_start_time:2062383252357287, task_sched_time:2062383290418713
app_id: 0, app_name: pulse_doppler_api-aarch64, task_id: 10, task_name: DASH_ZIP, resource_name: zip1, ref_start_time: 2062383290731553, ref_stop_time: 2062383290775683, actual_exe_time: 44130, task_app_start_time:2062383252357287, task_sched_time:2062383290718083
app_id: 0, app_name: pulse_doppler_api-aarch64, task_id: 11, task_name: DASH_FFT, resource_name: cpu1, ref_start_time: 2062383291551693, ref_stop_time: 2062383291578033, actual_exe_time: 26340, task_app_start_time:2062383252357287, task_sched_time:2062383291540983
app_id: 0, app_name: pulse_doppler_api-aarch64, task_id: 12, task_name: DASH_FFT, resource_name: cpu2, ref_start_time: 2062383292801823, ref_stop_time: 2062383292823243, actual_exe_time: 21420, task_app_start_time:2062383252357287, task_sched_time:2062383292796393
app_id: 0, app_name: pulse_doppler_api-aarch64, task_id: 13, task_name: DASH_FFT, resource_name: cpu3, ref_start_time: 2062383293170914, ref_stop_time: 2062383293194104, actual_exe_time: 23190, task_app_start_time:2062383252357287, task_sched_time:2062383293107734
app_id: 0, app_name: pulse_doppler_api-aarch64, task_id: 14, task_name: DASH_ZIP, resource_name: zip1, ref_start_time: 2062383294020394, ref_stop_time: 2062383294059994, actual_exe_time: 39600, task_app_start_time:2062383252357287, task_sched_time:2062383294016404
app_id: 0, app_name: pulse_doppler_api-aarch64, task_id: 15, task_name: DASH_FFT, resource_name: cpu1, ref_start_time: 2062383294694254, ref_stop_time: 2062383294719964, actual_exe_time: 25710, task_app_start_time:2062383252357287, task_sched_time:2062383294681414
app_id: 0, app_name: pulse_doppler_api-aarch64, task_id: 16, task_name: DASH_FFT, resource_name: cpu2, ref_start_time: 2062383295871574, ref_stop_time: 2062383295891674, actual_exe_time: 20100, task_app_start_time:2062383252357287, task_sched_time:2062383295865514
app_id: 0, app_name: pulse_doppler_api-aarch64, task_id: 17, task_name: DASH_FFT, resource_name: cpu3, ref_start_time: 2062383296659074, ref_stop_time: 2062383296681214, actual_exe_time: 22140, task_app_start_time:2062383252357287, task_sched_time:2062383296365944
app_id: 0, app_name: pulse_doppler_api-aarch64, task_id: 18, task_name: DASH_ZIP, resource_name: zip1, ref_start_time: 2062383297403794, ref_stop_time: 2062383297443964, actual_exe_time: 40170, task_app_start_time:2062383252357287, task_sched_time:2062383297391104
app_id: 0, app_name: pulse_doppler_api-aarch64, task_id: 19, task_name: DASH_FFT, resource_name: cpu1, ref_start_time: 2062383298150014, ref_stop_time: 2062383298175544, actual_exe_time: 25530, task_app_start_time:2062383252357287, task_sched_time:2062383298138944
app_id: 0, app_name: pulse_doppler_api-aarch64, task_id: 20, task_name: DASH_FFT, resource_name: cpu2, ref_start_time: 2062383299300395, ref_stop_time: 2062383299320975, actual_exe_time: 20580, task_app_start_time:2062383252357287, task_sched_time:2062383299295685
app_id: 0, app_name: pulse_doppler_api-aarch64, task_id: 21, task_name: DASH_FFT, resource_name: cpu3, ref_start_time: 2062383299742025, ref_stop_time: 2062383299763895, actual_exe_time: 21870, task_app_start_time:2062383252357287, task_sched_time:2062383299739355
app_id: 0, app_name: pulse_doppler_api-aarch64, task_id: 22, task_name: DASH_ZIP, resource_name: zip1, ref_start_time: 2062383300323815, ref_stop_time: 2062383300363925, actual_exe_time: 40110, task_app_start_time:2062383252357287, task_sched_time:2062383300273655
app_id: 0, app_name: pulse_doppler_api-aarch64, task_id: 23, task_name: DASH_FFT, resource_name: cpu1, ref_start_time: 2062383300906835, ref_stop_time: 2062383300933055, actual_exe_time: 26220, task_app_start_time:2062383252357287, task_sched_time:2062383300896185
app_id: 0, app_name: pulse_doppler_api-aarch64, task_id: 24, task_name: DASH_FFT, resource_name: cpu2, ref_start_time: 2062383302082805, ref_stop_time: 2062383302103355, actual_exe_time: 20550, task_app_start_time:2062383252357287, task_sched_time:2062383302078185
app_id: 0, app_name: pulse_doppler_api-aarch64, task_id: 25, task_name: DASH_FFT, resource_name: cpu3, ref_start_time: 2062383302524405, ref_stop_time: 2062383302546215, actual_exe_time: 21810, task_app_start_time:2062383252357287, task_sched_time:2062383302512705
app_id: 0, app_name: pulse_doppler_api-aarch64, task_id: 26, task_name: DASH_ZIP, resource_name: zip1, ref_start_time: 2062383303313975, ref_stop_time: 2062383303354025, actual_exe_time: 40050, task_app_start_time:2062383252357287, task_sched_time:2062383303275665
app_id: 0, app_name: pulse_doppler_api-aarch64, task_id: 27, task_name: DASH_FFT, resource_name: cpu1, ref_start_time: 2062383303826825, ref_stop_time: 2062383303852535, actual_exe_time: 25710, task_app_start_time:2062383252357287, task_sched_time:2062383303815365
app_id: 0, app_name: pulse_doppler_api-aarch64, task_id: 28, task_name: DASH_FFT, resource_name: cpu2, ref_start_time: 2062383305043115, ref_stop_time: 2062383305063335, actual_exe_time: 20220, task_app_start_time:2062383252357287, task_sched_time:2062383305034835
app_id: 0, app_name: pulse_doppler_api-aarch64, task_id: 29, task_name: DASH_FFT, resource_name: cpu3, ref_start_time: 2062383305618456, ref_stop_time: 2062383305640206, actual_exe_time: 21750, task_app_start_time:2062383252357287, task_sched_time:2062383305612966
app_id: 0, app_name: pulse_doppler_api-aarch64, task_id: 30, task_name: DASH_ZIP, resource_name: zip1, ref_start_time: 2062383306530186, ref_stop_time: 2062383306569846, actual_exe_time: 39660, task_app_start_time:2062383252357287, task_sched_time:2062383306525206
app_id: 0, app_name: pulse_doppler_api-aarch64, task_id: 31, task_name: DASH_FFT, resource_name: cpu1, ref_start_time: 2062383307216316, ref_stop_time: 2062383307241636, actual_exe_time: 25320, task_app_start_time:2062383252357287, task_sched_time:2062383307207226
app_id: 0, app_name: pulse_doppler_api-aarch64, task_id: 32, task_name: DASH_FFT, resource_name: cpu2, ref_start_time: 2062383308523026, ref_stop_time: 2062383308543366, actual_exe_time: 20340, task_app_start_time:2062383252357287, task_sched_time:2062383308516876
app_id: 0, app_name: pulse_doppler_api-aarch64, task_id: 33, task_name: DASH_FFT, resource_name: cpu3, ref_start_time: 2062383309095066, ref_stop_time: 2062383309116006, actual_exe_time: 20940, task_app_start_time:2062383252357287, task_sched_time:2062383309091586
app_id: 0, app_name: pulse_doppler_api-aarch64, task_id: 34, task_name: DASH_ZIP, resource_name: zip1, ref_start_time: 2062383309534446, ref_stop_time: 2062383309573686, actual_exe_time: 39240, task_app_start_time:2062383252357287, task_sched_time:2062383309529766
app_id: 0, app_name: pulse_doppler_api-aarch64, task_id: 35, task_name: DASH_FFT, resource_name: cpu1, ref_start_time: 2062383310345976, ref_stop_time: 2062383310371806, actual_exe_time: 25830, task_app_start_time:2062383252357287, task_sched_time:2062383310338086
app_id: 0, app_name: pulse_doppler_api-aarch64, task_id: 36, task_name: DASH_FFT, resource_name: cpu2, ref_start_time: 2062383311737227, ref_stop_time: 2062383311757117, actual_exe_time: 19890, task_app_start_time:2062383252357287, task_sched_time:2062383311731647
app_id: 0, app_name: pulse_doppler_api-aarch64, task_id: 37, task_name: DASH_FFT, resource_name: cpu3, ref_start_time: 2062383312319287, ref_stop_time: 2062383312339507, actual_exe_time: 20220, task_app_start_time:2062383252357287, task_sched_time:2062383312310287
app_id: 0, app_name: pulse_doppler_api-aarch64, task_id: 38, task_name: DASH_ZIP, resource_name: zip1, ref_start_time: 2062383313292457, ref_stop_time: 2062383313332537, actual_exe_time: 40080, task_app_start_time:2062383252357287, task_sched_time:2062383313283337
app_id: 0, app_name: pulse_doppler_api-aarch64, task_id: 39, task_name: DASH_FFT, resource_name: cpu1, ref_start_time: 2062383313930257, ref_stop_time: 2062383313955337, actual_exe_time: 25080, task_app_start_time:2062383252357287, task_sched_time:2062383313917507
app_id: 0, app_name: pulse_doppler_api-aarch64, task_id: 40, task_name: DASH_FFT, resource_name: cpu2, ref_start_time: 2062383315237957, ref_stop_time: 2062383315259107, actual_exe_time: 21150, task_app_start_time:2062383252357287, task_sched_time:2062383315230157
app_id: 0, app_name: pulse_doppler_api-aarch64, task_id: 41, task_name: DASH_FFT, resource_name: cpu3, ref_start_time: 2062383316007787, ref_stop_time: 2062383316028667, actual_exe_time: 20880, task_app_start_time:2062383252357287, task_sched_time:2062383315999867
app_id: 0, app_name: pulse_doppler_api-aarch64, task_id: 42, task_name: DASH_ZIP, resource_name: zip1, ref_start_time: 2062383316808457, ref_stop_time: 2062383316848117, actual_exe_time: 39660, task_app_start_time:2062383252357287, task_sched_time:2062383316805037
app_id: 0, app_name: pulse_doppler_api-aarch64, task_id: 43, task_name: DASH_FFT, resource_name: cpu1, ref_start_time: 2062383317525307, ref_stop_time: 2062383317551557, actual_exe_time: 26250, task_app_start_time:2062383252357287, task_sched_time:2062383317522217
app_id: 0, app_name: pulse_doppler_api-aarch64, task_id: 44, task_name: DASH_FFT, resource_name: cpu2, ref_start_time: 2062383318833488, ref_stop_time: 2062383318854068, actual_exe_time: 20580, task_app_start_time:2062383252357287, task_sched_time:2062383318829558
app_id: 0, app_name: pulse_doppler_api-aarch64, task_id: 45, task_name: DASH_FFT, resource_name: cpu3, ref_start_time: 2062383319394488, ref_stop_time: 2062383319414858, actual_exe_time: 20370, task_app_start_time:2062383252357287, task_sched_time:2062383319388458
app_id: 0, app_name: pulse_doppler_api-aarch64, task_id: 46, task_name: DASH_ZIP, resource_name: zip1, ref_start_time: 2062383320310208, ref_stop_time: 2062383320349628, actual_exe_time: 39420, task_app_start_time:2062383252357287, task_sched_time:2062383320305228
app_id: 0, app_name: pulse_doppler_api-aarch64, task_id: 47, task_name: DASH_FFT, resource_name: cpu1, ref_start_time: 2062383320880238, ref_stop_time: 2062383320905708, actual_exe_time: 25470, task_app_start_time:2062383252357287, task_sched_time:2062383320872588
app_id: 0, app_name: pulse_doppler_api-aarch64, task_id: 48, task_name: DASH_FFT, resource_name: cpu2, ref_start_time: 2062383322174768, ref_stop_time: 2062383322195558, actual_exe_time: 20790, task_app_start_time:2062383252357287, task_sched_time:2062383322165618
app_id: 0, app_name: pulse_doppler_api-aarch64, task_id: 49, task_name: DASH_FFT, resource_name: cpu3, ref_start_time: 2062383322645708, ref_stop_time: 2062383322666468, actual_exe_time: 20760, task_app_start_time:2062383252357287, task_sched_time:2062383322640398
app_id: 0, app_name: pulse_doppler_api-aarch64, task_id: 50, task_name: DASH_ZIP, resource_name: zip1, ref_start_time: 2062383323337838, ref_stop_time: 2062383323377138, actual_exe_time: 39300, task_app_start_time:2062383252357287, task_sched_time:2062383323332258
app_id: 0, app_name: pulse_doppler_api-aarch64, task_id: 51, task_name: DASH_FFT, resource_name: cpu1, ref_start_time: 2062383323981068, ref_stop_time: 2062383324006508, actual_exe_time: 25440, task_app_start_time:2062383252357287, task_sched_time:2062383323970448
app_id: 0, app_name: pulse_doppler_api-aarch64, task_id: 52, task_name: DASH_FFT, resource_name: cpu2, ref_start_time: 2062383325295549, ref_stop_time: 2062383325315979, actual_exe_time: 20430, task_app_start_time:2062383252357287, task_sched_time:2062383325289369
app_id: 0, app_name: pulse_doppler_api-aarch64, task_id: 53, task_name: DASH_FFT, resource_name: cpu3, ref_start_time: 2062383326099129, ref_stop_time: 2062383326119859, actual_exe_time: 20730, task_app_start_time:2062383252357287, task_sched_time:2062383326090639
app_id: 0, app_name: pulse_doppler_api-aarch64, task_id: 54, task_name: DASH_ZIP, resource_name: zip1, ref_start_time: 2062383327094949, ref_stop_time: 2062383327134249, actual_exe_time: 39300, task_app_start_time:2062383252357287, task_sched_time:2062383327091619
app_id: 0, app_name: pulse_doppler_api-aarch64, task_id: 55, task_name: DASH_FFT, resource_name: cpu1, ref_start_time: 2062383327636689, ref_stop_time: 2062383327661949, actual_exe_time: 25260, task_app_start_time:2062383252357287, task_sched_time:2062383327633329
app_id: 0, app_name: pulse_doppler_api-aarch64, task_id: 56, task_name: DASH_FFT, resource_name: cpu2, ref_start_time: 2062383328964459, ref_stop_time: 2062383328984949, actual_exe_time: 20490, task_app_start_time:2062383252357287, task_sched_time:2062383328957259
app_id: 0, app_name: pulse_doppler_api-aarch64, task_id: 57, task_name: DASH_FFT, resource_name: cpu3, ref_start_time: 2062383329522669, ref_stop_time: 2062383329543309, actual_exe_time: 20640, task_app_start_time:2062383252357287, task_sched_time:2062383329517809
app_id: 0, app_name: pulse_doppler_api-aarch64, task_id: 58, task_name: DASH_ZIP, resource_name: zip1, ref_start_time: 2062383330241800, ref_stop_time: 2062383330280440, actual_exe_time: 38640, task_app_start_time:2062383252357287, task_sched_time:2062383330235800
app_id: 0, app_name: pulse_doppler_api-aarch64, task_id: 59, task_name: DASH_FFT, resource_name: cpu1, ref_start_time: 2062383330799620, ref_stop_time: 2062383330824910, actual_exe_time: 25290, task_app_start_time:2062383252357287, task_sched_time:2062383330792240
app_id: 0, app_name: pulse_doppler_api-aarch64, task_id: 60, task_name: DASH_FFT, resource_name: cpu2, ref_start_time: 2062383332099130, ref_stop_time: 2062383332119170, actual_exe_time: 20040, task_app_start_time:2062383252357287, task_sched_time:2062383332092500
app_id: 0, app_name: pulse_doppler_api-aarch64, task_id: 61, task_name: DASH_FFT, resource_name: cpu3, ref_start_time: 2062383332661600, ref_stop_time: 2062383332682090, actual_exe_time: 20490, task_app_start_time:2062383252357287, task_sched_time:2062383332659080
app_id: 0, app_name: pulse_doppler_api-aarch64, task_id: 62, task_name: DASH_ZIP, resource_name: zip1, ref_start_time: 2062383333344820, ref_stop_time: 2062383333384480, actual_exe_time: 39660, task_app_start_time:2062383252357287, task_sched_time:2062383333338790
app_id: 0, app_name: pulse_doppler_api-aarch64, task_id: 63, task_name: DASH_FFT, resource_name: cpu1, ref_start_time: 2062383333900210, ref_stop_time: 2062383333925110, actual_exe_time: 24900, task_app_start_time:2062383252357287, task_sched_time:2062383333889380
app_id: 0, app_name: pulse_doppler_api-aarch64, task_id: 64, task_name: DASH_FFT, resource_name: cpu2, ref_start_time: 2062383335186340, ref_stop_time: 2062383335206590, actual_exe_time: 20250, task_app_start_time:2062383252357287, task_sched_time:2062383335182650
app_id: 0, app_name: pulse_doppler_api-aarch64, task_id: 65, task_name: DASH_FFT, resource_name: cpu3, ref_start_time: 2062383335742780, ref_stop_time: 2062383335762880, actual_exe_time: 20100, task_app_start_time:2062383252357287, task_sched_time:2062383335739660
app_id: 0, app_name: pulse_doppler_api-aarch64, task_id: 66, task_name: DASH_ZIP, resource_name: zip1, ref_start_time: 2062383336616621, ref_stop_time: 2062383336656251, actual_exe_time: 39630, task_app_start_time:2062383252357287, task_sched_time:2062383336606811
app_id: 0, app_name: pulse_doppler_api-aarch64, task_id: 67, task_name: DASH_FFT, resource_name: cpu1, ref_start_time: 2062383337394131, ref_stop_time: 2062383337419871, actual_exe_time: 25740, task_app_start_time:2062383252357287, task_sched_time:2062383337388311
app_id: 0, app_name: pulse_doppler_api-aarch64, task_id: 68, task_name: DASH_FFT, resource_name: cpu2, ref_start_time: 2062383338699521, ref_stop_time: 2062383338719741, actual_exe_time: 20220, task_app_start_time:2062383252357287, task_sched_time:2062383338695051
app_id: 0, app_name: pulse_doppler_api-aarch64, task_id: 69, task_name: DASH_FFT, resource_name: cpu3, ref_start_time: 2062383339143941, ref_stop_time: 2062383339164281, actual_exe_time: 20340, task_app_start_time:2062383252357287, task_sched_time:2062383339136771
app_id: 0, app_name: pulse_doppler_api-aarch64, task_id: 70, task_name: DASH_ZIP, resource_name: zip1, ref_start_time: 2062383339934411, ref_stop_time: 2062383339973471, actual_exe_time: 39060, task_app_start_time:2062383252357287, task_sched_time:2062383339928231
app_id: 0, app_name: pulse_doppler_api-aarch64, task_id: 71, task_name: DASH_FFT, resource_name: cpu1, ref_start_time: 2062383340775551, ref_stop_time: 2062383340801471, actual_exe_time: 25920, task_app_start_time:2062383252357287, task_sched_time:2062383340762801
app_id: 0, app_name: pulse_doppler_api-aarch64, task_id: 72, task_name: DASH_FFT, resource_name: cpu2, ref_start_time: 2062383341954701, ref_stop_time: 2062383341974891, actual_exe_time: 20190, task_app_start_time:2062383252357287, task_sched_time:2062383341951521
app_id: 0, app_name: pulse_doppler_api-aarch64, task_id: 73, task_name: DASH_FFT, resource_name: cpu3, ref_start_time: 2062383342516001, ref_stop_time: 2062383342536491, actual_exe_time: 20490, task_app_start_time:2062383252357287, task_sched_time:2062383342506761
app_id: 0, app_name: pulse_doppler_api-aarch64, task_id: 74, task_name: DASH_ZIP, resource_name: zip1, ref_start_time: 2062383343379972, ref_stop_time: 2062383343418762, actual_exe_time: 38790, task_app_start_time:2062383252357287, task_sched_time:2062383343374302
app_id: 0, app_name: pulse_doppler_api-aarch64, task_id: 75, task_name: DASH_FFT, resource_name: cpu1, ref_start_time: 2062383344124002, ref_stop_time: 2062383344148932, actual_exe_time: 24930, task_app_start_time:2062383252357287, task_sched_time:2062383344116142
app_id: 0, app_name: pulse_doppler_api-aarch64, task_id: 76, task_name: DASH_FFT, resource_name: cpu2, ref_start_time: 2062383345506192, ref_stop_time: 2062383345526442, actual_exe_time: 20250, task_app_start_time:2062383252357287, task_sched_time:2062383345499292
app_id: 0, app_name: pulse_doppler_api-aarch64, task_id: 77, task_name: DASH_FFT, resource_name: cpu3, ref_start_time: 2062383346212632, ref_stop_time: 2062383346233002, actual_exe_time: 20370, task_app_start_time:2062383252357287, task_sched_time:2062383346208342
app_id: 0, app_name: pulse_doppler_api-aarch64, task_id: 78, task_name: DASH_ZIP, resource_name: zip1, ref_start_time: 2062383347274002, ref_stop_time: 2062383347313302, actual_exe_time: 39300, task_app_start_time:2062383252357287, task_sched_time:2062383347266232
app_id: 0, app_name: pulse_doppler_api-aarch64, task_id: 79, task_name: DASH_FFT, resource_name: cpu1, ref_start_time: 2062383347940782, ref_stop_time: 2062383347966792, actual_exe_time: 26010, task_app_start_time:2062383252357287, task_sched_time:2062383347933732
app_id: 0, app_name: pulse_doppler_api-aarch64, task_id: 80, task_name: DASH_FFT, resource_name: cpu2, ref_start_time: 2062383349112343, ref_stop_time: 2062383349132713, actual_exe_time: 20370, task_app_start_time:2062383252357287, task_sched_time:2062383349109823
app_id: 0, app_name: pulse_doppler_api-aarch64, task_id: 81, task_name: DASH_FFT, resource_name: cpu3, ref_start_time: 2062383349799073, ref_stop_time: 2062383349819413, actual_exe_time: 20340, task_app_start_time:2062383252357287, task_sched_time:2062383349793073
app_id: 0, app_name: pulse_doppler_api-aarch64, task_id: 82, task_name: DASH_ZIP, resource_name: zip1, ref_start_time: 2062383350647443, ref_stop_time: 2062383350686563, actual_exe_time: 39120, task_app_start_time:2062383252357287, task_sched_time:2062383350638053
app_id: 0, app_name: pulse_doppler_api-aarch64, task_id: 83, task_name: DASH_FFT, resource_name: cpu1, ref_start_time: 2062383351274233, ref_stop_time: 2062383351299493, actual_exe_time: 25260, task_app_start_time:2062383252357287, task_sched_time:2062383351268593
app_id: 0, app_name: pulse_doppler_api-aarch64, task_id: 84, task_name: DASH_FFT, resource_name: cpu2, ref_start_time: 2062383352428963, ref_stop_time: 2062383352449033, actual_exe_time: 20070, task_app_start_time:2062383252357287, task_sched_time:2062383352422183
app_id: 0, app_name: pulse_doppler_api-aarch64, task_id: 85, task_name: DASH_FFT, resource_name: cpu3, ref_start_time: 2062383352942863, ref_stop_time: 2062383352963203, actual_exe_time: 20340, task_app_start_time:2062383252357287, task_sched_time:2062383352938063
app_id: 0, app_name: pulse_doppler_api-aarch64, task_id: 86, task_name: DASH_ZIP, resource_name: zip1, ref_start_time: 2062383353757063, ref_stop_time: 2062383353796213, actual_exe_time: 39150, task_app_start_time:2062383252357287, task_sched_time:2062383353753733
app_id: 0, app_name: pulse_doppler_api-aarch64, task_id: 87, task_name: DASH_FFT, resource_name: cpu1, ref_start_time: 2062383354426783, ref_stop_time: 2062383354452223, actual_exe_time: 25440, task_app_start_time:2062383252357287, task_sched_time:2062383354419373
app_id: 0, app_name: pulse_doppler_api-aarch64, task_id: 88, task_name: DASH_FFT, resource_name: cpu2, ref_start_time: 2062383355601404, ref_stop_time: 2062383355621264, actual_exe_time: 19860, task_app_start_time:2062383252357287, task_sched_time:2062383355592674
app_id: 0, app_name: pulse_doppler_api-aarch64, task_id: 89, task_name: DASH_FFT, resource_name: cpu3, ref_start_time: 2062383356068594, ref_stop_time: 2062383356088814, actual_exe_time: 20220, task_app_start_time:2062383252357287, task_sched_time:2062383356065954
app_id: 0, app_name: pulse_doppler_api-aarch64, task_id: 90, task_name: DASH_ZIP, resource_name: zip1, ref_start_time: 2062383356965504, ref_stop_time: 2062383357004264, actual_exe_time: 38760, task_app_start_time:2062383252357287, task_sched_time:2062383356961964
app_id: 0, app_name: pulse_doppler_api-aarch64, task_id: 91, task_name: DASH_FFT, resource_name: cpu1, ref_start_time: 2062383357679234, ref_stop_time: 2062383357704374, actual_exe_time: 25140, task_app_start_time:2062383252357287, task_sched_time:2062383357667924
app_id: 0, app_name: pulse_doppler_api-aarch64, task_id: 92, task_name: DASH_FFT, resource_name: cpu2, ref_start_time: 2062383358971034, ref_stop_time: 2062383358991254, actual_exe_time: 20220, task_app_start_time:2062383252357287, task_sched_time:2062383358965304
app_id: 0, app_name: pulse_doppler_api-aarch64, task_id: 93, task_name: DASH_FFT, resource_name: cpu3, ref_start_time: 2062383359603224, ref_stop_time: 2062383359623354, actual_exe_time: 20130, task_app_start_time:2062383252357287, task_sched_time:2062383359599354
app_id: 0, app_name: pulse_doppler_api-aarch64, task_id: 94, task_name: DASH_ZIP, resource_name: zip1, ref_start_time: 2062383360406564, ref_stop_time: 2062383360446224, actual_exe_time: 39660, task_app_start_time:2062383252357287, task_sched_time:2062383360363094
app_id: 0, app_name: pulse_doppler_api-aarch64, task_id: 95, task_name: DASH_FFT, resource_name: cpu1, ref_start_time: 2062383361132684, ref_stop_time: 2062383361158034, actual_exe_time: 25350, task_app_start_time:2062383252357287, task_sched_time:2062383361119754
app_id: 0, app_name: pulse_doppler_api-aarch64, task_id: 96, task_name: DASH_FFT, resource_name: cpu2, ref_start_time: 2062383362402975, ref_stop_time: 2062383362423135, actual_exe_time: 20160, task_app_start_time:2062383252357287, task_sched_time:2062383362398685
app_id: 0, app_name: pulse_doppler_api-aarch64, task_id: 97, task_name: DASH_FFT, resource_name: cpu3, ref_start_time: 2062383363075785, ref_stop_time: 2062383363096095, actual_exe_time: 20310, task_app_start_time:2062383252357287, task_sched_time:2062383363071495
app_id: 0, app_name: pulse_doppler_api-aarch64, task_id: 98, task_name: DASH_ZIP, resource_name: zip1, ref_start_time: 2062383363928715, ref_stop_time: 2062383363967535, actual_exe_time: 38820, task_app_start_time:2062383252357287, task_sched_time:2062383363923795
app_id: 0, app_name: pulse_doppler_api-aarch64, task_id: 99, task_name: DASH_FFT, resource_name: cpu1, ref_start_time: 2062383364652105, ref_stop_time: 2062383364678265, actual_exe_time: 26160, task_app_start_time:2062383252357287, task_sched_time:2062383364641575
app_id: 0, app_name: pulse_doppler_api-aarch64, task_id: 100, task_name: DASH_FFT, resource_name: cpu2, ref_start_time: 2062383365846405, ref_stop_time: 2062383365866745, actual_exe_time: 20340, task_app_start_time:2062383252357287, task_sched_time:2062383365843075
app_id: 0, app_name: pulse_doppler_api-aarch64, task_id: 101, task_name: DASH_FFT, resource_name: cpu3, ref_start_time: 2062383366519965, ref_stop_time: 2062383366540215, actual_exe_time: 20250, task_app_start_time:2062383252357287, task_sched_time:2062383366513515
app_id: 0, app_name: pulse_doppler_api-aarch64, task_id: 102, task_name: DASH_ZIP, resource_name: zip1, ref_start_time: 2062383367242695, ref_stop_time: 2062383367281935, actual_exe_time: 39240, task_app_start_time:2062383252357287, task_sched_time:2062383367236695
app_id: 0, app_name: pulse_doppler_api-aarch64, task_id: 103, task_name: DASH_FFT, resource_name: cpu1, ref_start_time: 2062383367795446, ref_stop_time: 2062383367822146, actual_exe_time: 26700, task_app_start_time:2062383252357287, task_sched_time:2062383367788786
app_id: 0, app_name: pulse_doppler_api-aarch64, task_id: 104, task_name: DASH_FFT, resource_name: cpu2, ref_start_time: 2062383369135336, ref_stop_time: 2062383369155346, actual_exe_time: 20010, task_app_start_time:2062383252357287, task_sched_time:2062383369127506
app_id: 0, app_name: pulse_doppler_api-aarch64, task_id: 105, task_name: DASH_FFT, resource_name: cpu3, ref_start_time: 2062383369709656, ref_stop_time: 2062383369730146, actual_exe_time: 20490, task_app_start_time:2062383252357287, task_sched_time:2062383369703176
app_id: 0, app_name: pulse_doppler_api-aarch64, task_id: 106, task_name: DASH_ZIP, resource_name: zip1, ref_start_time: 2062383370464156, ref_stop_time: 2062383370503396, actual_exe_time: 39240, task_app_start_time:2062383252357287, task_sched_time:2062383370458996
app_id: 0, app_name: pulse_doppler_api-aarch64, task_id: 107, task_name: DASH_FFT, resource_name: cpu1, ref_start_time: 2062383371277516, ref_stop_time: 2062383371302836, actual_exe_time: 25320, task_app_start_time:2062383252357287, task_sched_time:2062383371270466
app_id: 0, app_name: pulse_doppler_api-aarch64, task_id: 108, task_name: DASH_FFT, resource_name: cpu2, ref_start_time: 2062383372420126, ref_stop_time: 2062383372440736, actual_exe_time: 20610, task_app_start_time:2062383252357287, task_sched_time:2062383372415206
app_id: 0, app_name: pulse_doppler_api-aarch64, task_id: 109, task_name: DASH_FFT, resource_name: cpu3, ref_start_time: 2062383373006236, ref_stop_time: 2062383373026366, actual_exe_time: 20130, task_app_start_time:2062383252357287, task_sched_time:2062383372998316
app_id: 0, app_name: pulse_doppler_api-aarch64, task_id: 110, task_name: DASH_ZIP, resource_name: zip1, ref_start_time: 2062383374002567, ref_stop_time: 2062383374041417, actual_exe_time: 38850, task_app_start_time:2062383252357287, task_sched_time:2062383373998157
app_id: 0, app_name: pulse_doppler_api-aarch64, task_id: 111, task_name: DASH_FFT, resource_name: cpu1, ref_start_time: 2062383374805577, ref_stop_time: 2062383374830777, actual_exe_time: 25200, task_app_start_time:2062383252357287, task_sched_time:2062383374792827
app_id: 0, app_name: pulse_doppler_api-aarch64, task_id: 112, task_name: DASH_FFT, resource_name: cpu2, ref_start_time: 2062383376121977, ref_stop_time: 2062383376141777, actual_exe_time: 19800, task_app_start_time:2062383252357287, task_sched_time:2062383376114507
app_id: 0, app_name: pulse_doppler_api-aarch64, task_id: 113, task_name: DASH_FFT, resource_name: cpu3, ref_start_time: 2062383376806157, ref_stop_time: 2062383376826407, actual_exe_time: 20250, task_app_start_time:2062383252357287, task_sched_time:2062383376802527
app_id: 0, app_name: pulse_doppler_api-aarch64, task_id: 114, task_name: DASH_ZIP, resource_name: zip1, ref_start_time: 2062383377659027, ref_stop_time: 2062383377698147, actual_exe_time: 39120, task_app_start_time:2062383252357287, task_sched_time:2062383377654617
app_id: 0, app_name: pulse_doppler_api-aarch64, task_id: 115, task_name: DASH_FFT, resource_name: cpu1, ref_start_time: 2062383378595027, ref_stop_time: 2062383378621127, actual_exe_time: 26100, task_app_start_time:2062383252357287, task_sched_time:2062383378584887
app_id: 0, app_name: pulse_doppler_api-aarch64, task_id: 116, task_name: DASH_FFT, resource_name: cpu2, ref_start_time: 2062383379739227, ref_stop_time: 2062383379759447, actual_exe_time: 20220, task_app_start_time:2062383252357287, task_sched_time:2062383379730467
app_id: 0, app_name: pulse_doppler_api-aarch64, task_id: 117, task_name: DASH_FFT, resource_name: cpu3, ref_start_time: 2062383380335658, ref_stop_time: 2062383380355728, actual_exe_time: 20070, task_app_start_time:2062383252357287, task_sched_time:2062383380332148
app_id: 0, app_name: pulse_doppler_api-aarch64, task_id: 118, task_name: DASH_ZIP, resource_name: zip1, ref_start_time: 2062383381217568, ref_stop_time: 2062383381257198, actual_exe_time: 39630, task_app_start_time:2062383252357287, task_sched_time:2062383381208238
app_id: 0, app_name: pulse_doppler_api-aarch64, task_id: 119, task_name: DASH_FFT, resource_name: cpu1, ref_start_time: 2062383381845228, ref_stop_time: 2062383381870338, actual_exe_time: 25110, task_app_start_time:2062383252357287, task_sched_time:2062383381836558
app_id: 0, app_name: pulse_doppler_api-aarch64, task_id: 120, task_name: DASH_FFT, resource_name: cpu2, ref_start_time: 2062383382277318, ref_stop_time: 2062383382297478, actual_exe_time: 20160, task_app_start_time:2062383252357287, task_sched_time:2062383382270448
app_id: 0, app_name: pulse_doppler_api-aarch64, task_id: 121, task_name: DASH_FFT, resource_name: cpu3, ref_start_time: 2062383383677838, ref_stop_time: 2062383383697968, actual_exe_time: 20130, task_app_start_time:2062383252357287, task_sched_time:2062383383669408
app_id: 0, app_name: pulse_doppler_api-aarch64, task_id: 122, task_name: DASH_ZIP, resource_name: zip1, ref_start_time: 2062383384784238, ref_stop_time: 2062383384823538, actual_exe_time: 39300, task_app_start_time:2062383252357287, task_sched_time:2062383384777458
app_id: 0, app_name: pulse_doppler_api-aarch64, task_id: 123, task_name: DASH_FFT, resource_name: cpu1, ref_start_time: 2062383385657868, ref_stop_time: 2062383385683908, actual_exe_time: 26040, task_app_start_time:2062383252357287, task_sched_time:2062383385645958
app_id: 0, app_name: pulse_doppler_api-aarch64, task_id: 124, task_name: DASH_FFT, resource_name: cpu2, ref_start_time: 2062383386832099, ref_stop_time: 2062383386852199, actual_exe_time: 20100, task_app_start_time:2062383252357287, task_sched_time:2062383386827869
app_id: 0, app_name: pulse_doppler_api-aarch64, task_id: 125, task_name: DASH_FFT, resource_name: cpu3, ref_start_time: 2062383387416049, ref_stop_time: 2062383387436449, actual_exe_time: 20400, task_app_start_time:2062383252357287, task_sched_time:2062383387408819
app_id: 0, app_name: pulse_doppler_api-aarch64, task_id: 126, task_name: DASH_ZIP, resource_name: zip1, ref_start_time: 2062383388277379, ref_stop_time: 2062383388315929, actual_exe_time: 38550, task_app_start_time:2062383252357287, task_sched_time:2062383388268889
app_id: 0, app_name: pulse_doppler_api-aarch64, task_id: 127, task_name: DASH_FFT, resource_name: cpu1, ref_start_time: 2062383389090439, ref_stop_time: 2062383389116899, actual_exe_time: 26460, task_app_start_time:2062383252357287, task_sched_time:2062383389083359
app_id: 0, app_name: pulse_doppler_api-aarch64, task_id: 128, task_name: DASH_FFT, resource_name: cpu2, ref_start_time: 2062383390594789, ref_stop_time: 2062383390615129, actual_exe_time: 20340, task_app_start_time:2062383252357287, task_sched_time:2062383390585489
app_id: 0, app_name: pulse_doppler_api-aarch64, task_id: 129, task_name: DASH_FFT, resource_name: cpu3, ref_start_time: 2062383391313409, ref_stop_time: 2062383391333899, actual_exe_time: 20490, task_app_start_time:2062383252357287, task_sched_time:2062383391304739
app_id: 0, app_name: pulse_doppler_api-aarch64, task_id: 130, task_name: DASH_ZIP, resource_name: zip1, ref_start_time: 2062383392217819, ref_stop_time: 2062383392256609, actual_exe_time: 38790, task_app_start_time:2062383252357287, task_sched_time:2062383392214999
app_id: 0, app_name: pulse_doppler_api-aarch64, task_id: 131, task_name: DASH_FFT, resource_name: cpu1, ref_start_time: 2062383392994460, ref_stop_time: 2062383393020260, actual_exe_time: 25800, task_app_start_time:2062383252357287, task_sched_time:2062383392991760
app_id: 0, app_name: pulse_doppler_api-aarch64, task_id: 132, task_name: DASH_FFT, resource_name: cpu2, ref_start_time: 2062383394184020, ref_stop_time: 2062383394203970, actual_exe_time: 19950, task_app_start_time:2062383252357287, task_sched_time:2062383394175230
app_id: 0, app_name: pulse_doppler_api-aarch64, task_id: 133, task_name: DASH_FFT, resource_name: cpu3, ref_start_time: 2062383394778290, ref_stop_time: 2062383394798510, actual_exe_time: 20220, task_app_start_time:2062383252357287, task_sched_time:2062383394768750
app_id: 0, app_name: pulse_doppler_api-aarch64, task_id: 134, task_name: DASH_ZIP, resource_name: zip1, ref_start_time: 2062383395849230, ref_stop_time: 2062383395888650, actual_exe_time: 39420, task_app_start_time:2062383252357287, task_sched_time:2062383395843770
app_id: 0, app_name: pulse_doppler_api-aarch64, task_id: 135, task_name: DASH_FFT, resource_name: cpu1, ref_start_time: 2062383396663940, ref_stop_time: 2062383396689740, actual_exe_time: 25800, task_app_start_time:2062383252357287, task_sched_time:2062383396658480
app_id: 0, app_name: pulse_doppler_api-aarch64, task_id: 136, task_name: DASH_FFT, resource_name: cpu2, ref_start_time: 2062383397987990, ref_stop_time: 2062383398008390, actual_exe_time: 20400, task_app_start_time:2062383252357287, task_sched_time:2062383397982740
app_id: 0, app_name: pulse_doppler_api-aarch64, task_id: 137, task_name: DASH_FFT, resource_name: cpu3, ref_start_time: 2062383398704631, ref_stop_time: 2062383398725151, actual_exe_time: 20520, task_app_start_time:2062383252357287, task_sched_time:2062383398697851
app_id: 0, app_name: pulse_doppler_api-aarch64, task_id: 138, task_name: DASH_ZIP, resource_name: zip1, ref_start_time: 2062383399794681, ref_stop_time: 2062383399833381, actual_exe_time: 38700, task_app_start_time:2062383252357287, task_sched_time:2062383399786311
app_id: 0, app_name: pulse_doppler_api-aarch64, task_id: 139, task_name: DASH_FFT, resource_name: cpu1, ref_start_time: 2062383400550921, ref_stop_time: 2062383400577171, actual_exe_time: 26250, task_app_start_time:2062383252357287, task_sched_time:2062383400538171
app_id: 0, app_name: pulse_doppler_api-aarch64, task_id: 140, task_name: DASH_FFT, resource_name: cpu2, ref_start_time: 2062383401921951, ref_stop_time: 2062383401942231, actual_exe_time: 20280, task_app_start_time:2062383252357287, task_sched_time:2062383401913221
app_id: 0, app_name: pulse_doppler_api-aarch64, task_id: 141, task_name: DASH_FFT, resource_name: cpu3, ref_start_time: 2062383402490391, ref_stop_time: 2062383402510641, actual_exe_time: 20250, task_app_start_time:2062383252357287, task_sched_time:2062383402486401
app_id: 0, app_name: pulse_doppler_api-aarch64, task_id: 142, task_name: DASH_ZIP, resource_name: zip1, ref_start_time: 2062383403307981, ref_stop_time: 2062383403347671, actual_exe_time: 39690, task_app_start_time:2062383252357287, task_sched_time:2062383403301771
app_id: 0, app_name: pulse_doppler_api-aarch64, task_id: 143, task_name: DASH_FFT, resource_name: cpu1, ref_start_time: 2062383404107481, ref_stop_time: 2062383404132741, actual_exe_time: 25260, task_app_start_time:2062383252357287, task_sched_time:2062383404096021
app_id: 0, app_name: pulse_doppler_api-aarch64, task_id: 144, task_name: DASH_FFT, resource_name: cpu2, ref_start_time: 2062383405302022, ref_stop_time: 2062383405322512, actual_exe_time: 20490, task_app_start_time:2062383252357287, task_sched_time:2062383405298842
app_id: 0, app_name: pulse_doppler_api-aarch64, task_id: 145, task_name: DASH_FFT, resource_name: cpu3, ref_start_time: 2062383405778122, ref_stop_time: 2062383405798552, actual_exe_time: 20430, task_app_start_time:2062383252357287, task_sched_time:2062383405773112
app_id: 0, app_name: pulse_doppler_api-aarch64, task_id: 146, task_name: DASH_ZIP, resource_name: zip1, ref_start_time: 2062383406466562, ref_stop_time: 2062383406505172, actual_exe_time: 38610, task_app_start_time:2062383252357287, task_sched_time:2062383406458822
app_id: 0, app_name: pulse_doppler_api-aarch64, task_id: 147, task_name: DASH_FFT, resource_name: cpu1, ref_start_time: 2062383407100372, ref_stop_time: 2062383407125422, actual_exe_time: 25050, task_app_start_time:2062383252357287, task_sched_time:2062383407096922
app_id: 0, app_name: pulse_doppler_api-aarch64, task_id: 148, task_name: DASH_FFT, resource_name: cpu2, ref_start_time: 2062383408148662, ref_stop_time: 2062383408168552, actual_exe_time: 19890, task_app_start_time:2062383252357287, task_sched_time:2062383408144162
app_id: 0, app_name: pulse_doppler_api-aarch64, task_id: 149, task_name: DASH_FFT, resource_name: cpu3, ref_start_time: 2062383408775002, ref_stop_time: 2062383408795372, actual_exe_time: 20370, task_app_start_time:2062383252357287, task_sched_time:2062383408769662
app_id: 0, app_name: pulse_doppler_api-aarch64, task_id: 150, task_name: DASH_ZIP, resource_name: zip1, ref_start_time: 2062383409526292, ref_stop_time: 2062383409564872, actual_exe_time: 38580, task_app_start_time:2062383252357287, task_sched_time:2062383409522212
app_id: 0, app_name: pulse_doppler_api-aarch64, task_id: 151, task_name: DASH_FFT, resource_name: cpu1, ref_start_time: 2062383410461272, ref_stop_time: 2062383410486412, actual_exe_time: 25140, task_app_start_time:2062383252357287, task_sched_time:2062383410453562
app_id: 0, app_name: pulse_doppler_api-aarch64, task_id: 152, task_name: DASH_FFT, resource_name: cpu2, ref_start_time: 2062383411142783, ref_stop_time: 2062383411162823, actual_exe_time: 20040, task_app_start_time:2062383252357287, task_sched_time:2062383411139243
app_id: 0, app_name: pulse_doppler_api-aarch64, task_id: 153, task_name: DASH_FFT, resource_name: cpu3, ref_start_time: 2062383411693733, ref_stop_time: 2062383411713863, actual_exe_time: 20130, task_app_start_time:2062383252357287, task_sched_time:2062383411691333
app_id: 0, app_name: pulse_doppler_api-aarch64, task_id: 154, task_name: DASH_ZIP, resource_name: zip1, ref_start_time: 2062383412538353, ref_stop_time: 2062383412577773, actual_exe_time: 39420, task_app_start_time:2062383252357287, task_sched_time:2062383412533373
app_id: 0, app_name: pulse_doppler_api-aarch64, task_id: 155, task_name: DASH_FFT, resource_name: cpu1, ref_start_time: 2062383413098573, ref_stop_time: 2062383413123923, actual_exe_time: 25350, task_app_start_time:2062383252357287, task_sched_time:2062383413086453
app_id: 0, app_name: pulse_doppler_api-aarch64, task_id: 156, task_name: DASH_FFT, resource_name: cpu2, ref_start_time: 2062383413761183, ref_stop_time: 2062383413781493, actual_exe_time: 20310, task_app_start_time:2062383252357287, task_sched_time:2062383413758363
app_id: 0, app_name: pulse_doppler_api-aarch64, task_id: 157, task_name: DASH_FFT, resource_name: cpu3, ref_start_time: 2062383414378703, ref_stop_time: 2062383414398833, actual_exe_time: 20130, task_app_start_time:2062383252357287, task_sched_time:2062383414369523
app_id: 0, app_name: pulse_doppler_api-aarch64, task_id: 158, task_name: DASH_ZIP, resource_name: zip1, ref_start_time: 2062383415308493, ref_stop_time: 2062383415347553, actual_exe_time: 39060, task_app_start_time:2062383252357287, task_sched_time:2062383415300693
app_id: 0, app_name: pulse_doppler_api-aarch64, task_id: 159, task_name: DASH_FFT, resource_name: cpu1, ref_start_time: 2062383416159503, ref_stop_time: 2062383416185423, actual_exe_time: 25920, task_app_start_time:2062383252357287, task_sched_time:2062383416154223
app_id: 0, app_name: pulse_doppler_api-aarch64, task_id: 160, task_name: DASH_FFT, resource_name: cpu2, ref_start_time: 2062383416854813, ref_stop_time: 2062383416875423, actual_exe_time: 20610, task_app_start_time:2062383252357287, task_sched_time:2062383416847433
app_id: 0, app_name: pulse_doppler_api-aarch64, task_id: 161, task_name: DASH_FFT, resource_name: cpu3, ref_start_time: 2062383417526634, ref_stop_time: 2062383417546944, actual_exe_time: 20310, task_app_start_time:2062383252357287, task_sched_time:2062383417517034
app_id: 0, app_name: pulse_doppler_api-aarch64, task_id: 162, task_name: DASH_ZIP, resource_name: zip1, ref_start_time: 2062383418277444, ref_stop_time: 2062383418316474, actual_exe_time: 39030, task_app_start_time:2062383252357287, task_sched_time:2062383418274234
app_id: 0, app_name: pulse_doppler_api-aarch64, task_id: 163, task_name: DASH_FFT, resource_name: cpu1, ref_start_time: 2062383418954964, ref_stop_time: 2062383418980464, actual_exe_time: 25500, task_app_start_time:2062383252357287, task_sched_time:2062383418943534
app_id: 0, app_name: pulse_doppler_api-aarch64, task_id: 164, task_name: DASH_FFT, resource_name: cpu2, ref_start_time: 2062383419719484, ref_stop_time: 2062383419739344, actual_exe_time: 19860, task_app_start_time:2062383252357287, task_sched_time:2062383419715494
app_id: 0, app_name: pulse_doppler_api-aarch64, task_id: 165, task_name: DASH_FFT, resource_name: cpu3, ref_start_time: 2062383420346124, ref_stop_time: 2062383420366194, actual_exe_time: 20070, task_app_start_time:2062383252357287, task_sched_time:2062383420341774
app_id: 0, app_name: pulse_doppler_api-aarch64, task_id: 166, task_name: DASH_ZIP, resource_name: zip1, ref_start_time: 2062383421120514, ref_stop_time: 2062383421159334, actual_exe_time: 38820, task_app_start_time:2062383252357287, task_sched_time:2062383421114754
app_id: 0, app_name: pulse_doppler_api-aarch64, task_id: 167, task_name: DASH_FFT, resource_name: cpu1, ref_start_time: 2062383422059004, ref_stop_time: 2062383422084384, actual_exe_time: 25380, task_app_start_time:2062383252357287, task_sched_time:2062383422055884
app_id: 0, app_name: pulse_doppler_api-aarch64, task_id: 168, task_name: DASH_FFT, resource_name: cpu2, ref_start_time: 2062383422932364, ref_stop_time: 2062383422953664, actual_exe_time: 21300, task_app_start_time:2062383252357287, task_sched_time:2062383422924504
app_id: 0, app_name: pulse_doppler_api-aarch64, task_id: 169, task_name: DASH_FFT, resource_name: cpu3, ref_start_time: 2062383423485205, ref_stop_time: 2062383423505275, actual_exe_time: 20070, task_app_start_time:2062383252357287, task_sched_time:2062383423482835
app_id: 0, app_name: pulse_doppler_api-aarch64, task_id: 170, task_name: DASH_ZIP, resource_name: zip1, ref_start_time: 2062383424177575, ref_stop_time: 2062383424216605, actual_exe_time: 39030, task_app_start_time:2062383252357287, task_sched_time:2062383424170825
app_id: 0, app_name: pulse_doppler_api-aarch64, task_id: 171, task_name: DASH_FFT, resource_name: cpu1, ref_start_time: 2062383424823145, ref_stop_time: 2062383424848135, actual_exe_time: 24990, task_app_start_time:2062383252357287, task_sched_time:2062383424811145
app_id: 0, app_name: pulse_doppler_api-aarch64, task_id: 172, task_name: DASH_FFT, resource_name: cpu2, ref_start_time: 2062383425646165, ref_stop_time: 2062383425666565, actual_exe_time: 20400, task_app_start_time:2062383252357287, task_sched_time:2062383425640585
app_id: 0, app_name: pulse_doppler_api-aarch64, task_id: 173, task_name: DASH_FFT, resource_name: cpu3, ref_start_time: 2062383426217185, ref_stop_time: 2062383426237555, actual_exe_time: 20370, task_app_start_time:2062383252357287, task_sched_time:2062383426208125
app_id: 0, app_name: pulse_doppler_api-aarch64, task_id: 174, task_name: DASH_ZIP, resource_name: zip1, ref_start_time: 2062383426873525, ref_stop_time: 2062383426912945, actual_exe_time: 39420, task_app_start_time:2062383252357287, task_sched_time:2062383426870915
app_id: 0, app_name: pulse_doppler_api-aarch64, task_id: 175, task_name: DASH_FFT, resource_name: cpu1, ref_start_time: 2062383427645425, ref_stop_time: 2062383427670925, actual_exe_time: 25500, task_app_start_time:2062383252357287, task_sched_time:2062383427640895
app_id: 0, app_name: pulse_doppler_api-aarch64, task_id: 176, task_name: DASH_FFT, resource_name: cpu2, ref_start_time: 2062383428337045, ref_stop_time: 2062383428356995, actual_exe_time: 19950, task_app_start_time:2062383252357287, task_sched_time:2062383428328045
app_id: 0, app_name: pulse_doppler_api-aarch64, task_id: 177, task_name: DASH_FFT, resource_name: cpu3, ref_start_time: 2062383428986545, ref_stop_time: 2062383429006945, actual_exe_time: 20400, task_app_start_time:2062383252357287, task_sched_time:2062383428981085
app_id: 0, app_name: pulse_doppler_api-aarch64, task_id: 178, task_name: DASH_ZIP, resource_name: zip1, ref_start_time: 2062383429757396, ref_stop_time: 2062383429796186, actual_exe_time: 38790, task_app_start_time:2062383252357287, task_sched_time:2062383429753166
app_id: 0, app_name: pulse_doppler_api-aarch64, task_id: 179, task_name: DASH_FFT, resource_name: cpu1, ref_start_time: 2062383430390156, ref_stop_time: 2062383430415176, actual_exe_time: 25020, task_app_start_time:2062383252357287, task_sched_time:2062383430385176
app_id: 0, app_name: pulse_doppler_api-aarch64, task_id: 180, task_name: DASH_FFT, resource_name: cpu2, ref_start_time: 2062383431190016, ref_stop_time: 2062383431210326, actual_exe_time: 20310, task_app_start_time:2062383252357287, task_sched_time:2062383431182306
app_id: 0, app_name: pulse_doppler_api-aarch64, task_id: 181, task_name: DASH_FFT, resource_name: cpu3, ref_start_time: 2062383431766286, ref_stop_time: 2062383431786236, actual_exe_time: 19950, task_app_start_time:2062383252357287, task_sched_time:2062383431757106
app_id: 0, app_name: pulse_doppler_api-aarch64, task_id: 182, task_name: DASH_ZIP, resource_name: zip1, ref_start_time: 2062383432476776, ref_stop_time: 2062383432516646, actual_exe_time: 39870, task_app_start_time:2062383252357287, task_sched_time:2062383432469096
app_id: 0, app_name: pulse_doppler_api-aarch64, task_id: 183, task_name: DASH_FFT, resource_name: cpu1, ref_start_time: 2062383433184926, ref_stop_time: 2062383433209856, actual_exe_time: 24930, task_app_start_time:2062383252357287, task_sched_time:2062383433172326
app_id: 0, app_name: pulse_doppler_api-aarch64, task_id: 184, task_name: DASH_FFT, resource_name: cpu2, ref_start_time: 2062383434022796, ref_stop_time: 2062383434043256, actual_exe_time: 20460, task_app_start_time:2062383252357287, task_sched_time:2062383434020156
app_id: 0, app_name: pulse_doppler_api-aarch64, task_id: 185, task_name: DASH_FFT, resource_name: cpu3, ref_start_time: 2062383434653876, ref_stop_time: 2062383434673976, actual_exe_time: 20100, task_app_start_time:2062383252357287, task_sched_time:2062383434645536
app_id: 0, app_name: pulse_doppler_api-aarch64, task_id: 186, task_name: DASH_ZIP, resource_name: zip1, ref_start_time: 2062383435579646, ref_stop_time: 2062383435618436, actual_exe_time: 38790, task_app_start_time:2062383252357287, task_sched_time:2062383435572716
app_id: 0, app_name: pulse_doppler_api-aarch64, task_id: 187, task_name: DASH_FFT, resource_name: cpu1, ref_start_time: 2062383436381007, ref_stop_time: 2062383436406567, actual_exe_time: 25560, task_app_start_time:2062383252357287, task_sched_time:2062383436365167
app_id: 0, app_name: pulse_doppler_api-aarch64, task_id: 188, task_name: DASH_FFT, resource_name: cpu2, ref_start_time: 2062383437186237, ref_stop_time: 2062383437206457, actual_exe_time: 20220, task_app_start_time:2062383252357287, task_sched_time:2062383437178497
app_id: 0, app_name: pulse_doppler_api-aarch64, task_id: 189, task_name: DASH_FFT, resource_name: cpu3, ref_start_time: 2062383437759957, ref_stop_time: 2062383437780237, actual_exe_time: 20280, task_app_start_time:2062383252357287, task_sched_time:2062383437755307
app_id: 0, app_name: pulse_doppler_api-aarch64, task_id: 190, task_name: DASH_ZIP, resource_name: zip1, ref_start_time: 2062383438342887, ref_stop_time: 2062383438382217, actual_exe_time: 39330, task_app_start_time:2062383252357287, task_sched_time:2062383438334067
app_id: 0, app_name: pulse_doppler_api-aarch64, task_id: 191, task_name: DASH_FFT, resource_name: cpu1, ref_start_time: 2062383439169687, ref_stop_time: 2062383439195637, actual_exe_time: 25950, task_app_start_time:2062383252357287, task_sched_time:2062383439163777
app_id: 0, app_name: pulse_doppler_api-aarch64, task_id: 192, task_name: DASH_FFT, resource_name: cpu2, ref_start_time: 2062383439908767, ref_stop_time: 2062383439928807, actual_exe_time: 20040, task_app_start_time:2062383252357287, task_sched_time:2062383439899257
app_id: 0, app_name: pulse_doppler_api-aarch64, task_id: 193, task_name: DASH_FFT, resource_name: cpu3, ref_start_time: 2062383440489537, ref_stop_time: 2062383440510087, actual_exe_time: 20550, task_app_start_time:2062383252357287, task_sched_time:2062383440482247
app_id: 0, app_name: pulse_doppler_api-aarch64, task_id: 194, task_name: DASH_ZIP, resource_name: zip1, ref_start_time: 2062383441323687, ref_stop_time: 2062383441362657, actual_exe_time: 38970, task_app_start_time:2062383252357287, task_sched_time:2062383441318437
app_id: 0, app_name: pulse_doppler_api-aarch64, task_id: 195, task_name: DASH_FFT, resource_name: cpu1, ref_start_time: 2062383441876947, ref_stop_time: 2062383441902057, actual_exe_time: 25110, task_app_start_time:2062383252357287, task_sched_time:2062383441873467
app_id: 0, app_name: pulse_doppler_api-aarch64, task_id: 196, task_name: DASH_FFT, resource_name: cpu2, ref_start_time: 2062383442564818, ref_stop_time: 2062383442585098, actual_exe_time: 20280, task_app_start_time:2062383252357287, task_sched_time:2062383442560498
app_id: 0, app_name: pulse_doppler_api-aarch64, task_id: 197, task_name: DASH_FFT, resource_name: cpu3, ref_start_time: 2062383443131578, ref_stop_time: 2062383443151858, actual_exe_time: 20280, task_app_start_time:2062383252357287, task_sched_time:2062383443127408
app_id: 0, app_name: pulse_doppler_api-aarch64, task_id: 198, task_name: DASH_ZIP, resource_name: zip1, ref_start_time: 2062383443939328, ref_stop_time: 2062383443978418, actual_exe_time: 39090, task_app_start_time:2062383252357287, task_sched_time:2062383443930838
app_id: 0, app_name: pulse_doppler_api-aarch64, task_id: 199, task_name: DASH_FFT, resource_name: cpu1, ref_start_time: 2062383444831228, ref_stop_time: 2062383444856218, actual_exe_time: 24990, task_app_start_time:2062383252357287, task_sched_time:2062383444826038
app_id: 0, app_name: pulse_doppler_api-aarch64, task_id: 200, task_name: DASH_FFT, resource_name: cpu2, ref_start_time: 2062383445715208, ref_stop_time: 2062383445735518, actual_exe_time: 20310, task_app_start_time:2062383252357287, task_sched_time:2062383445708818
app_id: 0, app_name: pulse_doppler_api-aarch64, task_id: 201, task_name: DASH_FFT, resource_name: cpu3, ref_start_time: 2062383446348418, ref_stop_time: 2062383446368548, actual_exe_time: 20130, task_app_start_time:2062383252357287, task_sched_time:2062383446343828
app_id: 0, app_name: pulse_doppler_api-aarch64, task_id: 202, task_name: DASH_ZIP, resource_name: zip1, ref_start_time: 2062383447072168, ref_stop_time: 2062383447111228, actual_exe_time: 39060, task_app_start_time:2062383252357287, task_sched_time:2062383447065928
app_id: 0, app_name: pulse_doppler_api-aarch64, task_id: 203, task_name: DASH_FFT, resource_name: cpu1, ref_start_time: 2062383447635568, ref_stop_time: 2062383447660678, actual_exe_time: 25110, task_app_start_time:2062383252357287, task_sched_time:2062383447622968
app_id: 0, app_name: pulse_doppler_api-aarch64, task_id: 204, task_name: DASH_FFT, resource_name: cpu2, ref_start_time: 2062383448502509, ref_stop_time: 2062383448522729, actual_exe_time: 20220, task_app_start_time:2062383252357287, task_sched_time:2062383448497919
app_id: 0, app_name: pulse_doppler_api-aarch64, task_id: 205, task_name: DASH_FFT, resource_name: cpu3, ref_start_time: 2062383448867069, ref_stop_time: 2062383448887229, actual_exe_time: 20160, task_app_start_time:2062383252357287, task_sched_time:2062383448857739
app_id: 0, app_name: pulse_doppler_api-aarch64, task_id: 206, task_name: DASH_ZIP, resource_name: zip1, ref_start_time: 2062383450090769, ref_stop_time: 2062383450129949, actual_exe_time: 39180, task_app_start_time:2062383252357287, task_sched_time:2062383450086179
app_id: 0, app_name: pulse_doppler_api-aarch64, task_id: 207, task_name: DASH_FFT, resource_name: cpu1, ref_start_time: 2062383450777829, ref_stop_time: 2062383450804829, actual_exe_time: 27000, task_app_start_time:2062383252357287, task_sched_time:2062383450765229
app_id: 0, app_name: pulse_doppler_api-aarch64, task_id: 208, task_name: DASH_FFT, resource_name: cpu2, ref_start_time: 2062383451540909, ref_stop_time: 2062383451560919, actual_exe_time: 20010, task_app_start_time:2062383252357287, task_sched_time:2062383451533439
app_id: 0, app_name: pulse_doppler_api-aarch64, task_id: 209, task_name: DASH_FFT, resource_name: cpu3, ref_start_time: 2062383452024209, ref_stop_time: 2062383452044219, actual_exe_time: 20010, task_app_start_time:2062383252357287, task_sched_time:2062383452018689
app_id: 0, app_name: pulse_doppler_api-aarch64, task_id: 210, task_name: DASH_ZIP, resource_name: zip1, ref_start_time: 2062383452772199, ref_stop_time: 2062383452811559, actual_exe_time: 39360, task_app_start_time:2062383252357287, task_sched_time:2062383452767729
app_id: 0, app_name: pulse_doppler_api-aarch64, task_id: 211, task_name: DASH_FFT, resource_name: cpu1, ref_start_time: 2062383453500749, ref_stop_time: 2062383453526669, actual_exe_time: 25920, task_app_start_time:2062383252357287, task_sched_time:2062383453490609
app_id: 0, app_name: pulse_doppler_api-aarch64, task_id: 212, task_name: DASH_FFT, resource_name: cpu2, ref_start_time: 2062383454275979, ref_stop_time: 2062383454296109, actual_exe_time: 20130, task_app_start_time:2062383252357287, task_sched_time:2062383454269859
app_id: 0, app_name: pulse_doppler_api-aarch64, task_id: 213, task_name: DASH_FFT, resource_name: cpu3, ref_start_time: 2062383454810100, ref_stop_time: 2062383454830080, actual_exe_time: 19980, task_app_start_time:2062383252357287, task_sched_time:2062383454805420
app_id: 0, app_name: pulse_doppler_api-aarch64, task_id: 214, task_name: DASH_ZIP, resource_name: zip1, ref_start_time: 2062383455671970, ref_stop_time: 2062383455710370, actual_exe_time: 38400, task_app_start_time:2062383252357287, task_sched_time:2062383455667590
app_id: 0, app_name: pulse_doppler_api-aarch64, task_id: 215, task_name: DASH_FFT, resource_name: cpu1, ref_start_time: 2062383456441020, ref_stop_time: 2062383456466400, actual_exe_time: 25380, task_app_start_time:2062383252357287, task_sched_time:2062383456432440
app_id: 0, app_name: pulse_doppler_api-aarch64, task_id: 216, task_name: DASH_FFT, resource_name: cpu2, ref_start_time: 2062383457312490, ref_stop_time: 2062383457332500, actual_exe_time: 20010, task_app_start_time:2062383252357287, task_sched_time:2062383457305170
app_id: 0, app_name: pulse_doppler_api-aarch64, task_id: 217, task_name: DASH_FFT, resource_name: cpu3, ref_start_time: 2062383457849700, ref_stop_time: 2062383457869920, actual_exe_time: 20220, task_app_start_time:2062383252357287, task_sched_time:2062383457842980
app_id: 0, app_name: pulse_doppler_api-aarch64, task_id: 218, task_name: DASH_ZIP, resource_name: zip1, ref_start_time: 2062383458638550, ref_stop_time: 2062383458677310, actual_exe_time: 38760, task_app_start_time:2062383252357287, task_sched_time:2062383458630210
app_id: 0, app_name: pulse_doppler_api-aarch64, task_id: 219, task_name: DASH_FFT, resource_name: cpu1, ref_start_time: 2062383459391490, ref_stop_time: 2062383459416870, actual_exe_time: 25380, task_app_start_time:2062383252357287, task_sched_time:2062383459379850
app_id: 0, app_name: pulse_doppler_api-aarch64, task_id: 220, task_name: DASH_FFT, resource_name: cpu2, ref_start_time: 2062383459868130, ref_stop_time: 2062383459888020, actual_exe_time: 19890, task_app_start_time:2062383252357287, task_sched_time:2062383459864140
app_id: 0, app_name: pulse_doppler_api-aarch64, task_id: 221, task_name: DASH_FFT, resource_name: cpu3, ref_start_time: 2062383460901601, ref_stop_time: 2062383460921941, actual_exe_time: 20340, task_app_start_time:2062383252357287, task_sched_time:2062383460894131
app_id: 0, app_name: pulse_doppler_api-aarch64, task_id: 222, task_name: DASH_ZIP, resource_name: zip1, ref_start_time: 2062383461888091, ref_stop_time: 2062383461936061, actual_exe_time: 47970, task_app_start_time:2062383252357287, task_sched_time:2062383461884671
app_id: 0, app_name: pulse_doppler_api-aarch64, task_id: 223, task_name: DASH_FFT, resource_name: cpu1, ref_start_time: 2062383462699621, ref_stop_time: 2062383462725391, actual_exe_time: 25770, task_app_start_time:2062383252357287, task_sched_time:2062383462689961
app_id: 0, app_name: pulse_doppler_api-aarch64, task_id: 224, task_name: DASH_FFT, resource_name: cpu2, ref_start_time: 2062383463542591, ref_stop_time: 2062383463562691, actual_exe_time: 20100, task_app_start_time:2062383252357287, task_sched_time:2062383463536891
app_id: 0, app_name: pulse_doppler_api-aarch64, task_id: 225, task_name: DASH_FFT, resource_name: cpu3, ref_start_time: 2062383464078661, ref_stop_time: 2062383464098791, actual_exe_time: 20130, task_app_start_time:2062383252357287, task_sched_time:2062383464073111
app_id: 0, app_name: pulse_doppler_api-aarch64, task_id: 226, task_name: DASH_ZIP, resource_name: zip1, ref_start_time: 2062383464902671, ref_stop_time: 2062383464942241, actual_exe_time: 39570, task_app_start_time:2062383252357287, task_sched_time:2062383464896161
app_id: 0, app_name: pulse_doppler_api-aarch64, task_id: 227, task_name: DASH_FFT, resource_name: cpu1, ref_start_time: 2062383465767781, ref_stop_time: 2062383465793881, actual_exe_time: 26100, task_app_start_time:2062383252357287, task_sched_time:2062383465757641
app_id: 0, app_name: pulse_doppler_api-aarch64, task_id: 228, task_name: DASH_FFT, resource_name: cpu2, ref_start_time: 2062383466357131, ref_stop_time: 2062383466377081, actual_exe_time: 19950, task_app_start_time:2062383252357287, task_sched_time:2062383466352811
app_id: 0, app_name: pulse_doppler_api-aarch64, task_id: 229, task_name: DASH_FFT, resource_name: cpu3, ref_start_time: 2062383467155852, ref_stop_time: 2062383467176042, actual_exe_time: 20190, task_app_start_time:2062383252357287, task_sched_time:2062383467149612
app_id: 0, app_name: pulse_doppler_api-aarch64, task_id: 230, task_name: DASH_ZIP, resource_name: zip1, ref_start_time: 2062383468002512, ref_stop_time: 2062383468041542, actual_exe_time: 39030, task_app_start_time:2062383252357287, task_sched_time:2062383467994562
app_id: 0, app_name: pulse_doppler_api-aarch64, task_id: 231, task_name: DASH_FFT, resource_name: cpu1, ref_start_time: 2062383468753892, ref_stop_time: 2062383468779962, actual_exe_time: 26070, task_app_start_time:2062383252357287, task_sched_time:2062383468747352
app_id: 0, app_name: pulse_doppler_api-aarch64, task_id: 232, task_name: DASH_FFT, resource_name: cpu2, ref_start_time: 2062383469578742, ref_stop_time: 2062383469598842, actual_exe_time: 20100, task_app_start_time:2062383252357287, task_sched_time:2062383469572262
app_id: 0, app_name: pulse_doppler_api-aarch64, task_id: 233, task_name: DASH_FFT, resource_name: cpu3, ref_start_time: 2062383470026372, ref_stop_time: 2062383470046802, actual_exe_time: 20430, task_app_start_time:2062383252357287, task_sched_time:2062383470017072
app_id: 0, app_name: pulse_doppler_api-aarch64, task_id: 234, task_name: DASH_ZIP, resource_name: zip1, ref_start_time: 2062383470815972, ref_stop_time: 2062383470854552, actual_exe_time: 38580, task_app_start_time:2062383252357287, task_sched_time:2062383470807092
app_id: 0, app_name: pulse_doppler_api-aarch64, task_id: 235, task_name: DASH_FFT, resource_name: cpu1, ref_start_time: 2062383471497092, ref_stop_time: 2062383471522232, actual_exe_time: 25140, task_app_start_time:2062383252357287, task_sched_time:2062383471489052
app_id: 0, app_name: pulse_doppler_api-aarch64, task_id: 236, task_name: DASH_FFT, resource_name: cpu2, ref_start_time: 2062383472024372, ref_stop_time: 2062383472044592, actual_exe_time: 20220, task_app_start_time:2062383252357287, task_sched_time:2062383472021042
app_id: 0, app_name: pulse_doppler_api-aarch64, task_id: 237, task_name: DASH_FFT, resource_name: cpu3, ref_start_time: 2062383472608832, ref_stop_time: 2062383472629022, actual_exe_time: 20190, task_app_start_time:2062383252357287, task_sched_time:2062383472603042
app_id: 0, app_name: pulse_doppler_api-aarch64, task_id: 238, task_name: DASH_ZIP, resource_name: zip1, ref_start_time: 2062383473326583, ref_stop_time: 2062383473366063, actual_exe_time: 39480, task_app_start_time:2062383252357287, task_sched_time:2062383473314343
app_id: 0, app_name: pulse_doppler_api-aarch64, task_id: 239, task_name: DASH_FFT, resource_name: cpu1, ref_start_time: 2062383474063983, ref_stop_time: 2062383474089123, actual_exe_time: 25140, task_app_start_time:2062383252357287, task_sched_time:2062383474052943
app_id: 0, app_name: pulse_doppler_api-aarch64, task_id: 240, task_name: DASH_FFT, resource_name: cpu2, ref_start_time: 2062383474907073, ref_stop_time: 2062383474927473, actual_exe_time: 20400, task_app_start_time:2062383252357287, task_sched_time:2062383474900623
app_id: 0, app_name: pulse_doppler_api-aarch64, task_id: 241, task_name: DASH_FFT, resource_name: cpu3, ref_start_time: 2062383475616663, ref_stop_time: 2062383475637063, actual_exe_time: 20400, task_app_start_time:2062383252357287, task_sched_time:2062383475613903
app_id: 0, app_name: pulse_doppler_api-aarch64, task_id: 242, task_name: DASH_ZIP, resource_name: zip1, ref_start_time: 2062383476458763, ref_stop_time: 2062383476498063, actual_exe_time: 39300, task_app_start_time:2062383252357287, task_sched_time:2062383476453123
app_id: 0, app_name: pulse_doppler_api-aarch64, task_id: 243, task_name: DASH_FFT, resource_name: cpu1, ref_start_time: 2062383476947913, ref_stop_time: 2062383476974373, actual_exe_time: 26460, task_app_start_time:2062383252357287, task_sched_time:2062383476937263
app_id: 0, app_name: pulse_doppler_api-aarch64, task_id: 244, task_name: DASH_FFT, resource_name: cpu2, ref_start_time: 2062383477991733, ref_stop_time: 2062383478012643, actual_exe_time: 20910, task_app_start_time:2062383252357287, task_sched_time:2062383477982703
app_id: 0, app_name: pulse_doppler_api-aarch64, task_id: 245, task_name: DASH_FFT, resource_name: cpu3, ref_start_time: 2062383478521083, ref_stop_time: 2062383478541273, actual_exe_time: 20190, task_app_start_time:2062383252357287, task_sched_time:2062383478515233
app_id: 0, app_name: pulse_doppler_api-aarch64, task_id: 246, task_name: DASH_ZIP, resource_name: zip1, ref_start_time: 2062383479310023, ref_stop_time: 2062383479348693, actual_exe_time: 38670, task_app_start_time:2062383252357287, task_sched_time:2062383479304203
app_id: 0, app_name: pulse_doppler_api-aarch64, task_id: 247, task_name: DASH_FFT, resource_name: cpu1, ref_start_time: 2062383480020724, ref_stop_time: 2062383480046584, actual_exe_time: 25860, task_app_start_time:2062383252357287, task_sched_time:2062383480015024
app_id: 0, app_name: pulse_doppler_api-aarch64, task_id: 248, task_name: DASH_FFT, resource_name: cpu2, ref_start_time: 2062383480701424, ref_stop_time: 2062383480721824, actual_exe_time: 20400, task_app_start_time:2062383252357287, task_sched_time:2062383480697014
app_id: 0, app_name: pulse_doppler_api-aarch64, task_id: 249, task_name: DASH_FFT, resource_name: cpu3, ref_start_time: 2062383481074654, ref_stop_time: 2062383481094874, actual_exe_time: 20220, task_app_start_time:2062383252357287, task_sched_time:2062383481070124
app_id: 0, app_name: pulse_doppler_api-aarch64, task_id: 250, task_name: DASH_ZIP, resource_name: zip1, ref_start_time: 2062383482042724, ref_stop_time: 2062383482081394, actual_exe_time: 38670, task_app_start_time:2062383252357287, task_sched_time:2062383482039574
app_id: 0, app_name: pulse_doppler_api-aarch64, task_id: 251, task_name: DASH_FFT, resource_name: cpu1, ref_start_time: 2062383482690754, ref_stop_time: 2062383482716314, actual_exe_time: 25560, task_app_start_time:2062383252357287, task_sched_time:2062383482682564
app_id: 0, app_name: pulse_doppler_api-aarch64, task_id: 252, task_name: DASH_FFT, resource_name: cpu2, ref_start_time: 2062383483352494, ref_stop_time: 2062383483372384, actual_exe_time: 19890, task_app_start_time:2062383252357287, task_sched_time:2062383483345624
app_id: 0, app_name: pulse_doppler_api-aarch64, task_id: 253, task_name: DASH_FFT, resource_name: cpu3, ref_start_time: 2062383484015854, ref_stop_time: 2062383484035774, actual_exe_time: 19920, task_app_start_time:2062383252357287, task_sched_time:2062383484011804
app_id: 0, app_name: pulse_doppler_api-aarch64, task_id: 254, task_name: DASH_ZIP, resource_name: zip1, ref_start_time: 2062383484803204, ref_stop_time: 2062383484843074, actual_exe_time: 39870, task_app_start_time:2062383252357287, task_sched_time:2062383484794474
app_id: 0, app_name: pulse_doppler_api-aarch64, task_id: 255, task_name: DASH_FFT, resource_name: cpu1, ref_start_time: 2062383485477934, ref_stop_time: 2062383485504304, actual_exe_time: 26370, task_app_start_time:2062383252357287, task_sched_time:2062383485474424
app_id: 0, app_name: pulse_doppler_api-aarch64, task_id: 256, task_name: DASH_FFT, resource_name: cpu2, ref_start_time: 2062383486446305, ref_stop_time: 2062383486466555, actual_exe_time: 20250, task_app_start_time:2062383252357287, task_sched_time:2062383486441025
app_id: 0, app_name: pulse_doppler_api-aarch64, task_id: 257, task_name: DASH_FFT, resource_name: cpu3, ref_start_time: 2062383487067665, ref_stop_time: 2062383487087885, actual_exe_time: 20220, task_app_start_time:2062383252357287, task_sched_time:2062383487058275
app_id: 0, app_name: pulse_doppler_api-aarch64, task_id: 258, task_name: DASH_ZIP, resource_name: zip1, ref_start_time: 2062383487935505, ref_stop_time: 2062383487974475, actual_exe_time: 38970, task_app_start_time:2062383252357287, task_sched_time:2062383487928695
app_id: 0, app_name: pulse_doppler_api-aarch64, task_id: 259, task_name: DASH_FFT, resource_name: cpu1, ref_start_time: 2062383488770765, ref_stop_time: 2062383488795995, actual_exe_time: 25230, task_app_start_time:2062383252357287, task_sched_time:2062383488766565
app_id: 0, app_name: pulse_doppler_api-aarch64, task_id: 260, task_name: DASH_FFT, resource_name: cpu2, ref_start_time: 2062383489545335, ref_stop_time: 2062383489565405, actual_exe_time: 20070, task_app_start_time:2062383252357287, task_sched_time:2062383489536095
app_id: 0, app_name: pulse_doppler_api-aarch64, task_id: 261, task_name: DASH_FFT, resource_name: cpu3, ref_start_time: 2062383490125895, ref_stop_time: 2062383490145935, actual_exe_time: 20040, task_app_start_time:2062383252357287, task_sched_time:2062383490117285
app_id: 0, app_name: pulse_doppler_api-aarch64, task_id: 262, task_name: DASH_ZIP, resource_name: zip1, ref_start_time: 2062383490904005, ref_stop_time: 2062383490942705, actual_exe_time: 38700, task_app_start_time:2062383252357287, task_sched_time:2062383490898125
app_id: 0, app_name: pulse_doppler_api-aarch64, task_id: 263, task_name: DASH_FFT, resource_name: cpu1, ref_start_time: 2062383491573185, ref_stop_time: 2062383491598955, actual_exe_time: 25770, task_app_start_time:2062383252357287, task_sched_time:2062383491563765
app_id: 0, app_name: pulse_doppler_api-aarch64, task_id: 264, task_name: DASH_FFT, resource_name: cpu2, ref_start_time: 2062383492408506, ref_stop_time: 2062383492429056, actual_exe_time: 20550, task_app_start_time:2062383252357287, task_sched_time:2062383492404606
app_id: 0, app_name: pulse_doppler_api-aarch64, task_id: 265, task_name: DASH_FFT, resource_name: cpu3, ref_start_time: 2062383492845096, ref_stop_time: 2062383492865346, actual_exe_time: 20250, task_app_start_time:2062383252357287, task_sched_time:2062383492836156
app_id: 0, app_name: pulse_doppler_api-aarch64, task_id: 266, task_name: DASH_ZIP, resource_name: zip1, ref_start_time: 2062383493708376, ref_stop_time: 2062383493747016, actual_exe_time: 38640, task_app_start_time:2062383252357287, task_sched_time:2062383493698746
app_id: 0, app_name: pulse_doppler_api-aarch64, task_id: 267, task_name: DASH_FFT, resource_name: cpu1, ref_start_time: 2062383494377646, ref_stop_time: 2062383494402816, actual_exe_time: 25170, task_app_start_time:2062383252357287, task_sched_time:2062383494373296
app_id: 0, app_name: pulse_doppler_api-aarch64, task_id: 268, task_name: DASH_FFT, resource_name: cpu2, ref_start_time: 2062383495191786, ref_stop_time: 2062383495211856, actual_exe_time: 20070, task_app_start_time:2062383252357287, task_sched_time:2062383495188216
app_id: 0, app_name: pulse_doppler_api-aarch64, task_id: 269, task_name: DASH_FFT, resource_name: cpu3, ref_start_time: 2062383495631826, ref_stop_time: 2062383495651836, actual_exe_time: 20010, task_app_start_time:2062383252357287, task_sched_time:2062383495626576
app_id: 0, app_name: pulse_doppler_api-aarch64, task_id: 270, task_name: DASH_ZIP, resource_name: zip1, ref_start_time: 2062383496439816, ref_stop_time: 2062383496479356, actual_exe_time: 39540, task_app_start_time:2062383252357287, task_sched_time:2062383496431986
app_id: 0, app_name: pulse_doppler_api-aarch64, task_id: 271, task_name: DASH_FFT, resource_name: cpu1, ref_start_time: 2062383497359496, ref_stop_time: 2062383497384726, actual_exe_time: 25230, task_app_start_time:2062383252357287, task_sched_time:2062383497354576
app_id: 0, app_name: pulse_doppler_api-aarch64, task_id: 272, task_name: DASH_FFT, resource_name: cpu2, ref_start_time: 2062383498379677, ref_stop_time: 2062383498399687, actual_exe_time: 20010, task_app_start_time:2062383252357287, task_sched_time:2062383498374247
app_id: 0, app_name: pulse_doppler_api-aarch64, task_id: 273, task_name: DASH_FFT, resource_name: cpu3, ref_start_time: 2062383498885717, ref_stop_time: 2062383498905727, actual_exe_time: 20010, task_app_start_time:2062383252357287, task_sched_time:2062383498878007
app_id: 0, app_name: pulse_doppler_api-aarch64, task_id: 274, task_name: DASH_ZIP, resource_name: zip1, ref_start_time: 2062383499720767, ref_stop_time: 2062383499759407, actual_exe_time: 38640, task_app_start_time:2062383252357287, task_sched_time:2062383499711917
app_id: 0, app_name: pulse_doppler_api-aarch64, task_id: 275, task_name: DASH_FFT, resource_name: cpu1, ref_start_time: 2062383500278737, ref_stop_time: 2062383500303877, actual_exe_time: 25140, task_app_start_time:2062383252357287, task_sched_time:2062383500265897
app_id: 0, app_name: pulse_doppler_api-aarch64, task_id: 276, task_name: DASH_FFT, resource_name: cpu2, ref_start_time: 2062383501124467, ref_stop_time: 2062383501144507, actual_exe_time: 20040, task_app_start_time:2062383252357287, task_sched_time:2062383501119187
app_id: 0, app_name: pulse_doppler_api-aarch64, task_id: 277, task_name: DASH_FFT, resource_name: cpu3, ref_start_time: 2062383501665187, ref_stop_time: 2062383501685317, actual_exe_time: 20130, task_app_start_time:2062383252357287, task_sched_time:2062383501657687
app_id: 0, app_name: pulse_doppler_api-aarch64, task_id: 278, task_name: DASH_ZIP, resource_name: zip1, ref_start_time: 2062383502454727, ref_stop_time: 2062383502494267, actual_exe_time: 39540, task_app_start_time:2062383252357287, task_sched_time:2062383502444107
app_id: 0, app_name: pulse_doppler_api-aarch64, task_id: 279, task_name: DASH_FFT, resource_name: cpu1, ref_start_time: 2062383503266857, ref_stop_time: 2062383503292927, actual_exe_time: 26070, task_app_start_time:2062383252357287, task_sched_time:2062383503258637
app_id: 0, app_name: pulse_doppler_api-aarch64, task_id: 280, task_name: DASH_FFT, resource_name: cpu2, ref_start_time: 2062383504074067, ref_stop_time: 2062383504094137, actual_exe_time: 20070, task_app_start_time:2062383252357287, task_sched_time:2062383504070737
app_id: 0, app_name: pulse_doppler_api-aarch64, task_id: 281, task_name: DASH_FFT, resource_name: cpu3, ref_start_time: 2062383504628798, ref_stop_time: 2062383504649078, actual_exe_time: 20280, task_app_start_time:2062383252357287, task_sched_time:2062383504623038
app_id: 0, app_name: pulse_doppler_api-aarch64, task_id: 282, task_name: DASH_ZIP, resource_name: zip1, ref_start_time: 2062383505616758, ref_stop_time: 2062383505656388, actual_exe_time: 39630, task_app_start_time:2062383252357287, task_sched_time:2062383505612828
app_id: 0, app_name: pulse_doppler_api-aarch64, task_id: 283, task_name: DASH_FFT, resource_name: cpu1, ref_start_time: 2062383506249608, ref_stop_time: 2062383506275558, actual_exe_time: 25950, task_app_start_time:2062383252357287, task_sched_time:2062383506240158
app_id: 0, app_name: pulse_doppler_api-aarch64, task_id: 284, task_name: DASH_FFT, resource_name: cpu2, ref_start_time: 2062383506902348, ref_stop_time: 2062383506922508, actual_exe_time: 20160, task_app_start_time:2062383252357287, task_sched_time:2062383506897668
app_id: 0, app_name: pulse_doppler_api-aarch64, task_id: 285, task_name: DASH_FFT, resource_name: cpu3, ref_start_time: 2062383507433468, ref_stop_time: 2062383507453268, actual_exe_time: 19800, task_app_start_time:2062383252357287, task_sched_time:2062383507427978
app_id: 0, app_name: pulse_doppler_api-aarch64, task_id: 286, task_name: DASH_ZIP, resource_name: zip1, ref_start_time: 2062383508205008, ref_stop_time: 2062383508244128, actual_exe_time: 39120, task_app_start_time:2062383252357287, task_sched_time:2062383508199578
app_id: 0, app_name: pulse_doppler_api-aarch64, task_id: 287, task_name: DASH_FFT, resource_name: cpu1, ref_start_time: 2062383508872568, ref_stop_time: 2062383508897858, actual_exe_time: 25290, task_app_start_time:2062383252357287, task_sched_time:2062383508863058
app_id: 0, app_name: pulse_doppler_api-aarch64, task_id: 288, task_name: DASH_FFT, resource_name: cpu2, ref_start_time: 2062383509754838, ref_stop_time: 2062383509775028, actual_exe_time: 20190, task_app_start_time:2062383252357287, task_sched_time:2062383509745838
app_id: 0, app_name: pulse_doppler_api-aarch64, task_id: 289, task_name: DASH_FFT, resource_name: cpu3, ref_start_time: 2062383510342808, ref_stop_time: 2062383510363148, actual_exe_time: 20340, task_app_start_time:2062383252357287, task_sched_time:2062383510338128
app_id: 0, app_name: pulse_doppler_api-aarch64, task_id: 290, task_name: DASH_ZIP, resource_name: zip1, ref_start_time: 2062383511403399, ref_stop_time: 2062383511442489, actual_exe_time: 39090, task_app_start_time:2062383252357287, task_sched_time:2062383511396379
app_id: 0, app_name: pulse_doppler_api-aarch64, task_id: 291, task_name: DASH_FFT, resource_name: cpu1, ref_start_time: 2062383512031659, ref_stop_time: 2062383512056709, actual_exe_time: 25050, task_app_start_time:2062383252357287, task_sched_time:2062383512026139
app_id: 0, app_name: pulse_doppler_api-aarch64, task_id: 292, task_name: DASH_FFT, resource_name: cpu2, ref_start_time: 2062383512886929, ref_stop_time: 2062383512907029, actual_exe_time: 20100, task_app_start_time:2062383252357287, task_sched_time:2062383512879159
app_id: 0, app_name: pulse_doppler_api-aarch64, task_id: 293, task_name: DASH_FFT, resource_name: cpu3, ref_start_time: 2062383513513299, ref_stop_time: 2062383513533519, actual_exe_time: 20220, task_app_start_time:2062383252357287, task_sched_time:2062383513503729
app_id: 0, app_name: pulse_doppler_api-aarch64, task_id: 294, task_name: DASH_ZIP, resource_name: zip1, ref_start_time: 2062383514200149, ref_stop_time: 2062383514239479, actual_exe_time: 39330, task_app_start_time:2062383252357287, task_sched_time:2062383514191419
app_id: 0, app_name: pulse_doppler_api-aarch64, task_id: 295, task_name: DASH_FFT, resource_name: cpu1, ref_start_time: 2062383514729019, ref_stop_time: 2062383514755179, actual_exe_time: 26160, task_app_start_time:2062383252357287, task_sched_time:2062383514718939
app_id: 0, app_name: pulse_doppler_api-aarch64, task_id: 296, task_name: DASH_FFT, resource_name: cpu2, ref_start_time: 2062383515609849, ref_stop_time: 2062383515629709, actual_exe_time: 19860, task_app_start_time:2062383252357287, task_sched_time:2062383515601959
app_id: 0, app_name: pulse_doppler_api-aarch64, task_id: 297, task_name: DASH_FFT, resource_name: cpu3, ref_start_time: 2062383516183179, ref_stop_time: 2062383516203219, actual_exe_time: 20040, task_app_start_time:2062383252357287, task_sched_time:2062383516180449
app_id: 0, app_name: pulse_doppler_api-aarch64, task_id: 298, task_name: DASH_ZIP, resource_name: zip1, ref_start_time: 2062383517041690, ref_stop_time: 2062383517080900, actual_exe_time: 39210, task_app_start_time:2062383252357287, task_sched_time:2062383517036200
app_id: 0, app_name: pulse_doppler_api-aarch64, task_id: 299, task_name: DASH_FFT, resource_name: cpu1, ref_start_time: 2062383517771110, ref_stop_time: 2062383517797390, actual_exe_time: 26280, task_app_start_time:2062383252357287, task_sched_time:2062383517764930
app_id: 0, app_name: pulse_doppler_api-aarch64, task_id: 300, task_name: DASH_FFT, resource_name: cpu2, ref_start_time: 2062383518523150, ref_stop_time: 2062383518543340, actual_exe_time: 20190, task_app_start_time:2062383252357287, task_sched_time:2062383518518470
app_id: 0, app_name: pulse_doppler_api-aarch64, task_id: 301, task_name: DASH_FFT, resource_name: cpu3, ref_start_time: 2062383519232260, ref_stop_time: 2062383519252390, actual_exe_time: 20130, task_app_start_time:2062383252357287, task_sched_time:2062383519227340
app_id: 0, app_name: pulse_doppler_api-aarch64, task_id: 302, task_name: DASH_ZIP, resource_name: zip1, ref_start_time: 2062383520063590, ref_stop_time: 2062383520110990, actual_exe_time: 47400, task_app_start_time:2062383252357287, task_sched_time:2062383520057080
app_id: 0, app_name: pulse_doppler_api-aarch64, task_id: 303, task_name: DASH_FFT, resource_name: cpu1, ref_start_time: 2062383520596990, ref_stop_time: 2062383520622520, actual_exe_time: 25530, task_app_start_time:2062383252357287, task_sched_time:2062383520584300
app_id: 0, app_name: pulse_doppler_api-aarch64, task_id: 304, task_name: DASH_FFT, resource_name: cpu2, ref_start_time: 2062383521421000, ref_stop_time: 2062383521441430, actual_exe_time: 20430, task_app_start_time:2062383252357287, task_sched_time:2062383521418150
app_id: 0, app_name: pulse_doppler_api-aarch64, task_id: 305, task_name: DASH_FFT, resource_name: cpu3, ref_start_time: 2062383521895270, ref_stop_time: 2062383521915430, actual_exe_time: 20160, task_app_start_time:2062383252357287, task_sched_time:2062383521892270
app_id: 0, app_name: pulse_doppler_api-aarch64, task_id: 306, task_name: DASH_ZIP, resource_name: zip1, ref_start_time: 2062383522687900, ref_stop_time: 2062383522726990, actual_exe_time: 39090, task_app_start_time:2062383252357287, task_sched_time:2062383522683610
app_id: 0, app_name: pulse_doppler_api-aarch64, task_id: 307, task_name: DASH_FFT, resource_name: cpu1, ref_start_time: 2062383523525831, ref_stop_time: 2062383523550881, actual_exe_time: 25050, task_app_start_time:2062383252357287, task_sched_time:2062383523513471
app_id: 0, app_name: pulse_doppler_api-aarch64, task_id: 308, task_name: DASH_FFT, resource_name: cpu2, ref_start_time: 2062383524229361, ref_stop_time: 2062383524249341, actual_exe_time: 19980, task_app_start_time:2062383252357287, task_sched_time:2062383524222611
app_id: 0, app_name: pulse_doppler_api-aarch64, task_id: 309, task_name: DASH_FFT, resource_name: cpu3, ref_start_time: 2062383524740741, ref_stop_time: 2062383524761231, actual_exe_time: 20490, task_app_start_time:2062383252357287, task_sched_time:2062383524733631
app_id: 0, app_name: pulse_doppler_api-aarch64, task_id: 310, task_name: DASH_ZIP, resource_name: zip1, ref_start_time: 2062383525599611, ref_stop_time: 2062383525638701, actual_exe_time: 39090, task_app_start_time:2062383252357287, task_sched_time:2062383525596431
app_id: 0, app_name: pulse_doppler_api-aarch64, task_id: 311, task_name: DASH_FFT, resource_name: cpu1, ref_start_time: 2062383526292611, ref_stop_time: 2062383526318771, actual_exe_time: 26160, task_app_start_time:2062383252357287, task_sched_time:2062383526286611
app_id: 0, app_name: pulse_doppler_api-aarch64, task_id: 312, task_name: DASH_FFT, resource_name: cpu2, ref_start_time: 2062383527117881, ref_stop_time: 2062383527138401, actual_exe_time: 20520, task_app_start_time:2062383252357287, task_sched_time:2062383527113021
app_id: 0, app_name: pulse_doppler_api-aarch64, task_id: 313, task_name: DASH_FFT, resource_name: cpu3, ref_start_time: 2062383527601661, ref_stop_time: 2062383527621491, actual_exe_time: 19830, task_app_start_time:2062383252357287, task_sched_time:2062383527594341
app_id: 0, app_name: pulse_doppler_api-aarch64, task_id: 314, task_name: DASH_ZIP, resource_name: zip1, ref_start_time: 2062383528649081, ref_stop_time: 2062383528689011, actual_exe_time: 39930, task_app_start_time:2062383252357287, task_sched_time:2062383528640561
app_id: 0, app_name: pulse_doppler_api-aarch64, task_id: 315, task_name: DASH_FFT, resource_name: cpu1, ref_start_time: 2062383529523972, ref_stop_time: 2062383529550012, actual_exe_time: 26040, task_app_start_time:2062383252357287, task_sched_time:2062383529521032
app_id: 0, app_name: pulse_doppler_api-aarch64, task_id: 316, task_name: DASH_FFT, resource_name: cpu2, ref_start_time: 2062383530392322, ref_stop_time: 2062383530412602, actual_exe_time: 20280, task_app_start_time:2062383252357287, task_sched_time:2062383530388602
app_id: 0, app_name: pulse_doppler_api-aarch64, task_id: 317, task_name: DASH_FFT, resource_name: cpu3, ref_start_time: 2062383530977982, ref_stop_time: 2062383530998112, actual_exe_time: 20130, task_app_start_time:2062383252357287, task_sched_time:2062383530971532
app_id: 0, app_name: pulse_doppler_api-aarch64, task_id: 318, task_name: DASH_ZIP, resource_name: zip1, ref_start_time: 2062383531825782, ref_stop_time: 2062383531864812, actual_exe_time: 39030, task_app_start_time:2062383252357287, task_sched_time:2062383531816542
app_id: 0, app_name: pulse_doppler_api-aarch64, task_id: 319, task_name: DASH_FFT, resource_name: cpu1, ref_start_time: 2062383532364402, ref_stop_time: 2062383532398302, actual_exe_time: 33900, task_app_start_time:2062383252357287, task_sched_time:2062383532354592
app_id: 0, app_name: pulse_doppler_api-aarch64, task_id: 320, task_name: DASH_FFT, resource_name: cpu2, ref_start_time: 2062383533277812, ref_stop_time: 2062383533298422, actual_exe_time: 20610, task_app_start_time:2062383252357287, task_sched_time:2062383533271332
app_id: 0, app_name: pulse_doppler_api-aarch64, task_id: 321, task_name: DASH_FFT, resource_name: cpu3, ref_start_time: 2062383533781602, ref_stop_time: 2062383533801582, actual_exe_time: 19980, task_app_start_time:2062383252357287, task_sched_time:2062383533773262
app_id: 0, app_name: pulse_doppler_api-aarch64, task_id: 322, task_name: DASH_ZIP, resource_name: zip1, ref_start_time: 2062383534588152, ref_stop_time: 2062383534626702, actual_exe_time: 38550, task_app_start_time:2062383252357287, task_sched_time:2062383534584192
app_id: 0, app_name: pulse_doppler_api-aarch64, task_id: 323, task_name: DASH_FFT, resource_name: cpu1, ref_start_time: 2062383535452513, ref_stop_time: 2062383535477983, actual_exe_time: 25470, task_app_start_time:2062383252357287, task_sched_time:2062383535442433
app_id: 0, app_name: pulse_doppler_api-aarch64, task_id: 324, task_name: DASH_FFT, resource_name: cpu2, ref_start_time: 2062383536149623, ref_stop_time: 2062383536169603, actual_exe_time: 19980, task_app_start_time:2062383252357287, task_sched_time:2062383536140473
app_id: 0, app_name: pulse_doppler_api-aarch64, task_id: 325, task_name: DASH_FFT, resource_name: cpu3, ref_start_time: 2062383536771013, ref_stop_time: 2062383536791353, actual_exe_time: 20340, task_app_start_time:2062383252357287, task_sched_time:2062383536763393
app_id: 0, app_name: pulse_doppler_api-aarch64, task_id: 326, task_name: DASH_ZIP, resource_name: zip1, ref_start_time: 2062383537638973, ref_stop_time: 2062383537678063, actual_exe_time: 39090, task_app_start_time:2062383252357287, task_sched_time:2062383537634203
app_id: 0, app_name: pulse_doppler_api-aarch64, task_id: 327, task_name: DASH_FFT, resource_name: cpu1, ref_start_time: 2062383538111413, ref_stop_time: 2062383538136913, actual_exe_time: 25500, task_app_start_time:2062383252357287, task_sched_time:2062383538104693
app_id: 0, app_name: pulse_doppler_api-aarch64, task_id: 328, task_name: DASH_FFT, resource_name: cpu2, ref_start_time: 2062383539153853, ref_stop_time: 2062383539173983, actual_exe_time: 20130, task_app_start_time:2062383252357287, task_sched_time:2062383539145243
app_id: 0, app_name: pulse_doppler_api-aarch64, task_id: 329, task_name: DASH_FFT, resource_name: cpu3, ref_start_time: 2062383539920353, ref_stop_time: 2062383539940243, actual_exe_time: 19890, task_app_start_time:2062383252357287, task_sched_time:2062383539916183
app_id: 0, app_name: pulse_doppler_api-aarch64, task_id: 330, task_name: DASH_ZIP, resource_name: zip1, ref_start_time: 2062383540847923, ref_stop_time: 2062383540886743, actual_exe_time: 38820, task_app_start_time:2062383252357287, task_sched_time:2062383540840483
app_id: 0, app_name: pulse_doppler_api-aarch64, task_id: 331, task_name: DASH_FFT, resource_name: cpu1, ref_start_time: 2062383541400193, ref_stop_time: 2062383541425513, actual_exe_time: 25320, task_app_start_time:2062383252357287, task_sched_time:2062383541389393
app_id: 0, app_name: pulse_doppler_api-aarch64, task_id: 332, task_name: DASH_FFT, resource_name: cpu2, ref_start_time: 2062383542224414, ref_stop_time: 2062383542244754, actual_exe_time: 20340, task_app_start_time:2062383252357287, task_sched_time:2062383542216644
app_id: 0, app_name: pulse_doppler_api-aarch64, task_id: 333, task_name: DASH_FFT, resource_name: cpu3, ref_start_time: 2062383542779594, ref_stop_time: 2062383542799634, actual_exe_time: 20040, task_app_start_time:2062383252357287, task_sched_time:2062383542771734
app_id: 0, app_name: pulse_doppler_api-aarch64, task_id: 334, task_name: DASH_ZIP, resource_name: zip1, ref_start_time: 2062383543549964, ref_stop_time: 2062383543588514, actual_exe_time: 38550, task_app_start_time:2062383252357287, task_sched_time:2062383543546814
app_id: 0, app_name: pulse_doppler_api-aarch64, task_id: 335, task_name: DASH_FFT, resource_name: cpu1, ref_start_time: 2062383544350424, ref_stop_time: 2062383544384234, actual_exe_time: 33810, task_app_start_time:2062383252357287, task_sched_time:2062383544341244
app_id: 0, app_name: pulse_doppler_api-aarch64, task_id: 336, task_name: DASH_FFT, resource_name: cpu2, ref_start_time: 2062383544849174, ref_stop_time: 2062383544869304, actual_exe_time: 20130, task_app_start_time:2062383252357287, task_sched_time:2062383544841374
app_id: 0, app_name: pulse_doppler_api-aarch64, task_id: 337, task_name: DASH_FFT, resource_name: cpu3, ref_start_time: 2062383545926684, ref_stop_time: 2062383545946844, actual_exe_time: 20160, task_app_start_time:2062383252357287, task_sched_time:2062383545919664
app_id: 0, app_name: pulse_doppler_api-aarch64, task_id: 338, task_name: DASH_ZIP, resource_name: zip1, ref_start_time: 2062383547007764, ref_stop_time: 2062383547046314, actual_exe_time: 38550, task_app_start_time:2062383252357287, task_sched_time:2062383546997054
app_id: 0, app_name: pulse_doppler_api-aarch64, task_id: 339, task_name: DASH_FFT, resource_name: cpu1, ref_start_time: 2062383547684654, ref_stop_time: 2062383547709675, actual_exe_time: 25021, task_app_start_time:2062383252357287, task_sched_time:2062383547681024
app_id: 0, app_name: pulse_doppler_api-aarch64, task_id: 340, task_name: DASH_FFT, resource_name: cpu2, ref_start_time: 2062383548346875, ref_stop_time: 2062383548374835, actual_exe_time: 27960, task_app_start_time:2062383252357287, task_sched_time:2062383548341295
app_id: 0, app_name: pulse_doppler_api-aarch64, task_id: 341, task_name: DASH_FFT, resource_name: cpu3, ref_start_time: 2062383548835335, ref_stop_time: 2062383548855645, actual_exe_time: 20310, task_app_start_time:2062383252357287, task_sched_time:2062383548827775
app_id: 0, app_name: pulse_doppler_api-aarch64, task_id: 342, task_name: DASH_ZIP, resource_name: zip1, ref_start_time: 2062383549580955, ref_stop_time: 2062383549620135, actual_exe_time: 39180, task_app_start_time:2062383252357287, task_sched_time:2062383549572345
app_id: 0, app_name: pulse_doppler_api-aarch64, task_id: 343, task_name: DASH_FFT, resource_name: cpu1, ref_start_time: 2062383550388735, ref_stop_time: 2062383550414505, actual_exe_time: 25770, task_app_start_time:2062383252357287, task_sched_time:2062383550375505
app_id: 0, app_name: pulse_doppler_api-aarch64, task_id: 344, task_name: DASH_FFT, resource_name: cpu2, ref_start_time: 2062383550873535, ref_stop_time: 2062383550893635, actual_exe_time: 20100, task_app_start_time:2062383252357287, task_sched_time:2062383550869305
app_id: 0, app_name: pulse_doppler_api-aarch64, task_id: 345, task_name: DASH_FFT, resource_name: cpu3, ref_start_time: 2062383551867135, ref_stop_time: 2062383551887055, actual_exe_time: 19920, task_app_start_time:2062383252357287, task_sched_time:2062383551857625
app_id: 0, app_name: pulse_doppler_api-aarch64, task_id: 346, task_name: DASH_ZIP, resource_name: zip1, ref_start_time: 2062383552789995, ref_stop_time: 2062383552829115, actual_exe_time: 39120, task_app_start_time:2062383252357287, task_sched_time:2062383552785495
app_id: 0, app_name: pulse_doppler_api-aarch64, task_id: 347, task_name: DASH_FFT, resource_name: cpu1, ref_start_time: 2062383553471235, ref_stop_time: 2062383553496945, actual_exe_time: 25710, task_app_start_time:2062383252357287, task_sched_time:2062383553458785
app_id: 0, app_name: pulse_doppler_api-aarch64, task_id: 348, task_name: DASH_FFT, resource_name: cpu2, ref_start_time: 2062383554126286, ref_stop_time: 2062383554146506, actual_exe_time: 20220, task_app_start_time:2062383252357287, task_sched_time:2062383554117526
app_id: 0, app_name: pulse_doppler_api-aarch64, task_id: 349, task_name: DASH_FFT, resource_name: cpu3, ref_start_time: 2062383554655036, ref_stop_time: 2062383554675166, actual_exe_time: 20130, task_app_start_time:2062383252357287, task_sched_time:2062383554652096
app_id: 0, app_name: pulse_doppler_api-aarch64, task_id: 350, task_name: DASH_ZIP, resource_name: zip1, ref_start_time: 2062383555313926, ref_stop_time: 2062383555352956, actual_exe_time: 39030, task_app_start_time:2062383252357287, task_sched_time:2062383555307776
app_id: 0, app_name: pulse_doppler_api-aarch64, task_id: 351, task_name: DASH_FFT, resource_name: cpu1, ref_start_time: 2062383556156386, ref_stop_time: 2062383556181106, actual_exe_time: 24720, task_app_start_time:2062383252357287, task_sched_time:2062383556147296
app_id: 0, app_name: pulse_doppler_api-aarch64, task_id: 352, task_name: DASH_FFT, resource_name: cpu2, ref_start_time: 2062383556843356, ref_stop_time: 2062383556863546, actual_exe_time: 20190, task_app_start_time:2062383252357287, task_sched_time:2062383556839096
app_id: 0, app_name: pulse_doppler_api-aarch64, task_id: 353, task_name: DASH_FFT, resource_name: cpu3, ref_start_time: 2062383557373426, ref_stop_time: 2062383557393646, actual_exe_time: 20220, task_app_start_time:2062383252357287, task_sched_time:2062383557371086
app_id: 0, app_name: pulse_doppler_api-aarch64, task_id: 354, task_name: DASH_ZIP, resource_name: zip1, ref_start_time: 2062383558133206, ref_stop_time: 2062383558172446, actual_exe_time: 39240, task_app_start_time:2062383252357287, task_sched_time:2062383558130296
app_id: 0, app_name: pulse_doppler_api-aarch64, task_id: 355, task_name: DASH_FFT, resource_name: cpu1, ref_start_time: 2062383558694086, ref_stop_time: 2062383558719766, actual_exe_time: 25680, task_app_start_time:2062383252357287, task_sched_time:2062383558684546
app_id: 0, app_name: pulse_doppler_api-aarch64, task_id: 356, task_name: DASH_FFT, resource_name: cpu2, ref_start_time: 2062383559661136, ref_stop_time: 2062383559681176, actual_exe_time: 20040, task_app_start_time:2062383252357287, task_sched_time:2062383559651596
app_id: 0, app_name: pulse_doppler_api-aarch64, task_id: 357, task_name: DASH_FFT, resource_name: cpu3, ref_start_time: 2062383560238907, ref_stop_time: 2062383560258797, actual_exe_time: 19890, task_app_start_time:2062383252357287, task_sched_time:2062383560230627
app_id: 0, app_name: pulse_doppler_api-aarch64, task_id: 358, task_name: DASH_ZIP, resource_name: zip1, ref_start_time: 2062383560927767, ref_stop_time: 2062383560967037, actual_exe_time: 39270, task_app_start_time:2062383252357287, task_sched_time:2062383560919277
app_id: 0, app_name: pulse_doppler_api-aarch64, task_id: 359, task_name: DASH_FFT, resource_name: cpu1, ref_start_time: 2062383561732427, ref_stop_time: 2062383561757597, actual_exe_time: 25170, task_app_start_time:2062383252357287, task_sched_time:2062383561723307
app_id: 0, app_name: pulse_doppler_api-aarch64, task_id: 360, task_name: DASH_FFT, resource_name: cpu2, ref_start_time: 2062383562436287, ref_stop_time: 2062383562456717, actual_exe_time: 20430, task_app_start_time:2062383252357287, task_sched_time:2062383562431067
app_id: 0, app_name: pulse_doppler_api-aarch64, task_id: 361, task_name: DASH_FFT, resource_name: cpu3, ref_start_time: 2062383562912927, ref_stop_time: 2062383562933027, actual_exe_time: 20100, task_app_start_time:2062383252357287, task_sched_time:2062383562907197
app_id: 0, app_name: pulse_doppler_api-aarch64, task_id: 362, task_name: DASH_ZIP, resource_name: zip1, ref_start_time: 2062383563688187, ref_stop_time: 2062383563726557, actual_exe_time: 38370, task_app_start_time:2062383252357287, task_sched_time:2062383563681377
app_id: 0, app_name: pulse_doppler_api-aarch64, task_id: 363, task_name: DASH_FFT, resource_name: cpu1, ref_start_time: 2062383564067447, ref_stop_time: 2062383564093487, actual_exe_time: 26040, task_app_start_time:2062383252357287, task_sched_time:2062383564062587
app_id: 0, app_name: pulse_doppler_api-aarch64, task_id: 364, task_name: DASH_FFT, resource_name: cpu2, ref_start_time: 2062383564731707, ref_stop_time: 2062383564751987, actual_exe_time: 20280, task_app_start_time:2062383252357287, task_sched_time:2062383564727597
app_id: 0, app_name: pulse_doppler_api-aarch64, task_id: 365, task_name: DASH_FFT, resource_name: cpu3, ref_start_time: 2062383565614517, ref_stop_time: 2062383565634887, actual_exe_time: 20370, task_app_start_time:2062383252357287, task_sched_time:2062383565605787
app_id: 0, app_name: pulse_doppler_api-aarch64, task_id: 366, task_name: DASH_ZIP, resource_name: zip1, ref_start_time: 2062383566414438, ref_stop_time: 2062383566454248, actual_exe_time: 39810, task_app_start_time:2062383252357287, task_sched_time:2062383566409188
app_id: 0, app_name: pulse_doppler_api-aarch64, task_id: 367, task_name: DASH_FFT, resource_name: cpu1, ref_start_time: 2062383567034748, ref_stop_time: 2062383567060548, actual_exe_time: 25800, task_app_start_time:2062383252357287, task_sched_time:2062383567021518
app_id: 0, app_name: pulse_doppler_api-aarch64, task_id: 368, task_name: DASH_FFT, resource_name: cpu2, ref_start_time: 2062383567766028, ref_stop_time: 2062383567786188, actual_exe_time: 20160, task_app_start_time:2062383252357287, task_sched_time:2062383567756998
app_id: 0, app_name: pulse_doppler_api-aarch64, task_id: 369, task_name: DASH_FFT, resource_name: cpu3, ref_start_time: 2062383568292348, ref_stop_time: 2062383568312358, actual_exe_time: 20010, task_app_start_time:2062383252357287, task_sched_time:2062383568286078
app_id: 0, app_name: pulse_doppler_api-aarch64, task_id: 370, task_name: DASH_ZIP, resource_name: zip1, ref_start_time: 2062383569125628, ref_stop_time: 2062383569165078, actual_exe_time: 39450, task_app_start_time:2062383252357287, task_sched_time:2062383569117858
app_id: 0, app_name: pulse_doppler_api-aarch64, task_id: 371, task_name: DASH_FFT, resource_name: cpu1, ref_start_time: 2062383569837708, ref_stop_time: 2062383569862788, actual_exe_time: 25080, task_app_start_time:2062383252357287, task_sched_time:2062383569828138
app_id: 0, app_name: pulse_doppler_api-aarch64, task_id: 372, task_name: DASH_FFT, resource_name: cpu2, ref_start_time: 2062383570611858, ref_stop_time: 2062383570632198, actual_exe_time: 20340, task_app_start_time:2062383252357287, task_sched_time:2062383570606188
app_id: 0, app_name: pulse_doppler_api-aarch64, task_id: 373, task_name: DASH_FFT, resource_name: cpu3, ref_start_time: 2062383571251188, ref_stop_time: 2062383571271438, actual_exe_time: 20250, task_app_start_time:2062383252357287, task_sched_time:2062383571247258
app_id: 0, app_name: pulse_doppler_api-aarch64, task_id: 374, task_name: DASH_ZIP, resource_name: zip1, ref_start_time: 2062383571953068, ref_stop_time: 2062383571992128, actual_exe_time: 39060, task_app_start_time:2062383252357287, task_sched_time:2062383571949228
app_id: 0, app_name: pulse_doppler_api-aarch64, task_id: 375, task_name: DASH_FFT, resource_name: cpu1, ref_start_time: 2062383572832099, ref_stop_time: 2062383572857899, actual_exe_time: 25800, task_app_start_time:2062383252357287, task_sched_time:2062383572827509
app_id: 0, app_name: pulse_doppler_api-aarch64, task_id: 376, task_name: DASH_FFT, resource_name: cpu2, ref_start_time: 2062383573655509, ref_stop_time: 2062383573675999, actual_exe_time: 20490, task_app_start_time:2062383252357287, task_sched_time:2062383573652089
app_id: 0, app_name: pulse_doppler_api-aarch64, task_id: 377, task_name: DASH_FFT, resource_name: cpu3, ref_start_time: 2062383574246299, ref_stop_time: 2062383574266609, actual_exe_time: 20310, task_app_start_time:2062383252357287, task_sched_time:2062383574237959
app_id: 0, app_name: pulse_doppler_api-aarch64, task_id: 378, task_name: DASH_ZIP, resource_name: zip1, ref_start_time: 2062383575051829, ref_stop_time: 2062383575091099, actual_exe_time: 39270, task_app_start_time:2062383252357287, task_sched_time:2062383575043669
app_id: 0, app_name: pulse_doppler_api-aarch64, task_id: 379, task_name: DASH_FFT, resource_name: cpu1, ref_start_time: 2062383575767209, ref_stop_time: 2062383575792799, actual_exe_time: 25590, task_app_start_time:2062383252357287, task_sched_time:2062383575763789
app_id: 0, app_name: pulse_doppler_api-aarch64, task_id: 380, task_name: DASH_FFT, resource_name: cpu2, ref_start_time: 2062383576443349, ref_stop_time: 2062383576463629, actual_exe_time: 20280, task_app_start_time:2062383252357287, task_sched_time:2062383576438159
app_id: 0, app_name: pulse_doppler_api-aarch64, task_id: 381, task_name: DASH_FFT, resource_name: cpu3, ref_start_time: 2062383576982389, ref_stop_time: 2062383577002579, actual_exe_time: 20190, task_app_start_time:2062383252357287, task_sched_time:2062383576978009
app_id: 0, app_name: pulse_doppler_api-aarch64, task_id: 382, task_name: DASH_ZIP, resource_name: zip1, ref_start_time: 2062383577887249, ref_stop_time: 2062383577926459, actual_exe_time: 39210, task_app_start_time:2062383252357287, task_sched_time:2062383577884129
app_id: 0, app_name: pulse_doppler_api-aarch64, task_id: 383, task_name: DASH_FFT, resource_name: cpu1, ref_start_time: 2062383578508369, ref_stop_time: 2062383578533659, actual_exe_time: 25290, task_app_start_time:2062383252357287, task_sched_time:2062383578497839
app_id: 0, app_name: pulse_doppler_api-aarch64, task_id: 384, task_name: DASH_FFT, resource_name: cpu2, ref_start_time: 2062383578805220, ref_stop_time: 2062383578825080, actual_exe_time: 19860, task_app_start_time:2062383252357287, task_sched_time:2062383578802910
app_id: 0, app_name: pulse_doppler_api-aarch64, task_id: 385, task_name: DASH_FFT, resource_name: cpu3, ref_start_time: 2062383579755260, ref_stop_time: 2062383579775300, actual_exe_time: 20040, task_app_start_time:2062383252357287, task_sched_time:2062383579752500
app_id: 0, app_name: pulse_doppler_api-aarch64, task_id: 386, task_name: DASH_ZIP, resource_name: zip1, ref_start_time: 2062383580347910, ref_stop_time: 2062383580388770, actual_exe_time: 40860, task_app_start_time:2062383252357287, task_sched_time:2062383580345240
app_id: 0, app_name: pulse_doppler_api-aarch64, task_id: 387, task_name: DASH_FFT, resource_name: cpu1, ref_start_time: 2062383580931860, ref_stop_time: 2062383580958050, actual_exe_time: 26190, task_app_start_time:2062383252357287, task_sched_time:2062383580924750
app_id: 0, app_name: pulse_doppler_api-aarch64, task_id: 388, task_name: DASH_FFT, resource_name: cpu2, ref_start_time: 2062383581790250, ref_stop_time: 2062383581810290, actual_exe_time: 20040, task_app_start_time:2062383252357287, task_sched_time:2062383581781070
app_id: 0, app_name: pulse_doppler_api-aarch64, task_id: 389, task_name: DASH_FFT, resource_name: cpu3, ref_start_time: 2062383582509380, ref_stop_time: 2062383582529480, actual_exe_time: 20100, task_app_start_time:2062383252357287, task_sched_time:2062383582502570
app_id: 0, app_name: pulse_doppler_api-aarch64, task_id: 390, task_name: DASH_ZIP, resource_name: zip1, ref_start_time: 2062383583297330, ref_stop_time: 2062383583336390, actual_exe_time: 39060, task_app_start_time:2062383252357287, task_sched_time:2062383583291420
app_id: 0, app_name: pulse_doppler_api-aarch64, task_id: 391, task_name: DASH_FFT, resource_name: cpu1, ref_start_time: 2062383583949770, ref_stop_time: 2062383583976140, actual_exe_time: 26370, task_app_start_time:2062383252357287, task_sched_time:2062383583939870
app_id: 0, app_name: pulse_doppler_api-aarch64, task_id: 392, task_name: DASH_FFT, resource_name: cpu2, ref_start_time: 2062383584909980, ref_stop_time: 2062383584930020, actual_exe_time: 20040, task_app_start_time:2062383252357287, task_sched_time:2062383584902750
app_id: 0, app_name: pulse_doppler_api-aarch64, task_id: 393, task_name: DASH_FFT, resource_name: cpu3, ref_start_time: 2062383585398111, ref_stop_time: 2062383585418871, actual_exe_time: 20760, task_app_start_time:2062383252357287, task_sched_time:2062383585392351
app_id: 0, app_name: pulse_doppler_api-aarch64, task_id: 394, task_name: DASH_ZIP, resource_name: zip1, ref_start_time: 2062383586153991, ref_stop_time: 2062383586193771, actual_exe_time: 39780, task_app_start_time:2062383252357287, task_sched_time:2062383586149461
app_id: 0, app_name: pulse_doppler_api-aarch64, task_id: 395, task_name: DASH_FFT, resource_name: cpu1, ref_start_time: 2062383586716041, ref_stop_time: 2062383586741211, actual_exe_time: 25170, task_app_start_time:2062383252357287, task_sched_time:2062383586704641
app_id: 0, app_name: pulse_doppler_api-aarch64, task_id: 396, task_name: DASH_FFT, resource_name: cpu2, ref_start_time: 2062383587437031, ref_stop_time: 2062383587456741, actual_exe_time: 19710, task_app_start_time:2062383252357287, task_sched_time:2062383587429051
app_id: 0, app_name: pulse_doppler_api-aarch64, task_id: 397, task_name: DASH_FFT, resource_name: cpu3, ref_start_time: 2062383588005621, ref_stop_time: 2062383588025691, actual_exe_time: 20070, task_app_start_time:2062383252357287, task_sched_time:2062383587996801
app_id: 0, app_name: pulse_doppler_api-aarch64, task_id: 398, task_name: DASH_ZIP, resource_name: zip1, ref_start_time: 2062383588611201, ref_stop_time: 2062383588650021, actual_exe_time: 38820, task_app_start_time:2062383252357287, task_sched_time:2062383588603161
app_id: 0, app_name: pulse_doppler_api-aarch64, task_id: 399, task_name: DASH_FFT, resource_name: cpu1, ref_start_time: 2062383589549661, ref_stop_time: 2062383589575311, actual_exe_time: 25650, task_app_start_time:2062383252357287, task_sched_time:2062383589537241
app_id: 0, app_name: pulse_doppler_api-aarch64, task_id: 400, task_name: DASH_FFT, resource_name: cpu2, ref_start_time: 2062383590356691, ref_stop_time: 2062383590376911, actual_exe_time: 20220, task_app_start_time:2062383252357287, task_sched_time:2062383590350601
app_id: 0, app_name: pulse_doppler_api-aarch64, task_id: 401, task_name: DASH_FFT, resource_name: cpu3, ref_start_time: 2062383590815331, ref_stop_time: 2062383590835341, actual_exe_time: 20010, task_app_start_time:2062383252357287, task_sched_time:2062383590806301
app_id: 0, app_name: pulse_doppler_api-aarch64, task_id: 402, task_name: DASH_ZIP, resource_name: zip1, ref_start_time: 2062383591669282, ref_stop_time: 2062383591708342, actual_exe_time: 39060, task_app_start_time:2062383252357287, task_sched_time:2062383591665502
app_id: 0, app_name: pulse_doppler_api-aarch64, task_id: 403, task_name: DASH_FFT, resource_name: cpu1, ref_start_time: 2062383592284822, ref_stop_time: 2062383592310562, actual_exe_time: 25740, task_app_start_time:2062383252357287, task_sched_time:2062383592279422
app_id: 0, app_name: pulse_doppler_api-aarch64, task_id: 404, task_name: DASH_FFT, resource_name: cpu2, ref_start_time: 2062383592971972, ref_stop_time: 2062383592992282, actual_exe_time: 20310, task_app_start_time:2062383252357287, task_sched_time:2062383592967772
app_id: 0, app_name: pulse_doppler_api-aarch64, task_id: 405, task_name: DASH_FFT, resource_name: cpu3, ref_start_time: 2062383593506782, ref_stop_time: 2062383593527062, actual_exe_time: 20280, task_app_start_time:2062383252357287, task_sched_time:2062383593504292
app_id: 0, app_name: pulse_doppler_api-aarch64, task_id: 406, task_name: DASH_ZIP, resource_name: zip1, ref_start_time: 2062383594305922, ref_stop_time: 2062383594345192, actual_exe_time: 39270, task_app_start_time:2062383252357287, task_sched_time:2062383594297762
app_id: 0, app_name: pulse_doppler_api-aarch64, task_id: 407, task_name: DASH_FFT, resource_name: cpu1, ref_start_time: 2062383595015992, ref_stop_time: 2062383595041522, actual_exe_time: 25530, task_app_start_time:2062383252357287, task_sched_time:2062383595008402
app_id: 0, app_name: pulse_doppler_api-aarch64, task_id: 408, task_name: DASH_FFT, resource_name: cpu2, ref_start_time: 2062383595928592, ref_stop_time: 2062383595948422, actual_exe_time: 19830, task_app_start_time:2062383252357287, task_sched_time:2062383595923102
app_id: 0, app_name: pulse_doppler_api-aarch64, task_id: 409, task_name: DASH_FFT, resource_name: cpu3, ref_start_time: 2062383596509812, ref_stop_time: 2062383596530032, actual_exe_time: 20220, task_app_start_time:2062383252357287, task_sched_time:2062383596506722
app_id: 0, app_name: pulse_doppler_api-aarch64, task_id: 410, task_name: DASH_ZIP, resource_name: zip1, ref_start_time: 2062383597312072, ref_stop_time: 2062383597351762, actual_exe_time: 39690, task_app_start_time:2062383252357287, task_sched_time:2062383597308532
app_id: 0, app_name: pulse_doppler_api-aarch64, task_id: 411, task_name: DASH_FFT, resource_name: cpu1, ref_start_time: 2062383598014553, ref_stop_time: 2062383598040173, actual_exe_time: 25620, task_app_start_time:2062383252357287, task_sched_time:2062383598003033
app_id: 0, app_name: pulse_doppler_api-aarch64, task_id: 412, task_name: DASH_FFT, resource_name: cpu2, ref_start_time: 2062383598676983, ref_stop_time: 2062383598697023, actual_exe_time: 20040, task_app_start_time:2062383252357287, task_sched_time:2062383598671313
app_id: 0, app_name: pulse_doppler_api-aarch64, task_id: 413, task_name: DASH_FFT, resource_name: cpu3, ref_start_time: 2062383599258563, ref_stop_time: 2062383599278483, actual_exe_time: 19920, task_app_start_time:2062383252357287, task_sched_time:2062383599251573
app_id: 0, app_name: pulse_doppler_api-aarch64, task_id: 414, task_name: DASH_ZIP, resource_name: zip1, ref_start_time: 2062383599992033, ref_stop_time: 2062383600031303, actual_exe_time: 39270, task_app_start_time:2062383252357287, task_sched_time:2062383599984653
app_id: 0, app_name: pulse_doppler_api-aarch64, task_id: 415, task_name: DASH_FFT, resource_name: cpu1, ref_start_time: 2062383600632263, ref_stop_time: 2062383600658453, actual_exe_time: 26190, task_app_start_time:2062383252357287, task_sched_time:2062383600625033
app_id: 0, app_name: pulse_doppler_api-aarch64, task_id: 416, task_name: DASH_FFT, resource_name: cpu2, ref_start_time: 2062383601468183, ref_stop_time: 2062383601488643, actual_exe_time: 20460, task_app_start_time:2062383252357287, task_sched_time:2062383601465393
app_id: 0, app_name: pulse_doppler_api-aarch64, task_id: 417, task_name: DASH_FFT, resource_name: cpu3, ref_start_time: 2062383602278663, ref_stop_time: 2062383602298913, actual_exe_time: 20250, task_app_start_time:2062383252357287, task_sched_time:2062383602271193
app_id: 0, app_name: pulse_doppler_api-aarch64, task_id: 418, task_name: DASH_ZIP, resource_name: zip1, ref_start_time: 2062383603277423, ref_stop_time: 2062383603327613, actual_exe_time: 50190, task_app_start_time:2062383252357287, task_sched_time:2062383603274453
app_id: 0, app_name: pulse_doppler_api-aarch64, task_id: 419, task_name: DASH_FFT, resource_name: cpu1, ref_start_time: 2062383604080374, ref_stop_time: 2062383604105814, actual_exe_time: 25440, task_app_start_time:2062383252357287, task_sched_time:2062383604068494
app_id: 0, app_name: pulse_doppler_api-aarch64, task_id: 420, task_name: DASH_FFT, resource_name: cpu2, ref_start_time: 2062383604845344, ref_stop_time: 2062383604865504, actual_exe_time: 20160, task_app_start_time:2062383252357287, task_sched_time:2062383604836194
app_id: 0, app_name: pulse_doppler_api-aarch64, task_id: 421, task_name: DASH_FFT, resource_name: cpu3, ref_start_time: 2062383605371844, ref_stop_time: 2062383605391884, actual_exe_time: 20040, task_app_start_time:2062383252357287, task_sched_time:2062383605364194
app_id: 0, app_name: pulse_doppler_api-aarch64, task_id: 422, task_name: DASH_ZIP, resource_name: zip1, ref_start_time: 2062383605880374, ref_stop_time: 2062383605919584, actual_exe_time: 39210, task_app_start_time:2062383252357287, task_sched_time:2062383605871674
app_id: 0, app_name: pulse_doppler_api-aarch64, task_id: 423, task_name: DASH_FFT, resource_name: cpu1, ref_start_time: 2062383607330394, ref_stop_time: 2062383607357364, actual_exe_time: 26970, task_app_start_time:2062383252357287, task_sched_time:2062383607322804
app_id: 0, app_name: pulse_doppler_api-aarch64, task_id: 424, task_name: DASH_FFT, resource_name: cpu2, ref_start_time: 2062383607890014, ref_stop_time: 2062383607910114, actual_exe_time: 20100, task_app_start_time:2062383252357287, task_sched_time:2062383607880894
app_id: 0, app_name: pulse_doppler_api-aarch64, task_id: 425, task_name: DASH_FFT, resource_name: cpu3, ref_start_time: 2062383608768324, ref_stop_time: 2062383608788724, actual_exe_time: 20400, task_app_start_time:2062383252357287, task_sched_time:2062383608760554
app_id: 0, app_name: pulse_doppler_api-aarch64, task_id: 426, task_name: DASH_ZIP, resource_name: zip1, ref_start_time: 2062383609572684, ref_stop_time: 2062383609611714, actual_exe_time: 39030, task_app_start_time:2062383252357287, task_sched_time:2062383609568274
app_id: 0, app_name: pulse_doppler_api-aarch64, task_id: 427, task_name: DASH_FFT, resource_name: cpu1, ref_start_time: 2062383610389015, ref_stop_time: 2062383610415025, actual_exe_time: 26010, task_app_start_time:2062383252357287, task_sched_time:2062383610376865
app_id: 0, app_name: pulse_doppler_api-aarch64, task_id: 428, task_name: DASH_FFT, resource_name: cpu2, ref_start_time: 2062383611174775, ref_stop_time: 2062383611194875, actual_exe_time: 20100, task_app_start_time:2062383252357287, task_sched_time:2062383611168715
app_id: 0, app_name: pulse_doppler_api-aarch64, task_id: 429, task_name: DASH_FFT, resource_name: cpu3, ref_start_time: 2062383611791455, ref_stop_time: 2062383611811585, actual_exe_time: 20130, task_app_start_time:2062383252357287, task_sched_time:2062383611787405
app_id: 0, app_name: pulse_doppler_api-aarch64, task_id: 430, task_name: DASH_ZIP, resource_name: zip1, ref_start_time: 2062383612700485, ref_stop_time: 2062383612740025, actual_exe_time: 39540, task_app_start_time:2062383252357287, task_sched_time:2062383612691995
app_id: 0, app_name: pulse_doppler_api-aarch64, task_id: 431, task_name: DASH_FFT, resource_name: cpu1, ref_start_time: 2062383613342365, ref_stop_time: 2062383613368495, actual_exe_time: 26130, task_app_start_time:2062383252357287, task_sched_time:2062383613339485
app_id: 0, app_name: pulse_doppler_api-aarch64, task_id: 432, task_name: DASH_FFT, resource_name: cpu2, ref_start_time: 2062383614035515, ref_stop_time: 2062383614055675, actual_exe_time: 20160, task_app_start_time:2062383252357287, task_sched_time:2062383614026275
app_id: 0, app_name: pulse_doppler_api-aarch64, task_id: 433, task_name: DASH_FFT, resource_name: cpu3, ref_start_time: 2062383614628615, ref_stop_time: 2062383614648805, actual_exe_time: 20190, task_app_start_time:2062383252357287, task_sched_time:2062383614626215
app_id: 0, app_name: pulse_doppler_api-aarch64, task_id: 434, task_name: DASH_ZIP, resource_name: zip1, ref_start_time: 2062383615480285, ref_stop_time: 2062383615519375, actual_exe_time: 39090, task_app_start_time:2062383252357287, task_sched_time:2062383615473085
app_id: 0, app_name: pulse_doppler_api-aarch64, task_id: 435, task_name: DASH_FFT, resource_name: cpu1, ref_start_time: 2062383616032885, ref_stop_time: 2062383616058295, actual_exe_time: 25410, task_app_start_time:2062383252357287, task_sched_time:2062383616023375
app_id: 0, app_name: pulse_doppler_api-aarch64, task_id: 436, task_name: DASH_FFT, resource_name: cpu2, ref_start_time: 2062383617044096, ref_stop_time: 2062383617064286, actual_exe_time: 20190, task_app_start_time:2062383252357287, task_sched_time:2062383617036896
app_id: 0, app_name: pulse_doppler_api-aarch64, task_id: 437, task_name: DASH_FFT, resource_name: cpu3, ref_start_time: 2062383617613766, ref_stop_time: 2062383617633986, actual_exe_time: 20220, task_app_start_time:2062383252357287, task_sched_time:2062383617607766
app_id: 0, app_name: pulse_doppler_api-aarch64, task_id: 438, task_name: DASH_ZIP, resource_name: zip1, ref_start_time: 2062383618372616, ref_stop_time: 2062383618411286, actual_exe_time: 38670, task_app_start_time:2062383252357287, task_sched_time:2062383618363946
app_id: 0, app_name: pulse_doppler_api-aarch64, task_id: 439, task_name: DASH_FFT, resource_name: cpu1, ref_start_time: 2062383619195096, ref_stop_time: 2062383619220536, actual_exe_time: 25440, task_app_start_time:2062383252357287, task_sched_time:2062383619192336
app_id: 0, app_name: pulse_doppler_api-aarch64, task_id: 440, task_name: DASH_FFT, resource_name: cpu2, ref_start_time: 2062383619921726, ref_stop_time: 2062383619941526, actual_exe_time: 19800, task_app_start_time:2062383252357287, task_sched_time:2062383619913506
app_id: 0, app_name: pulse_doppler_api-aarch64, task_id: 441, task_name: DASH_FFT, resource_name: cpu3, ref_start_time: 2062383620475886, ref_stop_time: 2062383620496016, actual_exe_time: 20130, task_app_start_time:2062383252357287, task_sched_time:2062383620471326
app_id: 0, app_name: pulse_doppler_api-aarch64, task_id: 442, task_name: DASH_ZIP, resource_name: zip1, ref_start_time: 2062383621310726, ref_stop_time: 2062383621350356, actual_exe_time: 39630, task_app_start_time:2062383252357287, task_sched_time:2062383621306286
app_id: 0, app_name: pulse_doppler_api-aarch64, task_id: 443, task_name: DASH_FFT, resource_name: cpu1, ref_start_time: 2062383621876496, ref_stop_time: 2062383621901426, actual_exe_time: 24930, task_app_start_time:2062383252357287, task_sched_time:2062383621864076
app_id: 0, app_name: pulse_doppler_api-aarch64, task_id: 444, task_name: DASH_FFT, resource_name: cpu2, ref_start_time: 2062383622630187, ref_stop_time: 2062383622650677, actual_exe_time: 20490, task_app_start_time:2062383252357287, task_sched_time:2062383622626707
app_id: 0, app_name: pulse_doppler_api-aarch64, task_id: 445, task_name: DASH_FFT, resource_name: cpu3, ref_start_time: 2062383623097977, ref_stop_time: 2062383623118167, actual_exe_time: 20190, task_app_start_time:2062383252357287, task_sched_time:2062383623093867
app_id: 0, app_name: pulse_doppler_api-aarch64, task_id: 446, task_name: DASH_ZIP, resource_name: zip1, ref_start_time: 2062383623813537, ref_stop_time: 2062383623852717, actual_exe_time: 39180, task_app_start_time:2062383252357287, task_sched_time:2062383623809877
app_id: 0, app_name: pulse_doppler_api-aarch64, task_id: 447, task_name: DASH_FFT, resource_name: cpu1, ref_start_time: 2062383624766367, ref_stop_time: 2062383624791987, actual_exe_time: 25620, task_app_start_time:2062383252357287, task_sched_time:2062383624760967
app_id: 0, app_name: pulse_doppler_api-aarch64, task_id: 448, task_name: DASH_FFT, resource_name: cpu2, ref_start_time: 2062383625647647, ref_stop_time: 2062383625667897, actual_exe_time: 20250, task_app_start_time:2062383252357287, task_sched_time:2062383625641527
app_id: 0, app_name: pulse_doppler_api-aarch64, task_id: 449, task_name: DASH_FFT, resource_name: cpu3, ref_start_time: 2062383626392397, ref_stop_time: 2062383626412527, actual_exe_time: 20130, task_app_start_time:2062383252357287, task_sched_time:2062383626385437
app_id: 0, app_name: pulse_doppler_api-aarch64, task_id: 450, task_name: DASH_ZIP, resource_name: zip1, ref_start_time: 2062383627191177, ref_stop_time: 2062383627230477, actual_exe_time: 39300, task_app_start_time:2062383252357287, task_sched_time:2062383627185417
app_id: 0, app_name: pulse_doppler_api-aarch64, task_id: 451, task_name: DASH_FFT, resource_name: cpu1, ref_start_time: 2062383627832817, ref_stop_time: 2062383627859127, actual_exe_time: 26310, task_app_start_time:2062383252357287, task_sched_time:2062383627823997
app_id: 0, app_name: pulse_doppler_api-aarch64, task_id: 452, task_name: DASH_FFT, resource_name: cpu2, ref_start_time: 2062383628549758, ref_stop_time: 2062383628569948, actual_exe_time: 20190, task_app_start_time:2062383252357287, task_sched_time:2062383628544508
app_id: 0, app_name: pulse_doppler_api-aarch64, task_id: 453, task_name: DASH_FFT, resource_name: cpu3, ref_start_time: 2062383629145348, ref_stop_time: 2062383629165538, actual_exe_time: 20190, task_app_start_time:2062383252357287, task_sched_time:2062383629142138
app_id: 0, app_name: pulse_doppler_api-aarch64, task_id: 454, task_name: DASH_ZIP, resource_name: zip1, ref_start_time: 2062383629840628, ref_stop_time: 2062383629879838, actual_exe_time: 39210, task_app_start_time:2062383252357287, task_sched_time:2062383629837778
app_id: 0, app_name: pulse_doppler_api-aarch64, task_id: 455, task_name: DASH_FFT, resource_name: cpu1, ref_start_time: 2062383630656628, ref_stop_time: 2062383630681618, actual_exe_time: 24990, task_app_start_time:2062383252357287, task_sched_time:2062383630644388
app_id: 0, app_name: pulse_doppler_api-aarch64, task_id: 456, task_name: DASH_FFT, resource_name: cpu2, ref_start_time: 2062383631343328, ref_stop_time: 2062383631363188, actual_exe_time: 19860, task_app_start_time:2062383252357287, task_sched_time:2062383631335978
app_id: 0, app_name: pulse_doppler_api-aarch64, task_id: 457, task_name: DASH_FFT, resource_name: cpu3, ref_start_time: 2062383631817928, ref_stop_time: 2062383631837878, actual_exe_time: 19950, task_app_start_time:2062383252357287, task_sched_time:2062383631811298
app_id: 0, app_name: pulse_doppler_api-aarch64, task_id: 458, task_name: DASH_ZIP, resource_name: zip1, ref_start_time: 2062383632701218, ref_stop_time: 2062383632739858, actual_exe_time: 38640, task_app_start_time:2062383252357287, task_sched_time:2062383632693028
app_id: 0, app_name: pulse_doppler_api-aarch64, task_id: 459, task_name: DASH_FFT, resource_name: cpu1, ref_start_time: 2062383633561678, ref_stop_time: 2062383633587298, actual_exe_time: 25620, task_app_start_time:2062383252357287, task_sched_time:2062383633552498
app_id: 0, app_name: pulse_doppler_api-aarch64, task_id: 460, task_name: DASH_FFT, resource_name: cpu2, ref_start_time: 2062383634407648, ref_stop_time: 2062383634427628, actual_exe_time: 19980, task_app_start_time:2062383252357287, task_sched_time:2062383634403358
app_id: 0, app_name: pulse_doppler_api-aarch64, task_id: 461, task_name: DASH_FFT, resource_name: cpu3, ref_start_time: 2062383635045629, ref_stop_time: 2062383635065879, actual_exe_time: 20250, task_app_start_time:2062383252357287, task_sched_time:2062383635038699
app_id: 0, app_name: pulse_doppler_api-aarch64, task_id: 462, task_name: DASH_ZIP, resource_name: zip1, ref_start_time: 2062383635794429, ref_stop_time: 2062383635834089, actual_exe_time: 39660, task_app_start_time:2062383252357287, task_sched_time:2062383635785909
app_id: 0, app_name: pulse_doppler_api-aarch64, task_id: 463, task_name: DASH_FFT, resource_name: cpu1, ref_start_time: 2062383636821869, ref_stop_time: 2062383636847279, actual_exe_time: 25410, task_app_start_time:2062383252357287, task_sched_time:2062383636811909
app_id: 0, app_name: pulse_doppler_api-aarch64, task_id: 464, task_name: DASH_FFT, resource_name: cpu2, ref_start_time: 2062383637496719, ref_stop_time: 2062383637517089, actual_exe_time: 20370, task_app_start_time:2062383252357287, task_sched_time:2062383637493119
app_id: 0, app_name: pulse_doppler_api-aarch64, task_id: 465, task_name: DASH_FFT, resource_name: cpu3, ref_start_time: 2062383638135179, ref_stop_time: 2062383638155879, actual_exe_time: 20700, task_app_start_time:2062383252357287, task_sched_time:2062383638128849
app_id: 0, app_name: pulse_doppler_api-aarch64, task_id: 466, task_name: DASH_ZIP, resource_name: zip1, ref_start_time: 2062383639001339, ref_stop_time: 2062383639040369, actual_exe_time: 39030, task_app_start_time:2062383252357287, task_sched_time:2062383638991919
app_id: 0, app_name: pulse_doppler_api-aarch64, task_id: 467, task_name: DASH_FFT, resource_name: cpu1, ref_start_time: 2062383639635059, ref_stop_time: 2062383639660199, actual_exe_time: 25140, task_app_start_time:2062383252357287, task_sched_time:2062383639626269
app_id: 0, app_name: pulse_doppler_api-aarch64, task_id: 468, task_name: DASH_FFT, resource_name: cpu2, ref_start_time: 2062383640471519, ref_stop_time: 2062383640491859, actual_exe_time: 20340, task_app_start_time:2062383252357287, task_sched_time:2062383640468249
app_id: 0, app_name: pulse_doppler_api-aarch64, task_id: 469, task_name: DASH_FFT, resource_name: cpu3, ref_start_time: 2062383641054420, ref_stop_time: 2062383641074730, actual_exe_time: 20310, task_app_start_time:2062383252357287, task_sched_time:2062383641049560
app_id: 0, app_name: pulse_doppler_api-aarch64, task_id: 470, task_name: DASH_ZIP, resource_name: zip1, ref_start_time: 2062383641989700, ref_stop_time: 2062383642028460, actual_exe_time: 38760, task_app_start_time:2062383252357287, task_sched_time:2062383641984330
app_id: 0, app_name: pulse_doppler_api-aarch64, task_id: 471, task_name: DASH_FFT, resource_name: cpu1, ref_start_time: 2062383642770720, ref_stop_time: 2062383642796130, actual_exe_time: 25410, task_app_start_time:2062383252357287, task_sched_time:2062383642760580
app_id: 0, app_name: pulse_doppler_api-aarch64, task_id: 472, task_name: DASH_FFT, resource_name: cpu2, ref_start_time: 2062383643188050, ref_stop_time: 2062383643208030, actual_exe_time: 19980, task_app_start_time:2062383252357287, task_sched_time:2062383643185500
app_id: 0, app_name: pulse_doppler_api-aarch64, task_id: 473, task_name: DASH_FFT, resource_name: cpu3, ref_start_time: 2062383644087840, ref_stop_time: 2062383644107790, actual_exe_time: 19950, task_app_start_time:2062383252357287, task_sched_time:2062383644081060
app_id: 0, app_name: pulse_doppler_api-aarch64, task_id: 474, task_name: DASH_ZIP, resource_name: zip1, ref_start_time: 2062383644971610, ref_stop_time: 2062383645010310, actual_exe_time: 38700, task_app_start_time:2062383252357287, task_sched_time:2062383644968400
app_id: 0, app_name: pulse_doppler_api-aarch64, task_id: 475, task_name: DASH_FFT, resource_name: cpu1, ref_start_time: 2062383645616250, ref_stop_time: 2062383645641930, actual_exe_time: 25680, task_app_start_time:2062383252357287, task_sched_time:2062383645607880
app_id: 0, app_name: pulse_doppler_api-aarch64, task_id: 476, task_name: DASH_FFT, resource_name: cpu2, ref_start_time: 2062383646136480, ref_stop_time: 2062383646156520, actual_exe_time: 20040, task_app_start_time:2062383252357287, task_sched_time:2062383646127960
app_id: 0, app_name: pulse_doppler_api-aarch64, task_id: 477, task_name: DASH_FFT, resource_name: cpu3, ref_start_time: 2062383646990220, ref_stop_time: 2062383647010170, actual_exe_time: 19950, task_app_start_time:2062383252357287, task_sched_time:2062383646984370
app_id: 0, app_name: pulse_doppler_api-aarch64, task_id: 478, task_name: DASH_ZIP, resource_name: zip1, ref_start_time: 2062383647977851, ref_stop_time: 2062383648016491, actual_exe_time: 38640, task_app_start_time:2062383252357287, task_sched_time:2062383647970141
app_id: 0, app_name: pulse_doppler_api-aarch64, task_id: 479, task_name: DASH_FFT, resource_name: cpu1, ref_start_time: 2062383648697431, ref_stop_time: 2062383648722541, actual_exe_time: 25110, task_app_start_time:2062383252357287, task_sched_time:2062383648683061
app_id: 0, app_name: pulse_doppler_api-aarch64, task_id: 480, task_name: DASH_FFT, resource_name: cpu2, ref_start_time: 2062383649565901, ref_stop_time: 2062383649586001, actual_exe_time: 20100, task_app_start_time:2062383252357287, task_sched_time:2062383649546551
app_id: 0, app_name: pulse_doppler_api-aarch64, task_id: 481, task_name: DASH_FFT, resource_name: cpu3, ref_start_time: 2062383650110401, ref_stop_time: 2062383650130531, actual_exe_time: 20130, task_app_start_time:2062383252357287, task_sched_time:2062383650103051
app_id: 0, app_name: pulse_doppler_api-aarch64, task_id: 482, task_name: DASH_ZIP, resource_name: zip1, ref_start_time: 2062383651137361, ref_stop_time: 2062383651176601, actual_exe_time: 39240, task_app_start_time:2062383252357287, task_sched_time:2062383651133521
app_id: 0, app_name: pulse_doppler_api-aarch64, task_id: 483, task_name: DASH_FFT, resource_name: cpu1, ref_start_time: 2062383651886011, ref_stop_time: 2062383651912921, actual_exe_time: 26910, task_app_start_time:2062383252357287, task_sched_time:2062383651881361
app_id: 0, app_name: pulse_doppler_api-aarch64, task_id: 484, task_name: DASH_FFT, resource_name: cpu2, ref_start_time: 2062383652698531, ref_stop_time: 2062383652718721, actual_exe_time: 20190, task_app_start_time:2062383252357287, task_sched_time:2062383652690101
app_id: 0, app_name: pulse_doppler_api-aarch64, task_id: 485, task_name: DASH_FFT, resource_name: cpu3, ref_start_time: 2062383653155191, ref_stop_time: 2062383653175351, actual_exe_time: 20160, task_app_start_time:2062383252357287, task_sched_time:2062383653150661
app_id: 0, app_name: pulse_doppler_api-aarch64, task_id: 486, task_name: DASH_ZIP, resource_name: zip1, ref_start_time: 2062383654010432, ref_stop_time: 2062383654049642, actual_exe_time: 39210, task_app_start_time:2062383252357287, task_sched_time:2062383654004912
app_id: 0, app_name: pulse_doppler_api-aarch64, task_id: 487, task_name: DASH_FFT, resource_name: cpu1, ref_start_time: 2062383654713272, ref_stop_time: 2062383654738532, actual_exe_time: 25260, task_app_start_time:2062383252357287, task_sched_time:2062383654708292
app_id: 0, app_name: pulse_doppler_api-aarch64, task_id: 488, task_name: DASH_FFT, resource_name: cpu2, ref_start_time: 2062383655466302, ref_stop_time: 2062383655486222, actual_exe_time: 19920, task_app_start_time:2062383252357287, task_sched_time:2062383655460032
app_id: 0, app_name: pulse_doppler_api-aarch64, task_id: 489, task_name: DASH_FFT, resource_name: cpu3, ref_start_time: 2062383655921792, ref_stop_time: 2062383655941772, actual_exe_time: 19980, task_app_start_time:2062383252357287, task_sched_time:2062383655919212
app_id: 0, app_name: pulse_doppler_api-aarch64, task_id: 490, task_name: DASH_ZIP, resource_name: zip1, ref_start_time: 2062383656438962, ref_stop_time: 2062383656478292, actual_exe_time: 39330, task_app_start_time:2062383252357287, task_sched_time:2062383656432782
app_id: 0, app_name: pulse_doppler_api-aarch64, task_id: 491, task_name: DASH_FFT, resource_name: cpu1, ref_start_time: 2062383657263992, ref_stop_time: 2062383657290302, actual_exe_time: 26310, task_app_start_time:2062383252357287, task_sched_time:2062383657260272
app_id: 0, app_name: pulse_doppler_api-aarch64, task_id: 492, task_name: DASH_FFT, resource_name: cpu2, ref_start_time: 2062383658247932, ref_stop_time: 2062383658268032, actual_exe_time: 20100, task_app_start_time:2062383252357287, task_sched_time:2062383658243732
app_id: 0, app_name: pulse_doppler_api-aarch64, task_id: 493, task_name: DASH_FFT, resource_name: cpu3, ref_start_time: 2062383658728052, ref_stop_time: 2062383658748212, actual_exe_time: 20160, task_app_start_time:2062383252357287, task_sched_time:2062383658724542
app_id: 0, app_name: pulse_doppler_api-aarch64, task_id: 494, task_name: DASH_ZIP, resource_name: zip1, ref_start_time: 2062383659422252, ref_stop_time: 2062383659461342, actual_exe_time: 39090, task_app_start_time:2062383252357287, task_sched_time:2062383659412592
app_id: 0, app_name: pulse_doppler_api-aarch64, task_id: 495, task_name: DASH_FFT, resource_name: cpu1, ref_start_time: 2062383660061553, ref_stop_time: 2062383660086483, actual_exe_time: 24930, task_app_start_time:2062383252357287, task_sched_time:2062383660044723
app_id: 0, app_name: pulse_doppler_api-aarch64, task_id: 496, task_name: DASH_FFT, resource_name: cpu2, ref_start_time: 2062383660900653, ref_stop_time: 2062383660920903, actual_exe_time: 20250, task_app_start_time:2062383252357287, task_sched_time:2062383660891323
app_id: 0, app_name: pulse_doppler_api-aarch64, task_id: 497, task_name: DASH_FFT, resource_name: cpu3, ref_start_time: 2062383661550093, ref_stop_time: 2062383661570763, actual_exe_time: 20670, task_app_start_time:2062383252357287, task_sched_time:2062383661544633
app_id: 0, app_name: pulse_doppler_api-aarch64, task_id: 498, task_name: DASH_ZIP, resource_name: zip1, ref_start_time: 2062383662351453, ref_stop_time: 2062383662390033, actual_exe_time: 38580, task_app_start_time:2062383252357287, task_sched_time:2062383662346353
app_id: 0, app_name: pulse_doppler_api-aarch64, task_id: 499, task_name: DASH_FFT, resource_name: cpu1, ref_start_time: 2062383662693663, ref_stop_time: 2062383662718923, actual_exe_time: 25260, task_app_start_time:2062383252357287, task_sched_time:2062383662688503
app_id: 0, app_name: pulse_doppler_api-aarch64, task_id: 500, task_name: DASH_FFT, resource_name: cpu2, ref_start_time: 2062383663237173, ref_stop_time: 2062383663256973, actual_exe_time: 19800, task_app_start_time:2062383252357287, task_sched_time:2062383663229433
app_id: 0, app_name: pulse_doppler_api-aarch64, task_id: 501, task_name: DASH_FFT, resource_name: cpu3, ref_start_time: 2062383664293353, ref_stop_time: 2062383664313573, actual_exe_time: 20220, task_app_start_time:2062383252357287, task_sched_time:2062383664286843
app_id: 0, app_name: pulse_doppler_api-aarch64, task_id: 502, task_name: DASH_ZIP, resource_name: zip1, ref_start_time: 2062383665331833, ref_stop_time: 2062383665371223, actual_exe_time: 39390, task_app_start_time:2062383252357287, task_sched_time:2062383665325323
app_id: 0, app_name: pulse_doppler_api-aarch64, task_id: 503, task_name: DASH_FFT, resource_name: cpu1, ref_start_time: 2062383665890224, ref_stop_time: 2062383665915424, actual_exe_time: 25200, task_app_start_time:2062383252357287, task_sched_time:2062383665878134
app_id: 0, app_name: pulse_doppler_api-aarch64, task_id: 504, task_name: DASH_FFT, resource_name: cpu2, ref_start_time: 2062383666732204, ref_stop_time: 2062383666752484, actual_exe_time: 20280, task_app_start_time:2062383252357287, task_sched_time:2062383666724254
app_id: 0, app_name: pulse_doppler_api-aarch64, task_id: 505, task_name: DASH_FFT, resource_name: cpu3, ref_start_time: 2062383667265724, ref_stop_time: 2062383667286064, actual_exe_time: 20340, task_app_start_time:2062383252357287, task_sched_time:2062383667260684
app_id: 0, app_name: pulse_doppler_api-aarch64, task_id: 506, task_name: DASH_ZIP, resource_name: zip1, ref_start_time: 2062383668023554, ref_stop_time: 2062383668063124, actual_exe_time: 39570, task_app_start_time:2062383252357287, task_sched_time:2062383668017644
app_id: 0, app_name: pulse_doppler_api-aarch64, task_id: 507, task_name: DASH_FFT, resource_name: cpu1, ref_start_time: 2062383669314724, ref_stop_time: 2062383669341154, actual_exe_time: 26430, task_app_start_time:2062383252357287, task_sched_time:2062383669311034
app_id: 0, app_name: pulse_doppler_api-aarch64, task_id: 508, task_name: DASH_FFT, resource_name: cpu2, ref_start_time: 2062383670227174, ref_stop_time: 2062383670247244, actual_exe_time: 20070, task_app_start_time:2062383252357287, task_sched_time:2062383670220304
app_id: 0, app_name: pulse_doppler_api-aarch64, task_id: 509, task_name: DASH_FFT, resource_name: cpu3, ref_start_time: 2062383670799304, ref_stop_time: 2062383670819524, actual_exe_time: 20220, task_app_start_time:2062383252357287, task_sched_time:2062383670794834
app_id: 0, app_name: pulse_doppler_api-aarch64, task_id: 510, task_name: DASH_ZIP, resource_name: zip1, ref_start_time: 2062383671558904, ref_stop_time: 2062383671598294, actual_exe_time: 39390, task_app_start_time:2062383252357287, task_sched_time:2062383671553264
app_id: 0, app_name: pulse_doppler_api-aarch64, task_id: 511, task_name: DASH_FFT, resource_name: cpu1, ref_start_time: 2062383672454105, ref_stop_time: 2062383672480145, actual_exe_time: 26040, task_app_start_time:2062383252357287, task_sched_time:2062383672448495
