app_id: 0, app_name: pulse_doppler_api-aarch64, task_id: 0, task_name: DASH_FFT, resource_name: cpu1, ref_start_time: 73701973725887, ref_stop_time: 73701973877837, actual_exe_time: 151950, task_app_start_time:73701971035907, task_sched_time:73701973718927
app_id: 0, app_name: pulse_doppler_api-aarch64, task_id: 1, task_name: DASH_FFT, resource_name: cpu2, ref_start_time: 73701974502497, ref_stop_time: 73701974577377, actual_exe_time: 74880, task_app_start_time:73701971035907, task_sched_time:73701974498207
app_id: 0, app_name: pulse_doppler_api-aarch64, task_id: 2, task_name: DASH_ZIP, resource_name: cpu3, ref_start_time: 73701975204738, ref_stop_time: 73701975227808, actual_exe_time: 23070, task_app_start_time:73701971035907, task_sched_time:73701975195108
app_id: 0, app_name: pulse_doppler_api-aarch64, task_id: 3, task_name: DASH_FFT, resource_name: fft1, ref_start_time: 73701975751488, ref_stop_time: 73701975824448, actual_exe_time: 72960, task_app_start_time:73701971035907, task_sched_time:73701975748428
app_id: 0, app_name: pulse_doppler_api-aarch64, task_id: 4, task_name: DASH_FFT, resource_name: fft2, ref_start_time: 73701976999128, ref_stop_time: 73701977039658, actual_exe_time: 40530, task_app_start_time:73701971035907, task_sched_time:73701976993998
app_id: 0, app_name: pulse_doppler_api-aarch64, task_id: 5, task_name: DASH_FFT, resource_name: cpu1, ref_start_time: 73701977868528, ref_stop_time: 73701977892738, actual_exe_time: 24210, task_app_start_time:73701971035907, task_sched_time:73701977862438
app_id: 0, app_name: pulse_doppler_api-aarch64, task_id: 6, task_name: DASH_ZIP, resource_name: cpu2, ref_start_time: 73701978495648, ref_stop_time: 73701978516708, actual_exe_time: 21060, task_app_start_time:73701971035907, task_sched_time:73701978488028
app_id: 0, app_name: pulse_doppler_api-aarch64, task_id: 7, task_name: DASH_FFT, resource_name: cpu3, ref_start_time: 73701979044768, ref_stop_time: 73701979132098, actual_exe_time: 87330, task_app_start_time:73701971035907, task_sched_time:73701979041558
app_id: 0, app_name: pulse_doppler_api-aarch64, task_id: 8, task_name: DASH_FFT, resource_name: fft1, ref_start_time: 73701980338188, ref_stop_time: 73701980368308, actual_exe_time: 30120, task_app_start_time:73701971035907, task_sched_time:73701980327478
app_id: 0, app_name: pulse_doppler_api-aarch64, task_id: 9, task_name: DASH_FFT, resource_name: fft2, ref_start_time: 73701981006108, ref_stop_time: 73701981032058, actual_exe_time: 25950, task_app_start_time:73701971035907, task_sched_time:73701980997768
app_id: 0, app_name: pulse_doppler_api-aarch64, task_id: 10, task_name: DASH_ZIP, resource_name: zip1, ref_start_time: 73701981552229, ref_stop_time: 73701981613369, actual_exe_time: 61140, task_app_start_time:73701971035907, task_sched_time:73701981548149
app_id: 0, app_name: pulse_doppler_api-aarch64, task_id: 11, task_name: DASH_FFT, resource_name: cpu1, ref_start_time: 73701982128049, ref_stop_time: 73701982153339, actual_exe_time: 25290, task_app_start_time:73701971035907, task_sched_time:73701982121209
app_id: 0, app_name: pulse_doppler_api-aarch64, task_id: 12, task_name: DASH_FFT, resource_name: cpu2, ref_start_time: 73701983492269, ref_stop_time: 73701983513749, actual_exe_time: 21480, task_app_start_time:73701971035907, task_sched_time:73701983484079
app_id: 0, app_name: pulse_doppler_api-aarch64, task_id: 13, task_name: DASH_FFT, resource_name: cpu3, ref_start_time: 73701984191869, ref_stop_time: 73701984212719, actual_exe_time: 20850, task_app_start_time:73701971035907, task_sched_time:73701984189229
app_id: 0, app_name: pulse_doppler_api-aarch64, task_id: 14, task_name: DASH_ZIP, resource_name: zip1, ref_start_time: 73701985286779, ref_stop_time: 73701985326469, actual_exe_time: 39690, task_app_start_time:73701971035907, task_sched_time:73701985277089
app_id: 0, app_name: pulse_doppler_api-aarch64, task_id: 15, task_name: DASH_FFT, resource_name: cpu1, ref_start_time: 73701986080459, ref_stop_time: 73701986105569, actual_exe_time: 25110, task_app_start_time:73701971035907, task_sched_time:73701986068879
app_id: 0, app_name: pulse_doppler_api-aarch64, task_id: 16, task_name: DASH_FFT, resource_name: cpu2, ref_start_time: 73701987413989, ref_stop_time: 73701987434869, actual_exe_time: 20880, task_app_start_time:73701971035907, task_sched_time:73701987409129
app_id: 0, app_name: pulse_doppler_api-aarch64, task_id: 17, task_name: DASH_FFT, resource_name: cpu3, ref_start_time: 73701987853910, ref_stop_time: 73701987874220, actual_exe_time: 20310, task_app_start_time:73701971035907, task_sched_time:73701987846890
app_id: 0, app_name: pulse_doppler_api-aarch64, task_id: 18, task_name: DASH_ZIP, resource_name: zip1, ref_start_time: 73701988656890, ref_stop_time: 73701988696520, actual_exe_time: 39630, task_app_start_time:73701971035907, task_sched_time:73701988653350
app_id: 0, app_name: pulse_doppler_api-aarch64, task_id: 19, task_name: DASH_FFT, resource_name: cpu1, ref_start_time: 73701989378480, ref_stop_time: 73701989403710, actual_exe_time: 25230, task_app_start_time:73701971035907, task_sched_time:73701989366270
app_id: 0, app_name: pulse_doppler_api-aarch64, task_id: 20, task_name: DASH_FFT, resource_name: cpu2, ref_start_time: 73701990519530, ref_stop_time: 73701990540020, actual_exe_time: 20490, task_app_start_time:73701971035907, task_sched_time:73701990510410
app_id: 0, app_name: pulse_doppler_api-aarch64, task_id: 21, task_name: DASH_FFT, resource_name: cpu3, ref_start_time: 73701991067450, ref_stop_time: 73701991087640, actual_exe_time: 20190, task_app_start_time:73701971035907, task_sched_time:73701991059770
app_id: 0, app_name: pulse_doppler_api-aarch64, task_id: 22, task_name: DASH_ZIP, resource_name: zip1, ref_start_time: 73701991852880, ref_stop_time: 73701991891460, actual_exe_time: 38580, task_app_start_time:73701971035907, task_sched_time:73701991847870
app_id: 0, app_name: pulse_doppler_api-aarch64, task_id: 23, task_name: DASH_FFT, resource_name: cpu1, ref_start_time: 73701992488760, ref_stop_time: 73701992513990, actual_exe_time: 25230, task_app_start_time:73701971035907, task_sched_time:73701992478710
app_id: 0, app_name: pulse_doppler_api-aarch64, task_id: 24, task_name: DASH_FFT, resource_name: cpu2, ref_start_time: 73701993815751, ref_stop_time: 73701993836451, actual_exe_time: 20700, task_app_start_time:73701971035907, task_sched_time:73701993807081
app_id: 0, app_name: pulse_doppler_api-aarch64, task_id: 25, task_name: DASH_FFT, resource_name: cpu3, ref_start_time: 73701994259991, ref_stop_time: 73701994280451, actual_exe_time: 20460, task_app_start_time:73701971035907, task_sched_time:73701994250841
app_id: 0, app_name: pulse_doppler_api-aarch64, task_id: 26, task_name: DASH_ZIP, resource_name: zip1, ref_start_time: 73701995022111, ref_stop_time: 73701995060841, actual_exe_time: 38730, task_app_start_time:73701971035907, task_sched_time:73701995012751
app_id: 0, app_name: pulse_doppler_api-aarch64, task_id: 27, task_name: DASH_FFT, resource_name: cpu1, ref_start_time: 73701995647221, ref_stop_time: 73701995672391, actual_exe_time: 25170, task_app_start_time:73701971035907, task_sched_time:73701995643681
app_id: 0, app_name: pulse_doppler_api-aarch64, task_id: 28, task_name: DASH_FFT, resource_name: cpu2, ref_start_time: 73701997181841, ref_stop_time: 73701997202511, actual_exe_time: 20670, task_app_start_time:73701971035907, task_sched_time:73701997176501
app_id: 0, app_name: pulse_doppler_api-aarch64, task_id: 29, task_name: DASH_FFT, resource_name: cpu3, ref_start_time: 73701997887081, ref_stop_time: 73701997907601, actual_exe_time: 20520, task_app_start_time:73701971035907, task_sched_time:73701997884261
app_id: 0, app_name: pulse_doppler_api-aarch64, task_id: 30, task_name: DASH_ZIP, resource_name: zip1, ref_start_time: 73701998849751, ref_stop_time: 73701998888991, actual_exe_time: 39240, task_app_start_time:73701971035907, task_sched_time:73701998845461
app_id: 0, app_name: pulse_doppler_api-aarch64, task_id: 31, task_name: DASH_FFT, resource_name: cpu1, ref_start_time: 73701999575931, ref_stop_time: 73701999601401, actual_exe_time: 25470, task_app_start_time:73701971035907, task_sched_time:73701999566661
app_id: 0, app_name: pulse_doppler_api-aarch64, task_id: 32, task_name: DASH_FFT, resource_name: cpu2, ref_start_time: 73702000776352, ref_stop_time: 73702000796962, actual_exe_time: 20610, task_app_start_time:73701971035907, task_sched_time:73702000768732
app_id: 0, app_name: pulse_doppler_api-aarch64, task_id: 33, task_name: DASH_FFT, resource_name: cpu3, ref_start_time: 73702001291152, ref_stop_time: 73702001311402, actual_exe_time: 20250, task_app_start_time:73701971035907, task_sched_time:73702001284702
app_id: 0, app_name: pulse_doppler_api-aarch64, task_id: 34, task_name: DASH_ZIP, resource_name: zip1, ref_start_time: 73702002079162, ref_stop_time: 73702002118792, actual_exe_time: 39630, task_app_start_time:73701971035907, task_sched_time:73702002074752
app_id: 0, app_name: pulse_doppler_api-aarch64, task_id: 35, task_name: DASH_FFT, resource_name: cpu1, ref_start_time: 73702002706312, ref_stop_time: 73702002731392, actual_exe_time: 25080, task_app_start_time:73701971035907, task_sched_time:73702002703492
app_id: 0, app_name: pulse_doppler_api-aarch64, task_id: 36, task_name: DASH_FFT, resource_name: cpu2, ref_start_time: 73702003877992, ref_stop_time: 73702003898182, actual_exe_time: 20190, task_app_start_time:73701971035907, task_sched_time:73702003868902
app_id: 0, app_name: pulse_doppler_api-aarch64, task_id: 37, task_name: DASH_FFT, resource_name: cpu3, ref_start_time: 73702004453812, ref_stop_time: 73702004473852, actual_exe_time: 20040, task_app_start_time:73701971035907, task_sched_time:73702004450032
app_id: 0, app_name: pulse_doppler_api-aarch64, task_id: 38, task_name: DASH_ZIP, resource_name: zip1, ref_start_time: 73702005286882, ref_stop_time: 73702005326812, actual_exe_time: 39930, task_app_start_time:73701971035907, task_sched_time:73702005281632
app_id: 0, app_name: pulse_doppler_api-aarch64, task_id: 39, task_name: DASH_FFT, resource_name: cpu1, ref_start_time: 73702005906802, ref_stop_time: 73702005931942, actual_exe_time: 25140, task_app_start_time:73701971035907, task_sched_time:73702005901162
app_id: 0, app_name: pulse_doppler_api-aarch64, task_id: 40, task_name: DASH_FFT, resource_name: cpu2, ref_start_time: 73702007170793, ref_stop_time: 73702007191523, actual_exe_time: 20730, task_app_start_time:73701971035907, task_sched_time:73702007167463
app_id: 0, app_name: pulse_doppler_api-aarch64, task_id: 41, task_name: DASH_FFT, resource_name: cpu3, ref_start_time: 73702007660363, ref_stop_time: 73702007680493, actual_exe_time: 20130, task_app_start_time:73701971035907, task_sched_time:73702007656253
app_id: 0, app_name: pulse_doppler_api-aarch64, task_id: 42, task_name: DASH_ZIP, resource_name: zip1, ref_start_time: 73702008520193, ref_stop_time: 73702008559163, actual_exe_time: 38970, task_app_start_time:73701971035907, task_sched_time:73702008513863
app_id: 0, app_name: pulse_doppler_api-aarch64, task_id: 43, task_name: DASH_FFT, resource_name: cpu1, ref_start_time: 73702009171043, ref_stop_time: 73702009196153, actual_exe_time: 25110, task_app_start_time:73701971035907, task_sched_time:73702009157513
app_id: 0, app_name: pulse_doppler_api-aarch64, task_id: 44, task_name: DASH_FFT, resource_name: cpu2, ref_start_time: 73702010447423, ref_stop_time: 73702010467943, actual_exe_time: 20520, task_app_start_time:73701971035907, task_sched_time:73702010442293
app_id: 0, app_name: pulse_doppler_api-aarch64, task_id: 45, task_name: DASH_FFT, resource_name: cpu3, ref_start_time: 73702011160793, ref_stop_time: 73702011181253, actual_exe_time: 20460, task_app_start_time:73701971035907, task_sched_time:73702011156923
app_id: 0, app_name: pulse_doppler_api-aarch64, task_id: 46, task_name: DASH_ZIP, resource_name: zip1, ref_start_time: 73702011965693, ref_stop_time: 73702012004543, actual_exe_time: 38850, task_app_start_time:73701971035907, task_sched_time:73702011962213
app_id: 0, app_name: pulse_doppler_api-aarch64, task_id: 47, task_name: DASH_FFT, resource_name: cpu1, ref_start_time: 73702012509444, ref_stop_time: 73702012534914, actual_exe_time: 25470, task_app_start_time:73701971035907, task_sched_time:73702012506324
app_id: 0, app_name: pulse_doppler_api-aarch64, task_id: 48, task_name: DASH_FFT, resource_name: cpu2, ref_start_time: 73702013777814, ref_stop_time: 73702013798634, actual_exe_time: 20820, task_app_start_time:73701971035907, task_sched_time:73702013772174
app_id: 0, app_name: pulse_doppler_api-aarch64, task_id: 49, task_name: DASH_FFT, resource_name: cpu3, ref_start_time: 73702014366444, ref_stop_time: 73702014386724, actual_exe_time: 20280, task_app_start_time:73701971035907, task_sched_time:73702014358104
app_id: 0, app_name: pulse_doppler_api-aarch64, task_id: 50, task_name: DASH_ZIP, resource_name: zip1, ref_start_time: 73702015191984, ref_stop_time: 73702015231794, actual_exe_time: 39810, task_app_start_time:73701971035907, task_sched_time:73702015189164
app_id: 0, app_name: pulse_doppler_api-aarch64, task_id: 51, task_name: DASH_FFT, resource_name: cpu1, ref_start_time: 73702015919094, ref_stop_time: 73702015945044, actual_exe_time: 25950, task_app_start_time:73701971035907, task_sched_time:73702015915914
app_id: 0, app_name: pulse_doppler_api-aarch64, task_id: 52, task_name: DASH_FFT, resource_name: cpu2, ref_start_time: 73702017243414, ref_stop_time: 73702017264024, actual_exe_time: 20610, task_app_start_time:73701971035907, task_sched_time:73702017238854
app_id: 0, app_name: pulse_doppler_api-aarch64, task_id: 53, task_name: DASH_FFT, resource_name: cpu3, ref_start_time: 73702017890064, ref_stop_time: 73702017910284, actual_exe_time: 20220, task_app_start_time:73701971035907, task_sched_time:73702017885324
app_id: 0, app_name: pulse_doppler_api-aarch64, task_id: 54, task_name: DASH_ZIP, resource_name: zip1, ref_start_time: 73702018892575, ref_stop_time: 73702018932265, actual_exe_time: 39690, task_app_start_time:73701971035907, task_sched_time:73702018883245
app_id: 0, app_name: pulse_doppler_api-aarch64, task_id: 55, task_name: DASH_FFT, resource_name: cpu1, ref_start_time: 73702019669095, ref_stop_time: 73702019694835, actual_exe_time: 25740, task_app_start_time:73701971035907, task_sched_time:73702019660365
app_id: 0, app_name: pulse_doppler_api-aarch64, task_id: 56, task_name: DASH_FFT, resource_name: cpu2, ref_start_time: 73702020924175, ref_stop_time: 73702020944785, actual_exe_time: 20610, task_app_start_time:73701971035907, task_sched_time:73702020919285
app_id: 0, app_name: pulse_doppler_api-aarch64, task_id: 57, task_name: DASH_FFT, resource_name: cpu3, ref_start_time: 73702021564825, ref_stop_time: 73702021585465, actual_exe_time: 20640, task_app_start_time:73701971035907, task_sched_time:73702021561525
app_id: 0, app_name: pulse_doppler_api-aarch64, task_id: 58, task_name: DASH_ZIP, resource_name: zip1, ref_start_time: 73702022486935, ref_stop_time: 73702022526115, actual_exe_time: 39180, task_app_start_time:73701971035907, task_sched_time:73702022482975
app_id: 0, app_name: pulse_doppler_api-aarch64, task_id: 59, task_name: DASH_FFT, resource_name: cpu1, ref_start_time: 73702023156625, ref_stop_time: 73702023181585, actual_exe_time: 24960, task_app_start_time:73701971035907, task_sched_time:73702023150445
app_id: 0, app_name: pulse_doppler_api-aarch64, task_id: 60, task_name: DASH_FFT, resource_name: cpu2, ref_start_time: 73702024391605, ref_stop_time: 73702024411675, actual_exe_time: 20070, task_app_start_time:73701971035907, task_sched_time:73702024386295
app_id: 0, app_name: pulse_doppler_api-aarch64, task_id: 61, task_name: DASH_FFT, resource_name: cpu3, ref_start_time: 73702024918376, ref_stop_time: 73702024938626, actual_exe_time: 20250, task_app_start_time:73701971035907, task_sched_time:73702024914566
app_id: 0, app_name: pulse_doppler_api-aarch64, task_id: 62, task_name: DASH_ZIP, resource_name: zip1, ref_start_time: 73702025709716, ref_stop_time: 73702025748656, actual_exe_time: 38940, task_app_start_time:73701971035907, task_sched_time:73702025707046
app_id: 0, app_name: pulse_doppler_api-aarch64, task_id: 63, task_name: DASH_FFT, resource_name: cpu1, ref_start_time: 73702026342746, ref_stop_time: 73702026367796, actual_exe_time: 25050, task_app_start_time:73701971035907, task_sched_time:73702026335546
app_id: 0, app_name: pulse_doppler_api-aarch64, task_id: 64, task_name: DASH_FFT, resource_name: cpu2, ref_start_time: 73702027506926, ref_stop_time: 73702027527176, actual_exe_time: 20250, task_app_start_time:73701971035907, task_sched_time:73702027500746
app_id: 0, app_name: pulse_doppler_api-aarch64, task_id: 65, task_name: DASH_FFT, resource_name: cpu3, ref_start_time: 73702028046386, ref_stop_time: 73702028066666, actual_exe_time: 20280, task_app_start_time:73701971035907, task_sched_time:73702028037446
app_id: 0, app_name: pulse_doppler_api-aarch64, task_id: 66, task_name: DASH_ZIP, resource_name: zip1, ref_start_time: 73702028971706, ref_stop_time: 73702029010826, actual_exe_time: 39120, task_app_start_time:73701971035907, task_sched_time:73702028968346
app_id: 0, app_name: pulse_doppler_api-aarch64, task_id: 67, task_name: DASH_FFT, resource_name: cpu1, ref_start_time: 73702029522386, ref_stop_time: 73702029547796, actual_exe_time: 25410, task_app_start_time:73701971035907, task_sched_time:73702029517796
app_id: 0, app_name: pulse_doppler_api-aarch64, task_id: 68, task_name: DASH_FFT, resource_name: cpu2, ref_start_time: 73702030710326, ref_stop_time: 73702030730606, actual_exe_time: 20280, task_app_start_time:73701971035907, task_sched_time:73702030701326
app_id: 0, app_name: pulse_doppler_api-aarch64, task_id: 69, task_name: DASH_FFT, resource_name: cpu3, ref_start_time: 73702031223837, ref_stop_time: 73702031244117, actual_exe_time: 20280, task_app_start_time:73701971035907, task_sched_time:73702031219847
app_id: 0, app_name: pulse_doppler_api-aarch64, task_id: 70, task_name: DASH_ZIP, resource_name: zip1, ref_start_time: 73702032020967, ref_stop_time: 73702032060177, actual_exe_time: 39210, task_app_start_time:73701971035907, task_sched_time:73702032015237
app_id: 0, app_name: pulse_doppler_api-aarch64, task_id: 71, task_name: DASH_FFT, resource_name: cpu1, ref_start_time: 73702032662247, ref_stop_time: 73702032687327, actual_exe_time: 25080, task_app_start_time:73701971035907, task_sched_time:73702032658917
app_id: 0, app_name: pulse_doppler_api-aarch64, task_id: 72, task_name: DASH_FFT, resource_name: cpu2, ref_start_time: 73702033828377, ref_stop_time: 73702033848657, actual_exe_time: 20280, task_app_start_time:73701971035907, task_sched_time:73702033825377
app_id: 0, app_name: pulse_doppler_api-aarch64, task_id: 73, task_name: DASH_FFT, resource_name: cpu3, ref_start_time: 73702034367387, ref_stop_time: 73702034387757, actual_exe_time: 20370, task_app_start_time:73701971035907, task_sched_time:73702034361117
app_id: 0, app_name: pulse_doppler_api-aarch64, task_id: 74, task_name: DASH_ZIP, resource_name: zip1, ref_start_time: 73702035180957, ref_stop_time: 73702035220167, actual_exe_time: 39210, task_app_start_time:73701971035907, task_sched_time:73702035171477
app_id: 0, app_name: pulse_doppler_api-aarch64, task_id: 75, task_name: DASH_FFT, resource_name: cpu1, ref_start_time: 73702035842757, ref_stop_time: 73702035868497, actual_exe_time: 25740, task_app_start_time:73701971035907, task_sched_time:73702035834387
app_id: 0, app_name: pulse_doppler_api-aarch64, task_id: 76, task_name: DASH_FFT, resource_name: cpu2, ref_start_time: 73702037152317, ref_stop_time: 73702037172717, actual_exe_time: 20400, task_app_start_time:73701971035907, task_sched_time:73702037145747
app_id: 0, app_name: pulse_doppler_api-aarch64, task_id: 77, task_name: DASH_FFT, resource_name: cpu3, ref_start_time: 73702037595178, ref_stop_time: 73702037615398, actual_exe_time: 20220, task_app_start_time:73701971035907, task_sched_time:73702037587138
app_id: 0, app_name: pulse_doppler_api-aarch64, task_id: 78, task_name: DASH_ZIP, resource_name: zip1, ref_start_time: 73702038441298, ref_stop_time: 73702038480058, actual_exe_time: 38760, task_app_start_time:73701971035907, task_sched_time:73702038437338
app_id: 0, app_name: pulse_doppler_api-aarch64, task_id: 79, task_name: DASH_FFT, resource_name: cpu1, ref_start_time: 73702039207348, ref_stop_time: 73702039233448, actual_exe_time: 26100, task_app_start_time:73701971035907, task_sched_time:73702039196548
app_id: 0, app_name: pulse_doppler_api-aarch64, task_id: 80, task_name: DASH_FFT, resource_name: cpu2, ref_start_time: 73702040488798, ref_stop_time: 73702040509048, actual_exe_time: 20250, task_app_start_time:73701971035907, task_sched_time:73702040482138
app_id: 0, app_name: pulse_doppler_api-aarch64, task_id: 81, task_name: DASH_FFT, resource_name: cpu3, ref_start_time: 73702040964238, ref_stop_time: 73702040984698, actual_exe_time: 20460, task_app_start_time:73701971035907, task_sched_time:73702040961718
app_id: 0, app_name: pulse_doppler_api-aarch64, task_id: 82, task_name: DASH_ZIP, resource_name: zip1, ref_start_time: 73702041726178, ref_stop_time: 73702041765148, actual_exe_time: 38970, task_app_start_time:73701971035907, task_sched_time:73702041718828
app_id: 0, app_name: pulse_doppler_api-aarch64, task_id: 83, task_name: DASH_FFT, resource_name: cpu1, ref_start_time: 73702042413478, ref_stop_time: 73702042438438, actual_exe_time: 24960, task_app_start_time:73701971035907, task_sched_time:73702042405018
app_id: 0, app_name: pulse_doppler_api-aarch64, task_id: 84, task_name: DASH_FFT, resource_name: cpu2, ref_start_time: 73702043628149, ref_stop_time: 73702043648369, actual_exe_time: 20220, task_app_start_time:73701971035907, task_sched_time:73702043621099
app_id: 0, app_name: pulse_doppler_api-aarch64, task_id: 85, task_name: DASH_FFT, resource_name: cpu3, ref_start_time: 73702044158639, ref_stop_time: 73702044178769, actual_exe_time: 20130, task_app_start_time:73701971035907, task_sched_time:73702044149849
app_id: 0, app_name: pulse_doppler_api-aarch64, task_id: 86, task_name: DASH_ZIP, resource_name: zip1, ref_start_time: 73702044950549, ref_stop_time: 73702044989519, actual_exe_time: 38970, task_app_start_time:73701971035907, task_sched_time:73702044947039
app_id: 0, app_name: pulse_doppler_api-aarch64, task_id: 87, task_name: DASH_FFT, resource_name: cpu1, ref_start_time: 73702045667969, ref_stop_time: 73702045693289, actual_exe_time: 25320, task_app_start_time:73701971035907, task_sched_time:73702045661609
app_id: 0, app_name: pulse_doppler_api-aarch64, task_id: 88, task_name: DASH_FFT, resource_name: cpu2, ref_start_time: 73702046876219, ref_stop_time: 73702046896379, actual_exe_time: 20160, task_app_start_time:73701971035907, task_sched_time:73702046868359
app_id: 0, app_name: pulse_doppler_api-aarch64, task_id: 89, task_name: DASH_FFT, resource_name: cpu3, ref_start_time: 73702047755129, ref_stop_time: 73702047775349, actual_exe_time: 20220, task_app_start_time:73701971035907, task_sched_time:73702047747689
app_id: 0, app_name: pulse_doppler_api-aarch64, task_id: 90, task_name: DASH_ZIP, resource_name: zip1, ref_start_time: 73702048487129, ref_stop_time: 73702048531619, actual_exe_time: 44490, task_app_start_time:73701971035907, task_sched_time:73702048483949
app_id: 0, app_name: pulse_doppler_api-aarch64, task_id: 91, task_name: DASH_FFT, resource_name: cpu1, ref_start_time: 73702049222849, ref_stop_time: 73702049248559, actual_exe_time: 25710, task_app_start_time:73701971035907, task_sched_time:73702049214749
app_id: 0, app_name: pulse_doppler_api-aarch64, task_id: 92, task_name: DASH_FFT, resource_name: cpu2, ref_start_time: 73702050417420, ref_stop_time: 73702050437760, actual_exe_time: 20340, task_app_start_time:73701971035907, task_sched_time:73702050414930
app_id: 0, app_name: pulse_doppler_api-aarch64, task_id: 93, task_name: DASH_FFT, resource_name: cpu3, ref_start_time: 73702050957840, ref_stop_time: 73702050978240, actual_exe_time: 20400, task_app_start_time:73701971035907, task_sched_time:73702050953070
app_id: 0, app_name: pulse_doppler_api-aarch64, task_id: 94, task_name: DASH_ZIP, resource_name: zip1, ref_start_time: 73702051694670, ref_stop_time: 73702051733430, actual_exe_time: 38760, task_app_start_time:73701971035907, task_sched_time:73702051691160
app_id: 0, app_name: pulse_doppler_api-aarch64, task_id: 95, task_name: DASH_FFT, resource_name: cpu1, ref_start_time: 73702052339160, ref_stop_time: 73702052364240, actual_exe_time: 25080, task_app_start_time:73701971035907, task_sched_time:73702052336220
app_id: 0, app_name: pulse_doppler_api-aarch64, task_id: 96, task_name: DASH_FFT, resource_name: cpu2, ref_start_time: 73702053663540, ref_stop_time: 73702053683760, actual_exe_time: 20220, task_app_start_time:73701971035907, task_sched_time:73702053658380
app_id: 0, app_name: pulse_doppler_api-aarch64, task_id: 97, task_name: DASH_FFT, resource_name: cpu3, ref_start_time: 73702054302420, ref_stop_time: 73702054322610, actual_exe_time: 20190, task_app_start_time:73701971035907, task_sched_time:73702054298130
app_id: 0, app_name: pulse_doppler_api-aarch64, task_id: 98, task_name: DASH_ZIP, resource_name: zip1, ref_start_time: 73702055252790, ref_stop_time: 73702055291430, actual_exe_time: 38640, task_app_start_time:73701971035907, task_sched_time:73702055246940
app_id: 0, app_name: pulse_doppler_api-aarch64, task_id: 99, task_name: DASH_FFT, resource_name: cpu1, ref_start_time: 73702056014161, ref_stop_time: 73702056039961, actual_exe_time: 25800, task_app_start_time:73701971035907, task_sched_time:73702056001861
app_id: 0, app_name: pulse_doppler_api-aarch64, task_id: 100, task_name: DASH_FFT, resource_name: cpu2, ref_start_time: 73702057123801, ref_stop_time: 73702057144471, actual_exe_time: 20670, task_app_start_time:73701971035907, task_sched_time:73702057116181
app_id: 0, app_name: pulse_doppler_api-aarch64, task_id: 101, task_name: DASH_FFT, resource_name: cpu3, ref_start_time: 73702057632661, ref_stop_time: 73702057652821, actual_exe_time: 20160, task_app_start_time:73701971035907, task_sched_time:73702057629391
app_id: 0, app_name: pulse_doppler_api-aarch64, task_id: 102, task_name: DASH_ZIP, resource_name: zip1, ref_start_time: 73702058353141, ref_stop_time: 73702058392951, actual_exe_time: 39810, task_app_start_time:73701971035907, task_sched_time:73702058348791
app_id: 0, app_name: pulse_doppler_api-aarch64, task_id: 103, task_name: DASH_FFT, resource_name: cpu1, ref_start_time: 73702058949541, ref_stop_time: 73702058975431, actual_exe_time: 25890, task_app_start_time:73701971035907, task_sched_time:73702058940601
app_id: 0, app_name: pulse_doppler_api-aarch64, task_id: 104, task_name: DASH_FFT, resource_name: cpu2, ref_start_time: 73702060191991, ref_stop_time: 73702060212001, actual_exe_time: 20010, task_app_start_time:73701971035907, task_sched_time:73702060183801
app_id: 0, app_name: pulse_doppler_api-aarch64, task_id: 105, task_name: DASH_FFT, resource_name: cpu3, ref_start_time: 73702060703491, ref_stop_time: 73702060723861, actual_exe_time: 20370, task_app_start_time:73701971035907, task_sched_time:73702060697461
app_id: 0, app_name: pulse_doppler_api-aarch64, task_id: 106, task_name: DASH_ZIP, resource_name: zip1, ref_start_time: 73702061426101, ref_stop_time: 73702061464651, actual_exe_time: 38550, task_app_start_time:73701971035907, task_sched_time:73702061423491
app_id: 0, app_name: pulse_doppler_api-aarch64, task_id: 107, task_name: DASH_FFT, resource_name: cpu1, ref_start_time: 73702062024361, ref_stop_time: 73702062049351, actual_exe_time: 24990, task_app_start_time:73701971035907, task_sched_time:73702062020551
app_id: 0, app_name: pulse_doppler_api-aarch64, task_id: 108, task_name: DASH_FFT, resource_name: cpu2, ref_start_time: 73702063161962, ref_stop_time: 73702063182212, actual_exe_time: 20250, task_app_start_time:73701971035907, task_sched_time:73702063157312
app_id: 0, app_name: pulse_doppler_api-aarch64, task_id: 109, task_name: DASH_FFT, resource_name: cpu3, ref_start_time: 73702063633802, ref_stop_time: 73702063653872, actual_exe_time: 20070, task_app_start_time:73701971035907, task_sched_time:73702063624682
app_id: 0, app_name: pulse_doppler_api-aarch64, task_id: 110, task_name: DASH_ZIP, resource_name: zip1, ref_start_time: 73702064318672, ref_stop_time: 73702064358122, actual_exe_time: 39450, task_app_start_time:73701971035907, task_sched_time:73702064310782
app_id: 0, app_name: pulse_doppler_api-aarch64, task_id: 111, task_name: DASH_FFT, resource_name: cpu1, ref_start_time: 73702064917112, ref_stop_time: 73702064942312, actual_exe_time: 25200, task_app_start_time:73701971035907, task_sched_time:73702064912132
app_id: 0, app_name: pulse_doppler_api-aarch64, task_id: 112, task_name: DASH_FFT, resource_name: cpu2, ref_start_time: 73702066121552, ref_stop_time: 73702066141862, actual_exe_time: 20310, task_app_start_time:73701971035907, task_sched_time:73702066118462
app_id: 0, app_name: pulse_doppler_api-aarch64, task_id: 113, task_name: DASH_FFT, resource_name: cpu3, ref_start_time: 73702066627982, ref_stop_time: 73702066648202, actual_exe_time: 20220, task_app_start_time:73701971035907, task_sched_time:73702066621892
app_id: 0, app_name: pulse_doppler_api-aarch64, task_id: 114, task_name: DASH_ZIP, resource_name: zip1, ref_start_time: 73702067379392, ref_stop_time: 73702067418512, actual_exe_time: 39120, task_app_start_time:73701971035907, task_sched_time:73702067373812
app_id: 0, app_name: pulse_doppler_api-aarch64, task_id: 115, task_name: DASH_FFT, resource_name: cpu1, ref_start_time: 73702068115712, ref_stop_time: 73702068140792, actual_exe_time: 25080, task_app_start_time:73701971035907, task_sched_time:73702068103532
app_id: 0, app_name: pulse_doppler_api-aarch64, task_id: 116, task_name: DASH_FFT, resource_name: cpu2, ref_start_time: 73702069261863, ref_stop_time: 73702069282143, actual_exe_time: 20280, task_app_start_time:73701971035907, task_sched_time:73702069253013
app_id: 0, app_name: pulse_doppler_api-aarch64, task_id: 117, task_name: DASH_FFT, resource_name: cpu3, ref_start_time: 73702069790853, ref_stop_time: 73702069811313, actual_exe_time: 20460, task_app_start_time:73701971035907, task_sched_time:73702069785063
app_id: 0, app_name: pulse_doppler_api-aarch64, task_id: 118, task_name: DASH_ZIP, resource_name: zip1, ref_start_time: 73702070602713, ref_stop_time: 73702070642193, actual_exe_time: 39480, task_app_start_time:73701971035907, task_sched_time:73702070595663
app_id: 0, app_name: pulse_doppler_api-aarch64, task_id: 119, task_name: DASH_FFT, resource_name: cpu1, ref_start_time: 73702071283563, ref_stop_time: 73702071308703, actual_exe_time: 25140, task_app_start_time:73701971035907, task_sched_time:73702071277623
app_id: 0, app_name: pulse_doppler_api-aarch64, task_id: 120, task_name: DASH_FFT, resource_name: cpu2, ref_start_time: 73702072485483, ref_stop_time: 73702072505223, actual_exe_time: 19740, task_app_start_time:73701971035907, task_sched_time:73702072481703
app_id: 0, app_name: pulse_doppler_api-aarch64, task_id: 121, task_name: DASH_FFT, resource_name: cpu3, ref_start_time: 73702073028783, ref_stop_time: 73702073049483, actual_exe_time: 20700, task_app_start_time:73701971035907, task_sched_time:73702073023233
app_id: 0, app_name: pulse_doppler_api-aarch64, task_id: 122, task_name: DASH_ZIP, resource_name: zip1, ref_start_time: 73702073774133, ref_stop_time: 73702073813763, actual_exe_time: 39630, task_app_start_time:73701971035907, task_sched_time:73702073765103
app_id: 0, app_name: pulse_doppler_api-aarch64, task_id: 123, task_name: DASH_FFT, resource_name: cpu1, ref_start_time: 73702074395643, ref_stop_time: 73702074420783, actual_exe_time: 25140, task_app_start_time:73701971035907, task_sched_time:73702074391413
app_id: 0, app_name: pulse_doppler_api-aarch64, task_id: 124, task_name: DASH_FFT, resource_name: cpu2, ref_start_time: 73702075536724, ref_stop_time: 73702075557364, actual_exe_time: 20640, task_app_start_time:73701971035907, task_sched_time:73702075528384
app_id: 0, app_name: pulse_doppler_api-aarch64, task_id: 125, task_name: DASH_FFT, resource_name: cpu3, ref_start_time: 73702075977544, ref_stop_time: 73702075997704, actual_exe_time: 20160, task_app_start_time:73701971035907, task_sched_time:73702075972594
app_id: 0, app_name: pulse_doppler_api-aarch64, task_id: 126, task_name: DASH_ZIP, resource_name: zip1, ref_start_time: 73702076697814, ref_stop_time: 73702076736604, actual_exe_time: 38790, task_app_start_time:73701971035907, task_sched_time:73702076694454
app_id: 0, app_name: pulse_doppler_api-aarch64, task_id: 127, task_name: DASH_FFT, resource_name: cpu1, ref_start_time: 73702077307144, ref_stop_time: 73702077332254, actual_exe_time: 25110, task_app_start_time:73701971035907, task_sched_time:73702077303694
app_id: 0, app_name: pulse_doppler_api-aarch64, task_id: 128, task_name: DASH_FFT, resource_name: cpu2, ref_start_time: 73702078580944, ref_stop_time: 73702078601404, actual_exe_time: 20460, task_app_start_time:73701971035907, task_sched_time:73702078577674
app_id: 0, app_name: pulse_doppler_api-aarch64, task_id: 129, task_name: DASH_FFT, resource_name: cpu3, ref_start_time: 73702079134894, ref_stop_time: 73702079155234, actual_exe_time: 20340, task_app_start_time:73701971035907, task_sched_time:73702079126944
app_id: 0, app_name: pulse_doppler_api-aarch64, task_id: 130, task_name: DASH_ZIP, resource_name: zip1, ref_start_time: 73702079844754, ref_stop_time: 73702079884564, actual_exe_time: 39810, task_app_start_time:73701971035907, task_sched_time:73702079836804
app_id: 0, app_name: pulse_doppler_api-aarch64, task_id: 131, task_name: DASH_FFT, resource_name: cpu1, ref_start_time: 73702080465814, ref_stop_time: 73702080490954, actual_exe_time: 25140, task_app_start_time:73701971035907, task_sched_time:73702080454144
app_id: 0, app_name: pulse_doppler_api-aarch64, task_id: 132, task_name: DASH_FFT, resource_name: cpu2, ref_start_time: 73702081723145, ref_stop_time: 73702081743335, actual_exe_time: 20190, task_app_start_time:73701971035907, task_sched_time:73702081719515
app_id: 0, app_name: pulse_doppler_api-aarch64, task_id: 133, task_name: DASH_FFT, resource_name: cpu3, ref_start_time: 73702082253185, ref_stop_time: 73702082273915, actual_exe_time: 20730, task_app_start_time:73701971035907, task_sched_time:73702082249405
app_id: 0, app_name: pulse_doppler_api-aarch64, task_id: 134, task_name: DASH_ZIP, resource_name: zip1, ref_start_time: 73702083192785, ref_stop_time: 73702083232505, actual_exe_time: 39720, task_app_start_time:73701971035907, task_sched_time:73702083189485
app_id: 0, app_name: pulse_doppler_api-aarch64, task_id: 135, task_name: DASH_FFT, resource_name: cpu1, ref_start_time: 73702083758645, ref_stop_time: 73702083784025, actual_exe_time: 25380, task_app_start_time:73701971035907, task_sched_time:73702083755495
app_id: 0, app_name: pulse_doppler_api-aarch64, task_id: 136, task_name: DASH_FFT, resource_name: cpu2, ref_start_time: 73702084972835, ref_stop_time: 73702084992935, actual_exe_time: 20100, task_app_start_time:73701971035907, task_sched_time:73702084964945
app_id: 0, app_name: pulse_doppler_api-aarch64, task_id: 137, task_name: DASH_FFT, resource_name: cpu3, ref_start_time: 73702085443745, ref_stop_time: 73702085464205, actual_exe_time: 20460, task_app_start_time:73701971035907, task_sched_time:73702085441345
app_id: 0, app_name: pulse_doppler_api-aarch64, task_id: 138, task_name: DASH_ZIP, resource_name: zip1, ref_start_time: 73702086181745, ref_stop_time: 73702086220415, actual_exe_time: 38670, task_app_start_time:73701971035907, task_sched_time:73702086177755
app_id: 0, app_name: pulse_doppler_api-aarch64, task_id: 139, task_name: DASH_FFT, resource_name: cpu1, ref_start_time: 73702086792665, ref_stop_time: 73702086817685, actual_exe_time: 25020, task_app_start_time:73701971035907, task_sched_time:73702086789845
app_id: 0, app_name: pulse_doppler_api-aarch64, task_id: 140, task_name: DASH_FFT, resource_name: cpu2, ref_start_time: 73702087932696, ref_stop_time: 73702087952646, actual_exe_time: 19950, task_app_start_time:73701971035907, task_sched_time:73702087923336
app_id: 0, app_name: pulse_doppler_api-aarch64, task_id: 141, task_name: DASH_FFT, resource_name: cpu3, ref_start_time: 73702088376246, ref_stop_time: 73702088396106, actual_exe_time: 19860, task_app_start_time:73701971035907, task_sched_time:73702088370606
app_id: 0, app_name: pulse_doppler_api-aarch64, task_id: 142, task_name: DASH_ZIP, resource_name: zip1, ref_start_time: 73702089086616, ref_stop_time: 73702089126006, actual_exe_time: 39390, task_app_start_time:73701971035907, task_sched_time:73702089077946
app_id: 0, app_name: pulse_doppler_api-aarch64, task_id: 143, task_name: DASH_FFT, resource_name: cpu1, ref_start_time: 73702089643056, ref_stop_time: 73702089668166, actual_exe_time: 25110, task_app_start_time:73701971035907, task_sched_time:73702089633876
app_id: 0, app_name: pulse_doppler_api-aarch64, task_id: 144, task_name: DASH_FFT, resource_name: cpu2, ref_start_time: 73702090938936, ref_stop_time: 73702090959126, actual_exe_time: 20190, task_app_start_time:73701971035907, task_sched_time:73702090932426
app_id: 0, app_name: pulse_doppler_api-aarch64, task_id: 145, task_name: DASH_FFT, resource_name: cpu3, ref_start_time: 73702091497266, ref_stop_time: 73702091517546, actual_exe_time: 20280, task_app_start_time:73701971035907, task_sched_time:73702091488716
app_id: 0, app_name: pulse_doppler_api-aarch64, task_id: 146, task_name: DASH_ZIP, resource_name: zip1, ref_start_time: 73702092208896, ref_stop_time: 73702092247386, actual_exe_time: 38490, task_app_start_time:73701971035907, task_sched_time:73702092202296
app_id: 0, app_name: pulse_doppler_api-aarch64, task_id: 147, task_name: DASH_FFT, resource_name: cpu1, ref_start_time: 73702092956466, ref_stop_time: 73702092981696, actual_exe_time: 25230, task_app_start_time:73701971035907, task_sched_time:73702092947136
app_id: 0, app_name: pulse_doppler_api-aarch64, task_id: 148, task_name: DASH_FFT, resource_name: cpu2, ref_start_time: 73702093890277, ref_stop_time: 73702093910557, actual_exe_time: 20280, task_app_start_time:73701971035907, task_sched_time:73702093885477
app_id: 0, app_name: pulse_doppler_api-aarch64, task_id: 149, task_name: DASH_FFT, resource_name: cpu3, ref_start_time: 73702094477317, ref_stop_time: 73702094497477, actual_exe_time: 20160, task_app_start_time:73701971035907, task_sched_time:73702094474317
app_id: 0, app_name: pulse_doppler_api-aarch64, task_id: 150, task_name: DASH_ZIP, resource_name: zip1, ref_start_time: 73702095336607, ref_stop_time: 73702095375457, actual_exe_time: 38850, task_app_start_time:73701971035907, task_sched_time:73702095328567
app_id: 0, app_name: pulse_doppler_api-aarch64, task_id: 151, task_name: DASH_FFT, resource_name: cpu1, ref_start_time: 73702096062367, ref_stop_time: 73702096087597, actual_exe_time: 25230, task_app_start_time:73701971035907, task_sched_time:73702096058227
app_id: 0, app_name: pulse_doppler_api-aarch64, task_id: 152, task_name: DASH_FFT, resource_name: cpu2, ref_start_time: 73702096792687, ref_stop_time: 73702096812907, actual_exe_time: 20220, task_app_start_time:73701971035907, task_sched_time:73702096789177
app_id: 0, app_name: pulse_doppler_api-aarch64, task_id: 153, task_name: DASH_FFT, resource_name: cpu3, ref_start_time: 73702097370727, ref_stop_time: 73702097391247, actual_exe_time: 20520, task_app_start_time:73701971035907, task_sched_time:73702097362387
app_id: 0, app_name: pulse_doppler_api-aarch64, task_id: 154, task_name: DASH_ZIP, resource_name: zip1, ref_start_time: 73702098216937, ref_stop_time: 73702098255997, actual_exe_time: 39060, task_app_start_time:73701971035907, task_sched_time:73702098211117
app_id: 0, app_name: pulse_doppler_api-aarch64, task_id: 155, task_name: DASH_FFT, resource_name: cpu1, ref_start_time: 73702099097137, ref_stop_time: 73702099122997, actual_exe_time: 25860, task_app_start_time:73701971035907, task_sched_time:73702099087747
app_id: 0, app_name: pulse_doppler_api-aarch64, task_id: 156, task_name: DASH_FFT, resource_name: cpu2, ref_start_time: 73702099868228, ref_stop_time: 73702099888058, actual_exe_time: 19830, task_app_start_time:73701971035907, task_sched_time:73702099861178
app_id: 0, app_name: pulse_doppler_api-aarch64, task_id: 157, task_name: DASH_FFT, resource_name: cpu3, ref_start_time: 73702100420618, ref_stop_time: 73702100440958, actual_exe_time: 20340, task_app_start_time:73701971035907, task_sched_time:73702100414108
app_id: 0, app_name: pulse_doppler_api-aarch64, task_id: 158, task_name: DASH_ZIP, resource_name: zip1, ref_start_time: 73702101147098, ref_stop_time: 73702101185978, actual_exe_time: 38880, task_app_start_time:73701971035907, task_sched_time:73702101138938
app_id: 0, app_name: pulse_doppler_api-aarch64, task_id: 159, task_name: DASH_FFT, resource_name: cpu1, ref_start_time: 73702101715148, ref_stop_time: 73702101740318, actual_exe_time: 25170, task_app_start_time:73701971035907, task_sched_time:73702101706568
app_id: 0, app_name: pulse_doppler_api-aarch64, task_id: 160, task_name: DASH_FFT, resource_name: cpu2, ref_start_time: 73702102497818, ref_stop_time: 73702102518338, actual_exe_time: 20520, task_app_start_time:73701971035907, task_sched_time:73702102492328
app_id: 0, app_name: pulse_doppler_api-aarch64, task_id: 161, task_name: DASH_FFT, resource_name: cpu3, ref_start_time: 73702102969538, ref_stop_time: 73702102989818, actual_exe_time: 20280, task_app_start_time:73701971035907, task_sched_time:73702102964918
app_id: 0, app_name: pulse_doppler_api-aarch64, task_id: 162, task_name: DASH_ZIP, resource_name: zip1, ref_start_time: 73702103663198, ref_stop_time: 73702103702138, actual_exe_time: 38940, task_app_start_time:73701971035907, task_sched_time:73702103657768
app_id: 0, app_name: pulse_doppler_api-aarch64, task_id: 163, task_name: DASH_FFT, resource_name: cpu1, ref_start_time: 73702104291998, ref_stop_time: 73702104317168, actual_exe_time: 25170, task_app_start_time:73701971035907, task_sched_time:73702104284258
app_id: 0, app_name: pulse_doppler_api-aarch64, task_id: 164, task_name: DASH_FFT, resource_name: cpu2, ref_start_time: 73702105123298, ref_stop_time: 73702105143668, actual_exe_time: 20370, task_app_start_time:73701971035907, task_sched_time:73702105114628
app_id: 0, app_name: pulse_doppler_api-aarch64, task_id: 165, task_name: DASH_FFT, resource_name: cpu3, ref_start_time: 73702105679199, ref_stop_time: 73702105699569, actual_exe_time: 20370, task_app_start_time:73701971035907, task_sched_time:73702105674519
app_id: 0, app_name: pulse_doppler_api-aarch64, task_id: 166, task_name: DASH_ZIP, resource_name: zip1, ref_start_time: 73702106391039, ref_stop_time: 73702106430249, actual_exe_time: 39210, task_app_start_time:73701971035907, task_sched_time:73702106385609
app_id: 0, app_name: pulse_doppler_api-aarch64, task_id: 167, task_name: DASH_FFT, resource_name: cpu1, ref_start_time: 73702107147219, ref_stop_time: 73702107173229, actual_exe_time: 26010, task_app_start_time:73701971035907, task_sched_time:73702107138129
app_id: 0, app_name: pulse_doppler_api-aarch64, task_id: 168, task_name: DASH_FFT, resource_name: cpu2, ref_start_time: 73702107834609, ref_stop_time: 73702107854649, actual_exe_time: 20040, task_app_start_time:73701971035907, task_sched_time:73702107829959
app_id: 0, app_name: pulse_doppler_api-aarch64, task_id: 169, task_name: DASH_FFT, resource_name: cpu3, ref_start_time: 73702108436829, ref_stop_time: 73702108457049, actual_exe_time: 20220, task_app_start_time:73701971035907, task_sched_time:73702108427289
app_id: 0, app_name: pulse_doppler_api-aarch64, task_id: 170, task_name: DASH_ZIP, resource_name: zip1, ref_start_time: 73702109277489, ref_stop_time: 73702109316819, actual_exe_time: 39330, task_app_start_time:73701971035907, task_sched_time:73702109272509
app_id: 0, app_name: pulse_doppler_api-aarch64, task_id: 171, task_name: DASH_FFT, resource_name: cpu1, ref_start_time: 73702109987169, ref_stop_time: 73702110012249, actual_exe_time: 25080, task_app_start_time:73701971035907, task_sched_time:73702109979399
app_id: 0, app_name: pulse_doppler_api-aarch64, task_id: 172, task_name: DASH_FFT, resource_name: cpu2, ref_start_time: 73702110644259, ref_stop_time: 73702110664809, actual_exe_time: 20550, task_app_start_time:73701971035907, task_sched_time:73702110641349
app_id: 0, app_name: pulse_doppler_api-aarch64, task_id: 173, task_name: DASH_FFT, resource_name: cpu3, ref_start_time: 73702111115949, ref_stop_time: 73702111136109, actual_exe_time: 20160, task_app_start_time:73701971035907, task_sched_time:73702111113039
app_id: 0, app_name: pulse_doppler_api-aarch64, task_id: 174, task_name: DASH_ZIP, resource_name: zip1, ref_start_time: 73702111802889, ref_stop_time: 73702111842100, actual_exe_time: 39211, task_app_start_time:73701971035907, task_sched_time:73702111795419
app_id: 0, app_name: pulse_doppler_api-aarch64, task_id: 175, task_name: DASH_FFT, resource_name: cpu1, ref_start_time: 73702112434810, ref_stop_time: 73702112460790, actual_exe_time: 25980, task_app_start_time:73701971035907, task_sched_time:73702112423500
app_id: 0, app_name: pulse_doppler_api-aarch64, task_id: 176, task_name: DASH_FFT, resource_name: cpu2, ref_start_time: 73702113371170, ref_stop_time: 73702113392530, actual_exe_time: 21360, task_app_start_time:73701971035907, task_sched_time:73702113362680
app_id: 0, app_name: pulse_doppler_api-aarch64, task_id: 177, task_name: DASH_FFT, resource_name: cpu3, ref_start_time: 73702114108390, ref_stop_time: 73702114129210, actual_exe_time: 20820, task_app_start_time:73701971035907, task_sched_time:73702114104580
app_id: 0, app_name: pulse_doppler_api-aarch64, task_id: 178, task_name: DASH_ZIP, resource_name: zip1, ref_start_time: 73702114843420, ref_stop_time: 73702114882420, actual_exe_time: 39000, task_app_start_time:73701971035907, task_sched_time:73702114838170
app_id: 0, app_name: pulse_doppler_api-aarch64, task_id: 179, task_name: DASH_FFT, resource_name: cpu1, ref_start_time: 73702115467480, ref_stop_time: 73702115493130, actual_exe_time: 25650, task_app_start_time:73701971035907, task_sched_time:73702115463940
app_id: 0, app_name: pulse_doppler_api-aarch64, task_id: 180, task_name: DASH_FFT, resource_name: cpu2, ref_start_time: 73702116257140, ref_stop_time: 73702116277540, actual_exe_time: 20400, task_app_start_time:73701971035907, task_sched_time:73702116252340
app_id: 0, app_name: pulse_doppler_api-aarch64, task_id: 181, task_name: DASH_FFT, resource_name: cpu3, ref_start_time: 73702116709660, ref_stop_time: 73702116730720, actual_exe_time: 21060, task_app_start_time:73701971035907, task_sched_time:73702116701740
app_id: 0, app_name: pulse_doppler_api-aarch64, task_id: 182, task_name: DASH_ZIP, resource_name: zip1, ref_start_time: 73702117418380, ref_stop_time: 73702117457740, actual_exe_time: 39360, task_app_start_time:73701971035907, task_sched_time:73702117415470
app_id: 0, app_name: pulse_doppler_api-aarch64, task_id: 183, task_name: DASH_FFT, resource_name: cpu1, ref_start_time: 73702118249801, ref_stop_time: 73702118275871, actual_exe_time: 26070, task_app_start_time:73701971035907, task_sched_time:73702118243321
app_id: 0, app_name: pulse_doppler_api-aarch64, task_id: 184, task_name: DASH_FFT, resource_name: cpu2, ref_start_time: 73702119889361, ref_stop_time: 73702119912041, actual_exe_time: 22680, task_app_start_time:73701971035907, task_sched_time:73702119885731
app_id: 0, app_name: pulse_doppler_api-aarch64, task_id: 185, task_name: DASH_FFT, resource_name: cpu3, ref_start_time: 73702120683311, ref_stop_time: 73702120703891, actual_exe_time: 20580, task_app_start_time:73701971035907, task_sched_time:73702120674281
app_id: 0, app_name: pulse_doppler_api-aarch64, task_id: 186, task_name: DASH_ZIP, resource_name: zip1, ref_start_time: 73702121804141, ref_stop_time: 73702121843621, actual_exe_time: 39480, task_app_start_time:73701971035907, task_sched_time:73702121796041
app_id: 0, app_name: pulse_doppler_api-aarch64, task_id: 187, task_name: DASH_FFT, resource_name: cpu1, ref_start_time: 73702122695081, ref_stop_time: 73702122722051, actual_exe_time: 26970, task_app_start_time:73701971035907, task_sched_time:73702122691361
app_id: 0, app_name: pulse_doppler_api-aarch64, task_id: 188, task_name: DASH_FFT, resource_name: cpu2, ref_start_time: 73702123565891, ref_stop_time: 73702123587161, actual_exe_time: 21270, task_app_start_time:73701971035907, task_sched_time:73702123557041
app_id: 0, app_name: pulse_doppler_api-aarch64, task_id: 189, task_name: DASH_FFT, resource_name: cpu3, ref_start_time: 73702124158751, ref_stop_time: 73702124179061, actual_exe_time: 20310, task_app_start_time:73701971035907, task_sched_time:73702124155871
app_id: 0, app_name: pulse_doppler_api-aarch64, task_id: 190, task_name: DASH_ZIP, resource_name: zip1, ref_start_time: 73702125159072, ref_stop_time: 73702125198522, actual_exe_time: 39450, task_app_start_time:73701971035907, task_sched_time:73702125150762
app_id: 0, app_name: pulse_doppler_api-aarch64, task_id: 191, task_name: DASH_FFT, resource_name: cpu1, ref_start_time: 73702125905922, ref_stop_time: 73702125932322, actual_exe_time: 26400, task_app_start_time:73701971035907, task_sched_time:73702125896682
app_id: 0, app_name: pulse_doppler_api-aarch64, task_id: 192, task_name: DASH_FFT, resource_name: cpu2, ref_start_time: 73702126800792, ref_stop_time: 73702126822182, actual_exe_time: 21390, task_app_start_time:73701971035907, task_sched_time:73702126796892
app_id: 0, app_name: pulse_doppler_api-aarch64, task_id: 193, task_name: DASH_FFT, resource_name: cpu3, ref_start_time: 73702127371272, ref_stop_time: 73702127391792, actual_exe_time: 20520, task_app_start_time:73701971035907, task_sched_time:73702127365572
app_id: 0, app_name: pulse_doppler_api-aarch64, task_id: 194, task_name: DASH_ZIP, resource_name: zip1, ref_start_time: 73702128358332, ref_stop_time: 73702128397962, actual_exe_time: 39630, task_app_start_time:73701971035907, task_sched_time:73702128353442
app_id: 0, app_name: pulse_doppler_api-aarch64, task_id: 195, task_name: DASH_FFT, resource_name: cpu1, ref_start_time: 73702129058772, ref_stop_time: 73702129084662, actual_exe_time: 25890, task_app_start_time:73701971035907, task_sched_time:73702129052892
app_id: 0, app_name: pulse_doppler_api-aarch64, task_id: 196, task_name: DASH_FFT, resource_name: cpu2, ref_start_time: 73702129975812, ref_stop_time: 73702129996722, actual_exe_time: 20910, task_app_start_time:73701971035907, task_sched_time:73702129968342
app_id: 0, app_name: pulse_doppler_api-aarch64, task_id: 197, task_name: DASH_FFT, resource_name: cpu3, ref_start_time: 73702130556223, ref_stop_time: 73702130576983, actual_exe_time: 20760, task_app_start_time:73701971035907, task_sched_time:73702130548453
app_id: 0, app_name: pulse_doppler_api-aarch64, task_id: 198, task_name: DASH_ZIP, resource_name: zip1, ref_start_time: 73702131607393, ref_stop_time: 73702131647623, actual_exe_time: 40230, task_app_start_time:73701971035907, task_sched_time:73702131604363
app_id: 0, app_name: pulse_doppler_api-aarch64, task_id: 199, task_name: DASH_FFT, resource_name: cpu1, ref_start_time: 73702132413073, ref_stop_time: 73702132439443, actual_exe_time: 26370, task_app_start_time:73701971035907, task_sched_time:73702132407163
app_id: 0, app_name: pulse_doppler_api-aarch64, task_id: 200, task_name: DASH_FFT, resource_name: cpu2, ref_start_time: 73702133263783, ref_stop_time: 73702133284543, actual_exe_time: 20760, task_app_start_time:73701971035907, task_sched_time:73702133254783
app_id: 0, app_name: pulse_doppler_api-aarch64, task_id: 201, task_name: DASH_FFT, resource_name: cpu3, ref_start_time: 73702133976073, ref_stop_time: 73702133997373, actual_exe_time: 21300, task_app_start_time:73701971035907, task_sched_time:73702133967433
app_id: 0, app_name: pulse_doppler_api-aarch64, task_id: 202, task_name: DASH_ZIP, resource_name: zip1, ref_start_time: 73702134843373, ref_stop_time: 73702134883063, actual_exe_time: 39690, task_app_start_time:73701971035907, task_sched_time:73702134839113
app_id: 0, app_name: pulse_doppler_api-aarch64, task_id: 203, task_name: DASH_FFT, resource_name: cpu1, ref_start_time: 73702135732003, ref_stop_time: 73702135758643, actual_exe_time: 26640, task_app_start_time:73701971035907, task_sched_time:73702135719403
app_id: 0, app_name: pulse_doppler_api-aarch64, task_id: 204, task_name: DASH_FFT, resource_name: cpu2, ref_start_time: 73702136574793, ref_stop_time: 73702136656393, actual_exe_time: 81600, task_app_start_time:73701971035907, task_sched_time:73702136567473
app_id: 0, app_name: pulse_doppler_api-aarch64, task_id: 205, task_name: DASH_FFT, resource_name: cpu3, ref_start_time: 73702137280334, ref_stop_time: 73702137301304, actual_exe_time: 20970, task_app_start_time:73701971035907, task_sched_time:73702137270884
app_id: 0, app_name: pulse_doppler_api-aarch64, task_id: 206, task_name: DASH_ZIP, resource_name: zip1, ref_start_time: 73702138209524, ref_stop_time: 73702138248914, actual_exe_time: 39390, task_app_start_time:73701971035907, task_sched_time:73702138202744
app_id: 0, app_name: pulse_doppler_api-aarch64, task_id: 207, task_name: DASH_FFT, resource_name: cpu1, ref_start_time: 73702138884194, ref_stop_time: 73702138910054, actual_exe_time: 25860, task_app_start_time:73701971035907, task_sched_time:73702138872944
app_id: 0, app_name: pulse_doppler_api-aarch64, task_id: 208, task_name: DASH_FFT, resource_name: cpu2, ref_start_time: 73702139580704, ref_stop_time: 73702139601374, actual_exe_time: 20670, task_app_start_time:73701971035907, task_sched_time:73702139577524
app_id: 0, app_name: pulse_doppler_api-aarch64, task_id: 209, task_name: DASH_FFT, resource_name: cpu3, ref_start_time: 73702140138194, ref_stop_time: 73702140158354, actual_exe_time: 20160, task_app_start_time:73701971035907, task_sched_time:73702140131444
app_id: 0, app_name: pulse_doppler_api-aarch64, task_id: 210, task_name: DASH_ZIP, resource_name: zip1, ref_start_time: 73702140979004, ref_stop_time: 73702141018874, actual_exe_time: 39870, task_app_start_time:73701971035907, task_sched_time:73702140971504
app_id: 0, app_name: pulse_doppler_api-aarch64, task_id: 211, task_name: DASH_FFT, resource_name: cpu1, ref_start_time: 73702141947194, ref_stop_time: 73702141974134, actual_exe_time: 26940, task_app_start_time:73701971035907, task_sched_time:73702141941104
app_id: 0, app_name: pulse_doppler_api-aarch64, task_id: 212, task_name: DASH_FFT, resource_name: cpu2, ref_start_time: 73702142776394, ref_stop_time: 73702142797484, actual_exe_time: 21090, task_app_start_time:73701971035907, task_sched_time:73702142772794
app_id: 0, app_name: pulse_doppler_api-aarch64, task_id: 213, task_name: DASH_FFT, resource_name: cpu3, ref_start_time: 73702143436725, ref_stop_time: 73702143457155, actual_exe_time: 20430, task_app_start_time:73701971035907, task_sched_time:73702143430635
app_id: 0, app_name: pulse_doppler_api-aarch64, task_id: 214, task_name: DASH_ZIP, resource_name: zip1, ref_start_time: 73702144536645, ref_stop_time: 73702144576695, actual_exe_time: 40050, task_app_start_time:73701971035907, task_sched_time:73702144527315
app_id: 0, app_name: pulse_doppler_api-aarch64, task_id: 215, task_name: DASH_FFT, resource_name: cpu1, ref_start_time: 73702145297625, ref_stop_time: 73702145324235, actual_exe_time: 26610, task_app_start_time:73701971035907, task_sched_time:73702145285295
app_id: 0, app_name: pulse_doppler_api-aarch64, task_id: 216, task_name: DASH_FFT, resource_name: cpu2, ref_start_time: 73702146219075, ref_stop_time: 73702146240975, actual_exe_time: 21900, task_app_start_time:73701971035907, task_sched_time:73702146211935
app_id: 0, app_name: pulse_doppler_api-aarch64, task_id: 217, task_name: DASH_FFT, resource_name: cpu3, ref_start_time: 73702146872955, ref_stop_time: 73702146894015, actual_exe_time: 21060, task_app_start_time:73701971035907, task_sched_time:73702146865155
app_id: 0, app_name: pulse_doppler_api-aarch64, task_id: 218, task_name: DASH_ZIP, resource_name: zip1, ref_start_time: 73702147927395, ref_stop_time: 73702147966725, actual_exe_time: 39330, task_app_start_time:73701971035907, task_sched_time:73702147919925
app_id: 0, app_name: pulse_doppler_api-aarch64, task_id: 219, task_name: DASH_FFT, resource_name: cpu1, ref_start_time: 73702148876055, ref_stop_time: 73702148903235, actual_exe_time: 27180, task_app_start_time:73701971035907, task_sched_time:73702148869875
app_id: 0, app_name: pulse_doppler_api-aarch64, task_id: 220, task_name: DASH_FFT, resource_name: cpu2, ref_start_time: 73702149619096, ref_stop_time: 73702149640246, actual_exe_time: 21150, task_app_start_time:73701971035907, task_sched_time:73702149612226
app_id: 0, app_name: pulse_doppler_api-aarch64, task_id: 221, task_name: DASH_FFT, resource_name: cpu3, ref_start_time: 73702150459066, ref_stop_time: 73702150479676, actual_exe_time: 20610, task_app_start_time:73701971035907, task_sched_time:73702150454566
app_id: 0, app_name: pulse_doppler_api-aarch64, task_id: 222, task_name: DASH_ZIP, resource_name: zip1, ref_start_time: 73702151420026, ref_stop_time: 73702151460106, actual_exe_time: 40080, task_app_start_time:73701971035907, task_sched_time:73702151414176
app_id: 0, app_name: pulse_doppler_api-aarch64, task_id: 223, task_name: DASH_FFT, resource_name: cpu1, ref_start_time: 73702152228706, ref_stop_time: 73702152256456, actual_exe_time: 27750, task_app_start_time:73701971035907, task_sched_time:73702152222106
app_id: 0, app_name: pulse_doppler_api-aarch64, task_id: 224, task_name: DASH_FFT, resource_name: cpu2, ref_start_time: 73702153205626, ref_stop_time: 73702153227226, actual_exe_time: 21600, task_app_start_time:73701971035907, task_sched_time:73702153196026
app_id: 0, app_name: pulse_doppler_api-aarch64, task_id: 225, task_name: DASH_FFT, resource_name: cpu3, ref_start_time: 73702153854976, ref_stop_time: 73702153875856, actual_exe_time: 20880, task_app_start_time:73701971035907, task_sched_time:73702153851826
app_id: 0, app_name: pulse_doppler_api-aarch64, task_id: 226, task_name: DASH_ZIP, resource_name: zip1, ref_start_time: 73702154843716, ref_stop_time: 73702154883616, actual_exe_time: 39900, task_app_start_time:73701971035907, task_sched_time:73702154834056
app_id: 0, app_name: pulse_doppler_api-aarch64, task_id: 227, task_name: DASH_FFT, resource_name: cpu1, ref_start_time: 73702155604187, ref_stop_time: 73702155631007, actual_exe_time: 26820, task_app_start_time:73701971035907, task_sched_time:73702155594017
app_id: 0, app_name: pulse_doppler_api-aarch64, task_id: 228, task_name: DASH_FFT, resource_name: cpu2, ref_start_time: 73702156484357, ref_stop_time: 73702156504877, actual_exe_time: 20520, task_app_start_time:73701971035907, task_sched_time:73702156478117
app_id: 0, app_name: pulse_doppler_api-aarch64, task_id: 229, task_name: DASH_FFT, resource_name: cpu3, ref_start_time: 73702157211047, ref_stop_time: 73702157232047, actual_exe_time: 21000, task_app_start_time:73701971035907, task_sched_time:73702157205287
app_id: 0, app_name: pulse_doppler_api-aarch64, task_id: 230, task_name: DASH_ZIP, resource_name: zip1, ref_start_time: 73702158122057, ref_stop_time: 73702158161147, actual_exe_time: 39090, task_app_start_time:73701971035907, task_sched_time:73702158113177
app_id: 0, app_name: pulse_doppler_api-aarch64, task_id: 231, task_name: DASH_FFT, resource_name: cpu1, ref_start_time: 73702158774827, ref_stop_time: 73702158801047, actual_exe_time: 26220, task_app_start_time:73701971035907, task_sched_time:73702158767237
app_id: 0, app_name: pulse_doppler_api-aarch64, task_id: 232, task_name: DASH_FFT, resource_name: cpu2, ref_start_time: 73702159847687, ref_stop_time: 73702159869617, actual_exe_time: 21930, task_app_start_time:73701971035907, task_sched_time:73702159838387
app_id: 0, app_name: pulse_doppler_api-aarch64, task_id: 233, task_name: DASH_FFT, resource_name: cpu3, ref_start_time: 73702160485007, ref_stop_time: 73702160505737, actual_exe_time: 20730, task_app_start_time:73701971035907, task_sched_time:73702160482487
app_id: 0, app_name: pulse_doppler_api-aarch64, task_id: 234, task_name: DASH_ZIP, resource_name: zip1, ref_start_time: 73702161336107, ref_stop_time: 73702161375077, actual_exe_time: 38970, task_app_start_time:73701971035907, task_sched_time:73702161329177
app_id: 0, app_name: pulse_doppler_api-aarch64, task_id: 235, task_name: DASH_FFT, resource_name: cpu1, ref_start_time: 73702161976008, ref_stop_time: 73702162002168, actual_exe_time: 26160, task_app_start_time:73701971035907, task_sched_time:73702161972648
app_id: 0, app_name: pulse_doppler_api-aarch64, task_id: 236, task_name: DASH_FFT, resource_name: cpu2, ref_start_time: 73702162966608, ref_stop_time: 73702162988568, actual_exe_time: 21960, task_app_start_time:73701971035907, task_sched_time:73702162960278
app_id: 0, app_name: pulse_doppler_api-aarch64, task_id: 237, task_name: DASH_FFT, resource_name: cpu3, ref_start_time: 73702163483898, ref_stop_time: 73702163504538, actual_exe_time: 20640, task_app_start_time:73701971035907, task_sched_time:73702163481228
app_id: 0, app_name: pulse_doppler_api-aarch64, task_id: 238, task_name: DASH_ZIP, resource_name: zip1, ref_start_time: 73702164576018, ref_stop_time: 73702164631788, actual_exe_time: 55770, task_app_start_time:73701971035907, task_sched_time:73702164572028
app_id: 0, app_name: pulse_doppler_api-aarch64, task_id: 239, task_name: DASH_FFT, resource_name: cpu1, ref_start_time: 73702165427088, ref_stop_time: 73702165453968, actual_exe_time: 26880, task_app_start_time:73701971035907, task_sched_time:73702165421598
app_id: 0, app_name: pulse_doppler_api-aarch64, task_id: 240, task_name: DASH_FFT, resource_name: cpu2, ref_start_time: 73702166352168, ref_stop_time: 73702166373108, actual_exe_time: 20940, task_app_start_time:73701971035907, task_sched_time:73702166349738
app_id: 0, app_name: pulse_doppler_api-aarch64, task_id: 241, task_name: DASH_FFT, resource_name: cpu3, ref_start_time: 73702167100848, ref_stop_time: 73702167122358, actual_exe_time: 21510, task_app_start_time:73701971035907, task_sched_time:73702167093348
app_id: 0, app_name: pulse_doppler_api-aarch64, task_id: 242, task_name: DASH_ZIP, resource_name: zip1, ref_start_time: 73702168215319, ref_stop_time: 73702168255519, actual_exe_time: 40200, task_app_start_time:73701971035907, task_sched_time:73702168207939
app_id: 0, app_name: pulse_doppler_api-aarch64, task_id: 243, task_name: DASH_FFT, resource_name: cpu1, ref_start_time: 73702169053969, ref_stop_time: 73702169081059, actual_exe_time: 27090, task_app_start_time:73701971035907, task_sched_time:73702169045089
app_id: 0, app_name: pulse_doppler_api-aarch64, task_id: 244, task_name: DASH_FFT, resource_name: cpu2, ref_start_time: 73702170149359, ref_stop_time: 73702170171379, actual_exe_time: 22020, task_app_start_time:73701971035907, task_sched_time:73702170140179
app_id: 0, app_name: pulse_doppler_api-aarch64, task_id: 245, task_name: DASH_FFT, resource_name: cpu3, ref_start_time: 73702171032499, ref_stop_time: 73702171053889, actual_exe_time: 21390, task_app_start_time:73701971035907, task_sched_time:73702171024159
app_id: 0, app_name: pulse_doppler_api-aarch64, task_id: 246, task_name: DASH_ZIP, resource_name: zip1, ref_start_time: 73702171816129, ref_stop_time: 73702171856059, actual_exe_time: 39930, task_app_start_time:73701971035907, task_sched_time:73702171809289
app_id: 0, app_name: pulse_doppler_api-aarch64, task_id: 247, task_name: DASH_FFT, resource_name: cpu1, ref_start_time: 73702172386429, ref_stop_time: 73702172412319, actual_exe_time: 25890, task_app_start_time:73701971035907, task_sched_time:73702172381509
app_id: 0, app_name: pulse_doppler_api-aarch64, task_id: 248, task_name: DASH_FFT, resource_name: cpu2, ref_start_time: 73702173576439, ref_stop_time: 73702173599059, actual_exe_time: 22620, task_app_start_time:73701971035907, task_sched_time:73702173569089
app_id: 0, app_name: pulse_doppler_api-aarch64, task_id: 249, task_name: DASH_FFT, resource_name: cpu3, ref_start_time: 73702174312880, ref_stop_time: 73702174334180, actual_exe_time: 21300, task_app_start_time:73701971035907, task_sched_time:73702174305170
app_id: 0, app_name: pulse_doppler_api-aarch64, task_id: 250, task_name: DASH_ZIP, resource_name: zip1, ref_start_time: 73702175123090, ref_stop_time: 73702175163230, actual_exe_time: 40140, task_app_start_time:73701971035907, task_sched_time:73702175115140
app_id: 0, app_name: pulse_doppler_api-aarch64, task_id: 251, task_name: DASH_FFT, resource_name: cpu1, ref_start_time: 73702175915510, ref_stop_time: 73702175942570, actual_exe_time: 27060, task_app_start_time:73701971035907, task_sched_time:73702175908550
app_id: 0, app_name: pulse_doppler_api-aarch64, task_id: 252, task_name: DASH_FFT, resource_name: cpu2, ref_start_time: 73702176858740, ref_stop_time: 73702176881030, actual_exe_time: 22290, task_app_start_time:73701971035907, task_sched_time:73702176856160
app_id: 0, app_name: pulse_doppler_api-aarch64, task_id: 253, task_name: DASH_FFT, resource_name: cpu3, ref_start_time: 73702177783940, ref_stop_time: 73702177805600, actual_exe_time: 21660, task_app_start_time:73701971035907, task_sched_time:73702177777280
app_id: 0, app_name: pulse_doppler_api-aarch64, task_id: 254, task_name: DASH_ZIP, resource_name: zip1, ref_start_time: 73702178691860, ref_stop_time: 73702178731910, actual_exe_time: 40050, task_app_start_time:73701971035907, task_sched_time:73702178684480
app_id: 0, app_name: pulse_doppler_api-aarch64, task_id: 255, task_name: DASH_FFT, resource_name: cpu1, ref_start_time: 73702179426410, ref_stop_time: 73702179452270, actual_exe_time: 25860, task_app_start_time:73701971035907, task_sched_time:73702179418910
app_id: 0, app_name: pulse_doppler_api-aarch64, task_id: 256, task_name: DASH_FFT, resource_name: cpu2, ref_start_time: 73702180561161, ref_stop_time: 73702180581741, actual_exe_time: 20580, task_app_start_time:73701971035907, task_sched_time:73702180556541
app_id: 0, app_name: pulse_doppler_api-aarch64, task_id: 257, task_name: DASH_FFT, resource_name: cpu3, ref_start_time: 73702181342421, ref_stop_time: 73702181363691, actual_exe_time: 21270, task_app_start_time:73701971035907, task_sched_time:73702181336751
app_id: 0, app_name: pulse_doppler_api-aarch64, task_id: 258, task_name: DASH_ZIP, resource_name: zip1, ref_start_time: 73702182256551, ref_stop_time: 73702182304521, actual_exe_time: 47970, task_app_start_time:73701971035907, task_sched_time:73702182251151
app_id: 0, app_name: pulse_doppler_api-aarch64, task_id: 259, task_name: DASH_FFT, resource_name: cpu1, ref_start_time: 73702183299111, ref_stop_time: 73702183323141, actual_exe_time: 24030, task_app_start_time:73701971035907, task_sched_time:73702183294791
app_id: 0, app_name: pulse_doppler_api-aarch64, task_id: 260, task_name: DASH_FFT, resource_name: cpu2, ref_start_time: 73702184235531, ref_stop_time: 73702184257941, actual_exe_time: 22410, task_app_start_time:73701971035907, task_sched_time:73702184231181
app_id: 0, app_name: pulse_doppler_api-aarch64, task_id: 261, task_name: DASH_FFT, resource_name: cpu3, ref_start_time: 73702184783001, ref_stop_time: 73702184809341, actual_exe_time: 26340, task_app_start_time:73701971035907, task_sched_time:73702184777481
app_id: 0, app_name: pulse_doppler_api-aarch64, task_id: 262, task_name: DASH_ZIP, resource_name: zip1, ref_start_time: 73702185605751, ref_stop_time: 73702185651081, actual_exe_time: 45330, task_app_start_time:73701971035907, task_sched_time:73702185518871
app_id: 0, app_name: pulse_doppler_api-aarch64, task_id: 263, task_name: DASH_FFT, resource_name: cpu1, ref_start_time: 73702186183521, ref_stop_time: 73702186206261, actual_exe_time: 22740, task_app_start_time:73701971035907, task_sched_time:73702186169931
app_id: 0, app_name: pulse_doppler_api-aarch64, task_id: 264, task_name: DASH_FFT, resource_name: cpu2, ref_start_time: 73702187135992, ref_stop_time: 73702187157382, actual_exe_time: 21390, task_app_start_time:73701971035907, task_sched_time:73702187130982
app_id: 0, app_name: pulse_doppler_api-aarch64, task_id: 265, task_name: DASH_FFT, resource_name: cpu3, ref_start_time: 73702187994442, ref_stop_time: 73702188020752, actual_exe_time: 26310, task_app_start_time:73701971035907, task_sched_time:73702187984812
app_id: 0, app_name: pulse_doppler_api-aarch64, task_id: 266, task_name: DASH_ZIP, resource_name: zip1, ref_start_time: 73702188979222, ref_stop_time: 73702189024582, actual_exe_time: 45360, task_app_start_time:73701971035907, task_sched_time:73702188974032
app_id: 0, app_name: pulse_doppler_api-aarch64, task_id: 267, task_name: DASH_FFT, resource_name: cpu1, ref_start_time: 73702189777312, ref_stop_time: 73702189800472, actual_exe_time: 23160, task_app_start_time:73701971035907, task_sched_time:73702189771492
app_id: 0, app_name: pulse_doppler_api-aarch64, task_id: 268, task_name: DASH_FFT, resource_name: cpu2, ref_start_time: 73702190802142, ref_stop_time: 73702190823502, actual_exe_time: 21360, task_app_start_time:73701971035907, task_sched_time:73702190794762
app_id: 0, app_name: pulse_doppler_api-aarch64, task_id: 269, task_name: DASH_FFT, resource_name: cpu3, ref_start_time: 73702191656992, ref_stop_time: 73702191682522, actual_exe_time: 25530, task_app_start_time:73701971035907, task_sched_time:73702191651502
app_id: 0, app_name: pulse_doppler_api-aarch64, task_id: 270, task_name: DASH_ZIP, resource_name: zip1, ref_start_time: 73702192439782, ref_stop_time: 73702192484122, actual_exe_time: 44340, task_app_start_time:73701971035907, task_sched_time:73702192436092
app_id: 0, app_name: pulse_doppler_api-aarch64, task_id: 271, task_name: DASH_FFT, resource_name: cpu1, ref_start_time: 73702193767673, ref_stop_time: 73702193790353, actual_exe_time: 22680, task_app_start_time:73701971035907, task_sched_time:73702193755883
app_id: 0, app_name: pulse_doppler_api-aarch64, task_id: 272, task_name: DASH_FFT, resource_name: cpu2, ref_start_time: 73702194396413, ref_stop_time: 73702194417833, actual_exe_time: 21420, task_app_start_time:73701971035907, task_sched_time:73702194389423
app_id: 0, app_name: pulse_doppler_api-aarch64, task_id: 273, task_name: DASH_FFT, resource_name: cpu3, ref_start_time: 73702195258013, ref_stop_time: 73702195284563, actual_exe_time: 26550, task_app_start_time:73701971035907, task_sched_time:73702195255073
app_id: 0, app_name: pulse_doppler_api-aarch64, task_id: 274, task_name: DASH_ZIP, resource_name: zip1, ref_start_time: 73702196001713, ref_stop_time: 73702196045363, actual_exe_time: 43650, task_app_start_time:73701971035907, task_sched_time:73702195998623
app_id: 0, app_name: pulse_doppler_api-aarch64, task_id: 275, task_name: DASH_FFT, resource_name: cpu1, ref_start_time: 73702196484143, ref_stop_time: 73702196505803, actual_exe_time: 21660, task_app_start_time:73701971035907, task_sched_time:73702196472533
app_id: 0, app_name: pulse_doppler_api-aarch64, task_id: 276, task_name: DASH_FFT, resource_name: cpu2, ref_start_time: 73702197511613, ref_stop_time: 73702197533483, actual_exe_time: 21870, task_app_start_time:73701971035907, task_sched_time:73702197504833
app_id: 0, app_name: pulse_doppler_api-aarch64, task_id: 277, task_name: DASH_FFT, resource_name: cpu3, ref_start_time: 73702198451213, ref_stop_time: 73702198478513, actual_exe_time: 27300, task_app_start_time:73701971035907, task_sched_time:73702198445033
app_id: 0, app_name: pulse_doppler_api-aarch64, task_id: 278, task_name: DASH_ZIP, resource_name: zip1, ref_start_time: 73702199547084, ref_stop_time: 73702199592234, actual_exe_time: 45150, task_app_start_time:73701971035907, task_sched_time:73702199541864
app_id: 0, app_name: pulse_doppler_api-aarch64, task_id: 279, task_name: DASH_FFT, resource_name: cpu1, ref_start_time: 73702200509124, ref_stop_time: 73702200531294, actual_exe_time: 22170, task_app_start_time:73701971035907, task_sched_time:73702200503724
app_id: 0, app_name: pulse_doppler_api-aarch64, task_id: 280, task_name: DASH_FFT, resource_name: cpu2, ref_start_time: 73702201121064, ref_stop_time: 73702201142334, actual_exe_time: 21270, task_app_start_time:73701971035907, task_sched_time:73702201114524
app_id: 0, app_name: pulse_doppler_api-aarch64, task_id: 281, task_name: DASH_FFT, resource_name: cpu3, ref_start_time: 73702202117724, ref_stop_time: 73702202143944, actual_exe_time: 26220, task_app_start_time:73701971035907, task_sched_time:73702202114994
app_id: 0, app_name: pulse_doppler_api-aarch64, task_id: 282, task_name: DASH_ZIP, resource_name: zip1, ref_start_time: 73702202955594, ref_stop_time: 73702203000084, actual_exe_time: 44490, task_app_start_time:73701971035907, task_sched_time:73702202949774
app_id: 0, app_name: pulse_doppler_api-aarch64, task_id: 283, task_name: DASH_FFT, resource_name: cpu1, ref_start_time: 73702203813594, ref_stop_time: 73702203836004, actual_exe_time: 22410, task_app_start_time:73701971035907, task_sched_time:73702203810444
app_id: 0, app_name: pulse_doppler_api-aarch64, task_id: 284, task_name: DASH_FFT, resource_name: cpu2, ref_start_time: 73702204849764, ref_stop_time: 73702204872324, actual_exe_time: 22560, task_app_start_time:73701971035907, task_sched_time:73702204842744
app_id: 0, app_name: pulse_doppler_api-aarch64, task_id: 285, task_name: DASH_FFT, resource_name: cpu3, ref_start_time: 73702205474155, ref_stop_time: 73702205500135, actual_exe_time: 25980, task_app_start_time:73701971035907, task_sched_time:73702205466445
app_id: 0, app_name: pulse_doppler_api-aarch64, task_id: 286, task_name: DASH_ZIP, resource_name: zip1, ref_start_time: 73702206420295, ref_stop_time: 73702206464725, actual_exe_time: 44430, task_app_start_time:73701971035907, task_sched_time:73702206413185
app_id: 0, app_name: pulse_doppler_api-aarch64, task_id: 287, task_name: DASH_FFT, resource_name: cpu1, ref_start_time: 73702207227745, ref_stop_time: 73702207250305, actual_exe_time: 22560, task_app_start_time:73701971035907, task_sched_time:73702207222285
app_id: 0, app_name: pulse_doppler_api-aarch64, task_id: 288, task_name: DASH_FFT, resource_name: cpu2, ref_start_time: 73702208205325, ref_stop_time: 73702208226115, actual_exe_time: 20790, task_app_start_time:73701971035907, task_sched_time:73702208196325
app_id: 0, app_name: pulse_doppler_api-aarch64, task_id: 289, task_name: DASH_FFT, resource_name: cpu3, ref_start_time: 73702208842915, ref_stop_time: 73702208868325, actual_exe_time: 25410, task_app_start_time:73701971035907, task_sched_time:73702208835085
app_id: 0, app_name: pulse_doppler_api-aarch64, task_id: 290, task_name: DASH_ZIP, resource_name: zip1, ref_start_time: 73702209832975, ref_stop_time: 73702209876505, actual_exe_time: 43530, task_app_start_time:73701971035907, task_sched_time:73702209822655
app_id: 0, app_name: pulse_doppler_api-aarch64, task_id: 291, task_name: DASH_FFT, resource_name: cpu1, ref_start_time: 73702210740985, ref_stop_time: 73702210763725, actual_exe_time: 22740, task_app_start_time:73701971035907, task_sched_time:73702210738195
app_id: 0, app_name: pulse_doppler_api-aarch64, task_id: 292, task_name: DASH_FFT, resource_name: cpu2, ref_start_time: 73702211286686, ref_stop_time: 73702211307416, actual_exe_time: 20730, task_app_start_time:73701971035907, task_sched_time:73702211279576
app_id: 0, app_name: pulse_doppler_api-aarch64, task_id: 293, task_name: DASH_FFT, resource_name: cpu3, ref_start_time: 73702212065996, ref_stop_time: 73702212092246, actual_exe_time: 26250, task_app_start_time:73701971035907, task_sched_time:73702212060716
app_id: 0, app_name: pulse_doppler_api-aarch64, task_id: 294, task_name: DASH_ZIP, resource_name: zip1, ref_start_time: 73702212945386, ref_stop_time: 73702212990356, actual_exe_time: 44970, task_app_start_time:73701971035907, task_sched_time:73702212940676
app_id: 0, app_name: pulse_doppler_api-aarch64, task_id: 295, task_name: DASH_FFT, resource_name: cpu1, ref_start_time: 73702213868096, ref_stop_time: 73702213890446, actual_exe_time: 22350, task_app_start_time:73701971035907, task_sched_time:73702213858646
app_id: 0, app_name: pulse_doppler_api-aarch64, task_id: 296, task_name: DASH_FFT, resource_name: cpu2, ref_start_time: 73702215013106, ref_stop_time: 73702215036206, actual_exe_time: 23100, task_app_start_time:73701971035907, task_sched_time:73702215008366
app_id: 0, app_name: pulse_doppler_api-aarch64, task_id: 297, task_name: DASH_FFT, resource_name: cpu3, ref_start_time: 73702215832016, ref_stop_time: 73702215858296, actual_exe_time: 26280, task_app_start_time:73701971035907, task_sched_time:73702215824576
app_id: 0, app_name: pulse_doppler_api-aarch64, task_id: 298, task_name: DASH_ZIP, resource_name: zip1, ref_start_time: 73702216696646, ref_stop_time: 73702216741646, actual_exe_time: 45000, task_app_start_time:73701971035907, task_sched_time:73702216690796
app_id: 0, app_name: pulse_doppler_api-aarch64, task_id: 299, task_name: DASH_FFT, resource_name: cpu1, ref_start_time: 73702217402006, ref_stop_time: 73702217424146, actual_exe_time: 22140, task_app_start_time:73701971035907, task_sched_time:73702217397446
app_id: 0, app_name: pulse_doppler_api-aarch64, task_id: 300, task_name: DASH_FFT, resource_name: cpu2, ref_start_time: 73702218413517, ref_stop_time: 73702218434847, actual_exe_time: 21330, task_app_start_time:73701971035907, task_sched_time:73702218408987
app_id: 0, app_name: pulse_doppler_api-aarch64, task_id: 301, task_name: DASH_FFT, resource_name: cpu3, ref_start_time: 73702219069377, ref_stop_time: 73702219094487, actual_exe_time: 25110, task_app_start_time:73701971035907, task_sched_time:73702219060737
app_id: 0, app_name: pulse_doppler_api-aarch64, task_id: 302, task_name: DASH_ZIP, resource_name: zip1, ref_start_time: 73702220074287, ref_stop_time: 73702220118807, actual_exe_time: 44520, task_app_start_time:73701971035907, task_sched_time:73702220069847
app_id: 0, app_name: pulse_doppler_api-aarch64, task_id: 303, task_name: DASH_FFT, resource_name: cpu1, ref_start_time: 73702220692557, ref_stop_time: 73702220715777, actual_exe_time: 23220, task_app_start_time:73701971035907, task_sched_time:73702220686437
app_id: 0, app_name: pulse_doppler_api-aarch64, task_id: 304, task_name: DASH_FFT, resource_name: cpu2, ref_start_time: 73702221952887, ref_stop_time: 73702221976287, actual_exe_time: 23400, task_app_start_time:73701971035907, task_sched_time:73702221949227
app_id: 0, app_name: pulse_doppler_api-aarch64, task_id: 305, task_name: DASH_FFT, resource_name: cpu3, ref_start_time: 73702222625187, ref_stop_time: 73702222651497, actual_exe_time: 26310, task_app_start_time:73701971035907, task_sched_time:73702222621647
app_id: 0, app_name: pulse_doppler_api-aarch64, task_id: 306, task_name: DASH_ZIP, resource_name: zip1, ref_start_time: 73702223639067, ref_stop_time: 73702223685088, actual_exe_time: 46021, task_app_start_time:73701971035907, task_sched_time:73702223635317
app_id: 0, app_name: pulse_doppler_api-aarch64, task_id: 307, task_name: DASH_FFT, resource_name: cpu1, ref_start_time: 73702224257158, ref_stop_time: 73702224278908, actual_exe_time: 21750, task_app_start_time:73701971035907, task_sched_time:73702224250168
app_id: 0, app_name: pulse_doppler_api-aarch64, task_id: 308, task_name: DASH_FFT, resource_name: cpu2, ref_start_time: 73702225316578, ref_stop_time: 73702225338718, actual_exe_time: 22140, task_app_start_time:73701971035907, task_sched_time:73702225309258
app_id: 0, app_name: pulse_doppler_api-aarch64, task_id: 309, task_name: DASH_FFT, resource_name: cpu3, ref_start_time: 73702225967308, ref_stop_time: 73702225992868, actual_exe_time: 25560, task_app_start_time:73701971035907, task_sched_time:73702225962148
app_id: 0, app_name: pulse_doppler_api-aarch64, task_id: 310, task_name: DASH_ZIP, resource_name: zip1, ref_start_time: 73702227048598, ref_stop_time: 73702227094438, actual_exe_time: 45840, task_app_start_time:73701971035907, task_sched_time:73702227045208
app_id: 0, app_name: pulse_doppler_api-aarch64, task_id: 311, task_name: DASH_FFT, resource_name: cpu1, ref_start_time: 73702227945478, ref_stop_time: 73702227968398, actual_exe_time: 22920, task_app_start_time:73701971035907, task_sched_time:73702227933568
app_id: 0, app_name: pulse_doppler_api-aarch64, task_id: 312, task_name: DASH_FFT, resource_name: cpu2, ref_start_time: 73702230210719, ref_stop_time: 73702230236459, actual_exe_time: 25740, task_app_start_time:73701971035907, task_sched_time:73702230202739
app_id: 0, app_name: pulse_doppler_api-aarch64, task_id: 313, task_name: DASH_FFT, resource_name: cpu3, ref_start_time: 73702231146359, ref_stop_time: 73702231174679, actual_exe_time: 28320, task_app_start_time:73701971035907, task_sched_time:73702231140899
app_id: 0, app_name: pulse_doppler_api-aarch64, task_id: 314, task_name: DASH_ZIP, resource_name: zip1, ref_start_time: 73702232369159, ref_stop_time: 73702232415299, actual_exe_time: 46140, task_app_start_time:73701971035907, task_sched_time:73702232359229
app_id: 0, app_name: pulse_doppler_api-aarch64, task_id: 315, task_name: DASH_FFT, resource_name: cpu1, ref_start_time: 73702232963099, ref_stop_time: 73702232986379, actual_exe_time: 23280, task_app_start_time:73701971035907, task_sched_time:73702232954699
app_id: 0, app_name: pulse_doppler_api-aarch64, task_id: 316, task_name: DASH_FFT, resource_name: cpu2, ref_start_time: 73702234329599, ref_stop_time: 73702234351589, actual_exe_time: 21990, task_app_start_time:73701971035907, task_sched_time:73702234320749
app_id: 0, app_name: pulse_doppler_api-aarch64, task_id: 317, task_name: DASH_FFT, resource_name: cpu3, ref_start_time: 73702235726039, ref_stop_time: 73702235752859, actual_exe_time: 26820, task_app_start_time:73701971035907, task_sched_time:73702235720579
app_id: 0, app_name: pulse_doppler_api-aarch64, task_id: 318, task_name: DASH_ZIP, resource_name: zip1, ref_start_time: 73702236578700, ref_stop_time: 73702236679200, actual_exe_time: 100500, task_app_start_time:73701971035907, task_sched_time:73702236573300
app_id: 0, app_name: pulse_doppler_api-aarch64, task_id: 319, task_name: DASH_FFT, resource_name: cpu1, ref_start_time: 73702237268310, ref_stop_time: 73702237290030, actual_exe_time: 21720, task_app_start_time:73701971035907, task_sched_time:73702237265700
app_id: 0, app_name: pulse_doppler_api-aarch64, task_id: 320, task_name: DASH_FFT, resource_name: cpu2, ref_start_time: 73702237938450, ref_stop_time: 73702237959600, actual_exe_time: 21150, task_app_start_time:73701971035907, task_sched_time:73702237932750
app_id: 0, app_name: pulse_doppler_api-aarch64, task_id: 321, task_name: DASH_FFT, resource_name: cpu3, ref_start_time: 73702238480160, ref_stop_time: 73702238504580, actual_exe_time: 24420, task_app_start_time:73701971035907, task_sched_time:73702238472090
app_id: 0, app_name: pulse_doppler_api-aarch64, task_id: 322, task_name: DASH_ZIP, resource_name: zip1, ref_start_time: 73702239033270, ref_stop_time: 73702239075240, actual_exe_time: 41970, task_app_start_time:73701971035907, task_sched_time:73702239023700
app_id: 0, app_name: pulse_doppler_api-aarch64, task_id: 323, task_name: DASH_FFT, resource_name: cpu1, ref_start_time: 73702239663990, ref_stop_time: 73702239685020, actual_exe_time: 21030, task_app_start_time:73701971035907, task_sched_time:73702239658470
app_id: 0, app_name: pulse_doppler_api-aarch64, task_id: 324, task_name: DASH_FFT, resource_name: cpu2, ref_start_time: 73702240357260, ref_stop_time: 73702240377210, actual_exe_time: 19950, task_app_start_time:73701971035907, task_sched_time:73702240349610
app_id: 0, app_name: pulse_doppler_api-aarch64, task_id: 325, task_name: DASH_FFT, resource_name: cpu3, ref_start_time: 73702240863480, ref_stop_time: 73702240887630, actual_exe_time: 24150, task_app_start_time:73701971035907, task_sched_time:73702240858620
app_id: 0, app_name: pulse_doppler_api-aarch64, task_id: 326, task_name: DASH_ZIP, resource_name: zip1, ref_start_time: 73702241517600, ref_stop_time: 73702241559990, actual_exe_time: 42390, task_app_start_time:73701971035907, task_sched_time:73702241509530
app_id: 0, app_name: pulse_doppler_api-aarch64, task_id: 327, task_name: DASH_FFT, resource_name: cpu1, ref_start_time: 73702242090660, ref_stop_time: 73702242112350, actual_exe_time: 21690, task_app_start_time:73701971035907, task_sched_time:73702242082140
app_id: 0, app_name: pulse_doppler_api-aarch64, task_id: 328, task_name: DASH_FFT, resource_name: cpu2, ref_start_time: 73702242698881, ref_stop_time: 73702242719461, actual_exe_time: 20580, task_app_start_time:73701971035907, task_sched_time:73702242691981
app_id: 0, app_name: pulse_doppler_api-aarch64, task_id: 329, task_name: DASH_FFT, resource_name: cpu3, ref_start_time: 73702243135291, ref_stop_time: 73702243159291, actual_exe_time: 24000, task_app_start_time:73701971035907, task_sched_time:73702243130101
app_id: 0, app_name: pulse_doppler_api-aarch64, task_id: 330, task_name: DASH_ZIP, resource_name: zip1, ref_start_time: 73702243823701, ref_stop_time: 73702243866451, actual_exe_time: 42750, task_app_start_time:73701971035907, task_sched_time:73702243817011
app_id: 0, app_name: pulse_doppler_api-aarch64, task_id: 331, task_name: DASH_FFT, resource_name: cpu1, ref_start_time: 73702244445661, ref_stop_time: 73702244466811, actual_exe_time: 21150, task_app_start_time:73701971035907, task_sched_time:73702244435731
app_id: 0, app_name: pulse_doppler_api-aarch64, task_id: 332, task_name: DASH_FFT, resource_name: cpu2, ref_start_time: 73702245150571, ref_stop_time: 73702245171001, actual_exe_time: 20430, task_app_start_time:73701971035907, task_sched_time:73702245147241
app_id: 0, app_name: pulse_doppler_api-aarch64, task_id: 333, task_name: DASH_FFT, resource_name: cpu3, ref_start_time: 73702245690871, ref_stop_time: 73702245715741, actual_exe_time: 24870, task_app_start_time:73701971035907, task_sched_time:73702245688291
app_id: 0, app_name: pulse_doppler_api-aarch64, task_id: 334, task_name: DASH_ZIP, resource_name: zip1, ref_start_time: 73702246396021, ref_stop_time: 73702246438591, actual_exe_time: 42570, task_app_start_time:73701971035907, task_sched_time:73702246391491
app_id: 0, app_name: pulse_doppler_api-aarch64, task_id: 335, task_name: DASH_FFT, resource_name: cpu1, ref_start_time: 73702246851661, ref_stop_time: 73702246873261, actual_exe_time: 21600, task_app_start_time:73701971035907, task_sched_time:73702246840951
app_id: 0, app_name: pulse_doppler_api-aarch64, task_id: 336, task_name: DASH_FFT, resource_name: cpu2, ref_start_time: 73702247524981, ref_stop_time: 73702247544961, actual_exe_time: 19980, task_app_start_time:73701971035907, task_sched_time:73702247520181
app_id: 0, app_name: pulse_doppler_api-aarch64, task_id: 337, task_name: DASH_FFT, resource_name: cpu3, ref_start_time: 73702248026971, ref_stop_time: 73702248050731, actual_exe_time: 23760, task_app_start_time:73701971035907, task_sched_time:73702248023191
app_id: 0, app_name: pulse_doppler_api-aarch64, task_id: 338, task_name: DASH_ZIP, resource_name: zip1, ref_start_time: 73702248718352, ref_stop_time: 73702248761252, actual_exe_time: 42900, task_app_start_time:73701971035907, task_sched_time:73702248715472
app_id: 0, app_name: pulse_doppler_api-aarch64, task_id: 339, task_name: DASH_FFT, resource_name: cpu1, ref_start_time: 73702249250462, ref_stop_time: 73702249271912, actual_exe_time: 21450, task_app_start_time:73701971035907, task_sched_time:73702249243652
app_id: 0, app_name: pulse_doppler_api-aarch64, task_id: 340, task_name: DASH_FFT, resource_name: cpu2, ref_start_time: 73702249767902, ref_stop_time: 73702249788332, actual_exe_time: 20430, task_app_start_time:73701971035907, task_sched_time:73702249764662
app_id: 0, app_name: pulse_doppler_api-aarch64, task_id: 341, task_name: DASH_FFT, resource_name: cpu3, ref_start_time: 73702250026712, ref_stop_time: 73702250050742, actual_exe_time: 24030, task_app_start_time:73701971035907, task_sched_time:73702250023982
app_id: 0, app_name: pulse_doppler_api-aarch64, task_id: 342, task_name: DASH_ZIP, resource_name: zip1, ref_start_time: 73702250702762, ref_stop_time: 73702250745212, actual_exe_time: 42450, task_app_start_time:73701971035907, task_sched_time:73702250697722
app_id: 0, app_name: pulse_doppler_api-aarch64, task_id: 343, task_name: DASH_FFT, resource_name: cpu1, ref_start_time: 73702251267332, ref_stop_time: 73702251288272, actual_exe_time: 20940, task_app_start_time:73701971035907, task_sched_time:73702251254312
app_id: 0, app_name: pulse_doppler_api-aarch64, task_id: 344, task_name: DASH_FFT, resource_name: cpu2, ref_start_time: 73702251691652, ref_stop_time: 73702251711452, actual_exe_time: 19800, task_app_start_time:73701971035907, task_sched_time:73702251688472
app_id: 0, app_name: pulse_doppler_api-aarch64, task_id: 345, task_name: DASH_FFT, resource_name: cpu3, ref_start_time: 73702252339922, ref_stop_time: 73702252363952, actual_exe_time: 24030, task_app_start_time:73701971035907, task_sched_time:73702252332452
app_id: 0, app_name: pulse_doppler_api-aarch64, task_id: 346, task_name: DASH_ZIP, resource_name: zip1, ref_start_time: 73702253096672, ref_stop_time: 73702253139122, actual_exe_time: 42450, task_app_start_time:73701971035907, task_sched_time:73702253091752
app_id: 0, app_name: pulse_doppler_api-aarch64, task_id: 347, task_name: DASH_FFT, resource_name: cpu1, ref_start_time: 73702253711762, ref_stop_time: 73702253732912, actual_exe_time: 21150, task_app_start_time:73701971035907, task_sched_time:73702253705912
app_id: 0, app_name: pulse_doppler_api-aarch64, task_id: 348, task_name: DASH_FFT, resource_name: cpu2, ref_start_time: 73702254254342, ref_stop_time: 73702254274742, actual_exe_time: 20400, task_app_start_time:73701971035907, task_sched_time:73702254245882
app_id: 0, app_name: pulse_doppler_api-aarch64, task_id: 349, task_name: DASH_FFT, resource_name: cpu3, ref_start_time: 73702254666152, ref_stop_time: 73702254690002, actual_exe_time: 23850, task_app_start_time:73701971035907, task_sched_time:73702254660392
app_id: 0, app_name: pulse_doppler_api-aarch64, task_id: 350, task_name: DASH_ZIP, resource_name: zip1, ref_start_time: 73702255372023, ref_stop_time: 73702255414743, actual_exe_time: 42720, task_app_start_time:73701971035907, task_sched_time:73702255362693
app_id: 0, app_name: pulse_doppler_api-aarch64, task_id: 351, task_name: DASH_FFT, resource_name: cpu1, ref_start_time: 73702255941843, ref_stop_time: 73702255963023, actual_exe_time: 21180, task_app_start_time:73701971035907, task_sched_time:73702255937643
app_id: 0, app_name: pulse_doppler_api-aarch64, task_id: 352, task_name: DASH_FFT, resource_name: cpu2, ref_start_time: 73702256517813, ref_stop_time: 73702256537973, actual_exe_time: 20160, task_app_start_time:73701971035907, task_sched_time:73702256511213
app_id: 0, app_name: pulse_doppler_api-aarch64, task_id: 353, task_name: DASH_FFT, resource_name: cpu3, ref_start_time: 73702257032073, ref_stop_time: 73702257055983, actual_exe_time: 23910, task_app_start_time:73701971035907, task_sched_time:73702257026913
app_id: 0, app_name: pulse_doppler_api-aarch64, task_id: 354, task_name: DASH_ZIP, resource_name: zip1, ref_start_time: 73702257988323, ref_stop_time: 73702258031073, actual_exe_time: 42750, task_app_start_time:73701971035907, task_sched_time:73702257979683
app_id: 0, app_name: pulse_doppler_api-aarch64, task_id: 355, task_name: DASH_FFT, resource_name: cpu1, ref_start_time: 73702258656603, ref_stop_time: 73702258677753, actual_exe_time: 21150, task_app_start_time:73701971035907, task_sched_time:73702258647033
app_id: 0, app_name: pulse_doppler_api-aarch64, task_id: 356, task_name: DASH_FFT, resource_name: cpu2, ref_start_time: 73702259255013, ref_stop_time: 73702259275323, actual_exe_time: 20310, task_app_start_time:73701971035907, task_sched_time:73702259248623
app_id: 0, app_name: pulse_doppler_api-aarch64, task_id: 357, task_name: DASH_FFT, resource_name: cpu3, ref_start_time: 73702259777133, ref_stop_time: 73702259801193, actual_exe_time: 24060, task_app_start_time:73701971035907, task_sched_time:73702259774463
app_id: 0, app_name: pulse_doppler_api-aarch64, task_id: 358, task_name: DASH_ZIP, resource_name: zip1, ref_start_time: 73702260410523, ref_stop_time: 73702260453603, actual_exe_time: 43080, task_app_start_time:73701971035907, task_sched_time:73702260406023
app_id: 0, app_name: pulse_doppler_api-aarch64, task_id: 359, task_name: DASH_FFT, resource_name: cpu1, ref_start_time: 73702261050604, ref_stop_time: 73702261071844, actual_exe_time: 21240, task_app_start_time:73701971035907, task_sched_time:73702261040734
app_id: 0, app_name: pulse_doppler_api-aarch64, task_id: 360, task_name: DASH_FFT, resource_name: cpu2, ref_start_time: 73702261583104, ref_stop_time: 73702261603744, actual_exe_time: 20640, task_app_start_time:73701971035907, task_sched_time:73702261577224
app_id: 0, app_name: pulse_doppler_api-aarch64, task_id: 361, task_name: DASH_FFT, resource_name: cpu3, ref_start_time: 73702261972114, ref_stop_time: 73702261996144, actual_exe_time: 24030, task_app_start_time:73701971035907, task_sched_time:73702261963594
app_id: 0, app_name: pulse_doppler_api-aarch64, task_id: 362, task_name: DASH_ZIP, resource_name: zip1, ref_start_time: 73702262667064, ref_stop_time: 73702262709484, actual_exe_time: 42420, task_app_start_time:73701971035907, task_sched_time:73702262662504
app_id: 0, app_name: pulse_doppler_api-aarch64, task_id: 363, task_name: DASH_FFT, resource_name: cpu1, ref_start_time: 73702263304444, ref_stop_time: 73702263325624, actual_exe_time: 21180, task_app_start_time:73701971035907, task_sched_time:73702263291454
app_id: 0, app_name: pulse_doppler_api-aarch64, task_id: 364, task_name: DASH_FFT, resource_name: cpu2, ref_start_time: 73702263856564, ref_stop_time: 73702263876604, actual_exe_time: 20040, task_app_start_time:73701971035907, task_sched_time:73702263852514
app_id: 0, app_name: pulse_doppler_api-aarch64, task_id: 365, task_name: DASH_FFT, resource_name: cpu3, ref_start_time: 73702264286134, ref_stop_time: 73702264310074, actual_exe_time: 23940, task_app_start_time:73701971035907, task_sched_time:73702264276264
app_id: 0, app_name: pulse_doppler_api-aarch64, task_id: 366, task_name: DASH_ZIP, resource_name: zip1, ref_start_time: 73702264912714, ref_stop_time: 73702264954984, actual_exe_time: 42270, task_app_start_time:73701971035907, task_sched_time:73702264908304
app_id: 0, app_name: pulse_doppler_api-aarch64, task_id: 367, task_name: DASH_FFT, resource_name: cpu1, ref_start_time: 73702265084554, ref_stop_time: 73702265264974, actual_exe_time: 180420, task_app_start_time:73701971035907, task_sched_time:73702265082034
app_id: 0, app_name: pulse_doppler_api-aarch64, task_id: 368, task_name: DASH_FFT, resource_name: cpu2, ref_start_time: 73702265725894, ref_stop_time: 73702265746744, actual_exe_time: 20850, task_app_start_time:73701971035907, task_sched_time:73702265719054
app_id: 0, app_name: pulse_doppler_api-aarch64, task_id: 369, task_name: DASH_FFT, resource_name: cpu3, ref_start_time: 73702266441094, ref_stop_time: 73702266465064, actual_exe_time: 23970, task_app_start_time:73701971035907, task_sched_time:73702266432034
app_id: 0, app_name: pulse_doppler_api-aarch64, task_id: 370, task_name: DASH_ZIP, resource_name: zip1, ref_start_time: 73702267179065, ref_stop_time: 73702267221365, actual_exe_time: 42300, task_app_start_time:73701971035907, task_sched_time:73702267169855
app_id: 0, app_name: pulse_doppler_api-aarch64, task_id: 371, task_name: DASH_FFT, resource_name: cpu1, ref_start_time: 73702267742495, ref_stop_time: 73702267763705, actual_exe_time: 21210, task_app_start_time:73701971035907, task_sched_time:73702267736915
app_id: 0, app_name: pulse_doppler_api-aarch64, task_id: 372, task_name: DASH_FFT, resource_name: cpu2, ref_start_time: 73702268131775, ref_stop_time: 73702268151875, actual_exe_time: 20100, task_app_start_time:73701971035907, task_sched_time:73702268125745
app_id: 0, app_name: pulse_doppler_api-aarch64, task_id: 373, task_name: DASH_FFT, resource_name: cpu3, ref_start_time: 73702268756885, ref_stop_time: 73702268780795, actual_exe_time: 23910, task_app_start_time:73701971035907, task_sched_time:73702268750735
app_id: 0, app_name: pulse_doppler_api-aarch64, task_id: 374, task_name: DASH_ZIP, resource_name: zip1, ref_start_time: 73702269520265, ref_stop_time: 73702269563225, actual_exe_time: 42960, task_app_start_time:73701971035907, task_sched_time:73702269512615
app_id: 0, app_name: pulse_doppler_api-aarch64, task_id: 375, task_name: DASH_FFT, resource_name: cpu1, ref_start_time: 73702270156685, ref_stop_time: 73702270178045, actual_exe_time: 21360, task_app_start_time:73701971035907, task_sched_time:73702270146995
app_id: 0, app_name: pulse_doppler_api-aarch64, task_id: 376, task_name: DASH_FFT, resource_name: cpu2, ref_start_time: 73702270737155, ref_stop_time: 73702270757585, actual_exe_time: 20430, task_app_start_time:73701971035907, task_sched_time:73702270727765
app_id: 0, app_name: pulse_doppler_api-aarch64, task_id: 377, task_name: DASH_FFT, resource_name: cpu3, ref_start_time: 73702271244095, ref_stop_time: 73702271268125, actual_exe_time: 24030, task_app_start_time:73701971035907, task_sched_time:73702271239295
app_id: 0, app_name: pulse_doppler_api-aarch64, task_id: 378, task_name: DASH_ZIP, resource_name: zip1, ref_start_time: 73702271861645, ref_stop_time: 73702271904005, actual_exe_time: 42360, task_app_start_time:73701971035907, task_sched_time:73702271854205
app_id: 0, app_name: pulse_doppler_api-aarch64, task_id: 379, task_name: DASH_FFT, resource_name: cpu1, ref_start_time: 73702272448925, ref_stop_time: 73702272469925, actual_exe_time: 21000, task_app_start_time:73701971035907, task_sched_time:73702272442985
app_id: 0, app_name: pulse_doppler_api-aarch64, task_id: 380, task_name: DASH_FFT, resource_name: cpu2, ref_start_time: 73702272969695, ref_stop_time: 73702272990185, actual_exe_time: 20490, task_app_start_time:73701971035907, task_sched_time:73702272962525
app_id: 0, app_name: pulse_doppler_api-aarch64, task_id: 381, task_name: DASH_FFT, resource_name: cpu3, ref_start_time: 73702273266935, ref_stop_time: 73702273290965, actual_exe_time: 24030, task_app_start_time:73701971035907, task_sched_time:73702273263365
app_id: 0, app_name: pulse_doppler_api-aarch64, task_id: 382, task_name: DASH_ZIP, resource_name: zip1, ref_start_time: 73702273953936, ref_stop_time: 73702273997046, actual_exe_time: 43110, task_app_start_time:73701971035907, task_sched_time:73702273950306
app_id: 0, app_name: pulse_doppler_api-aarch64, task_id: 383, task_name: DASH_FFT, resource_name: cpu1, ref_start_time: 73702274463546, ref_stop_time: 73702274484846, actual_exe_time: 21300, task_app_start_time:73701971035907, task_sched_time:73702274455716
app_id: 0, app_name: pulse_doppler_api-aarch64, task_id: 384, task_name: DASH_FFT, resource_name: cpu2, ref_start_time: 73702275003426, ref_stop_time: 73702275023346, actual_exe_time: 19920, task_app_start_time:73701971035907, task_sched_time:73702274997306
app_id: 0, app_name: pulse_doppler_api-aarch64, task_id: 385, task_name: DASH_FFT, resource_name: cpu3, ref_start_time: 73702275385416, ref_stop_time: 73702275409356, actual_exe_time: 23940, task_app_start_time:73701971035907, task_sched_time:73702275377106
app_id: 0, app_name: pulse_doppler_api-aarch64, task_id: 386, task_name: DASH_ZIP, resource_name: zip1, ref_start_time: 73702276014336, ref_stop_time: 73702276057836, actual_exe_time: 43500, task_app_start_time:73701971035907, task_sched_time:73702276008966
app_id: 0, app_name: pulse_doppler_api-aarch64, task_id: 387, task_name: DASH_FFT, resource_name: cpu1, ref_start_time: 73702276528386, ref_stop_time: 73702276549266, actual_exe_time: 20880, task_app_start_time:73701971035907, task_sched_time:73702276518546
app_id: 0, app_name: pulse_doppler_api-aarch64, task_id: 388, task_name: DASH_FFT, resource_name: cpu2, ref_start_time: 73702277093016, ref_stop_time: 73702277113206, actual_exe_time: 20190, task_app_start_time:73701971035907, task_sched_time:73702277087346
app_id: 0, app_name: pulse_doppler_api-aarch64, task_id: 389, task_name: DASH_FFT, resource_name: cpu3, ref_start_time: 73702277526066, ref_stop_time: 73702277550306, actual_exe_time: 24240, task_app_start_time:73701971035907, task_sched_time:73702277521536
app_id: 0, app_name: pulse_doppler_api-aarch64, task_id: 390, task_name: DASH_ZIP, resource_name: zip1, ref_start_time: 73702278210786, ref_stop_time: 73702278254046, actual_exe_time: 43260, task_app_start_time:73701971035907, task_sched_time:73702278201636
app_id: 0, app_name: pulse_doppler_api-aarch64, task_id: 391, task_name: DASH_FFT, resource_name: cpu1, ref_start_time: 73702278847686, ref_stop_time: 73702278868866, actual_exe_time: 21180, task_app_start_time:73701971035907, task_sched_time:73702278835446
app_id: 0, app_name: pulse_doppler_api-aarch64, task_id: 392, task_name: DASH_FFT, resource_name: cpu2, ref_start_time: 73702279512906, ref_stop_time: 73702279532796, actual_exe_time: 19890, task_app_start_time:73701971035907, task_sched_time:73702279507476
app_id: 0, app_name: pulse_doppler_api-aarch64, task_id: 393, task_name: DASH_FFT, resource_name: cpu3, ref_start_time: 73702280035747, ref_stop_time: 73702280059867, actual_exe_time: 24120, task_app_start_time:73701971035907, task_sched_time:73702280031367
app_id: 0, app_name: pulse_doppler_api-aarch64, task_id: 394, task_name: DASH_ZIP, resource_name: zip1, ref_start_time: 73702280674387, ref_stop_time: 73702280716597, actual_exe_time: 42210, task_app_start_time:73701971035907, task_sched_time:73702280666467
app_id: 0, app_name: pulse_doppler_api-aarch64, task_id: 395, task_name: DASH_FFT, resource_name: cpu1, ref_start_time: 73702281177697, ref_stop_time: 73702281198847, actual_exe_time: 21150, task_app_start_time:73701971035907, task_sched_time:73702281167827
app_id: 0, app_name: pulse_doppler_api-aarch64, task_id: 396, task_name: DASH_FFT, resource_name: cpu2, ref_start_time: 73702281772387, ref_stop_time: 73702281792427, actual_exe_time: 20040, task_app_start_time:73701971035907, task_sched_time:73702281765397
app_id: 0, app_name: pulse_doppler_api-aarch64, task_id: 397, task_name: DASH_FFT, resource_name: cpu3, ref_start_time: 73702282235857, ref_stop_time: 73702282260007, actual_exe_time: 24150, task_app_start_time:73701971035907, task_sched_time:73702282230607
app_id: 0, app_name: pulse_doppler_api-aarch64, task_id: 398, task_name: DASH_ZIP, resource_name: zip1, ref_start_time: 73702282867387, ref_stop_time: 73702282909867, actual_exe_time: 42480, task_app_start_time:73701971035907, task_sched_time:73702282863067
app_id: 0, app_name: pulse_doppler_api-aarch64, task_id: 399, task_name: DASH_FFT, resource_name: cpu1, ref_start_time: 73702283382157, ref_stop_time: 73702283403157, actual_exe_time: 21000, task_app_start_time:73701971035907, task_sched_time:73702283378047
app_id: 0, app_name: pulse_doppler_api-aarch64, task_id: 400, task_name: DASH_FFT, resource_name: cpu2, ref_start_time: 73702283989507, ref_stop_time: 73702284009427, actual_exe_time: 19920, task_app_start_time:73701971035907, task_sched_time:73702283983057
app_id: 0, app_name: pulse_doppler_api-aarch64, task_id: 401, task_name: DASH_FFT, resource_name: cpu3, ref_start_time: 73702284428257, ref_stop_time: 73702284452977, actual_exe_time: 24720, task_app_start_time:73701971035907, task_sched_time:73702284419497
app_id: 0, app_name: pulse_doppler_api-aarch64, task_id: 402, task_name: DASH_ZIP, resource_name: zip1, ref_start_time: 73702285158997, ref_stop_time: 73702285201417, actual_exe_time: 42420, task_app_start_time:73701971035907, task_sched_time:73702285156057
app_id: 0, app_name: pulse_doppler_api-aarch64, task_id: 403, task_name: DASH_FFT, resource_name: cpu1, ref_start_time: 73702285733557, ref_stop_time: 73702285754887, actual_exe_time: 21330, task_app_start_time:73701971035907, task_sched_time:73702285725877
app_id: 0, app_name: pulse_doppler_api-aarch64, task_id: 404, task_name: DASH_FFT, resource_name: cpu2, ref_start_time: 73702286332628, ref_stop_time: 73702286352758, actual_exe_time: 20130, task_app_start_time:73701971035907, task_sched_time:73702286326748
app_id: 0, app_name: pulse_doppler_api-aarch64, task_id: 405, task_name: DASH_FFT, resource_name: cpu3, ref_start_time: 73702286765888, ref_stop_time: 73702286789798, actual_exe_time: 23910, task_app_start_time:73701971035907, task_sched_time:73702286763098
app_id: 0, app_name: pulse_doppler_api-aarch64, task_id: 406, task_name: DASH_ZIP, resource_name: zip1, ref_start_time: 73702287471008, ref_stop_time: 73702287513428, actual_exe_time: 42420, task_app_start_time:73701971035907, task_sched_time:73702287465758
app_id: 0, app_name: pulse_doppler_api-aarch64, task_id: 407, task_name: DASH_FFT, resource_name: cpu1, ref_start_time: 73702287959438, ref_stop_time: 73702287980378, actual_exe_time: 20940, task_app_start_time:73701971035907, task_sched_time:73702287948368
app_id: 0, app_name: pulse_doppler_api-aarch64, task_id: 408, task_name: DASH_FFT, resource_name: cpu2, ref_start_time: 73702288380098, ref_stop_time: 73702288400048, actual_exe_time: 19950, task_app_start_time:73701971035907, task_sched_time:73702288372988
app_id: 0, app_name: pulse_doppler_api-aarch64, task_id: 409, task_name: DASH_FFT, resource_name: cpu3, ref_start_time: 73702289020628, ref_stop_time: 73702289044598, actual_exe_time: 23970, task_app_start_time:73701971035907, task_sched_time:73702289013488
app_id: 0, app_name: pulse_doppler_api-aarch64, task_id: 410, task_name: DASH_ZIP, resource_name: zip1, ref_start_time: 73702289785478, ref_stop_time: 73702289828168, actual_exe_time: 42690, task_app_start_time:73701971035907, task_sched_time:73702289778668
app_id: 0, app_name: pulse_doppler_api-aarch64, task_id: 411, task_name: DASH_FFT, resource_name: cpu1, ref_start_time: 73702290352148, ref_stop_time: 73702290373208, actual_exe_time: 21060, task_app_start_time:73701971035907, task_sched_time:73702290339488
app_id: 0, app_name: pulse_doppler_api-aarch64, task_id: 412, task_name: DASH_FFT, resource_name: cpu2, ref_start_time: 73702290962918, ref_stop_time: 73702290982928, actual_exe_time: 20010, task_app_start_time:73701971035907, task_sched_time:73702290953888
app_id: 0, app_name: pulse_doppler_api-aarch64, task_id: 413, task_name: DASH_FFT, resource_name: cpu3, ref_start_time: 73702291340228, ref_stop_time: 73702291364018, actual_exe_time: 23790, task_app_start_time:73701971035907, task_sched_time:73702291335158
app_id: 0, app_name: pulse_doppler_api-aarch64, task_id: 414, task_name: DASH_ZIP, resource_name: zip1, ref_start_time: 73702292075319, ref_stop_time: 73702292118009, actual_exe_time: 42690, task_app_start_time:73701971035907, task_sched_time:73702292070699
app_id: 0, app_name: pulse_doppler_api-aarch64, task_id: 415, task_name: DASH_FFT, resource_name: cpu1, ref_start_time: 73702292660919, ref_stop_time: 73702292682189, actual_exe_time: 21270, task_app_start_time:73701971035907, task_sched_time:73702292652219
app_id: 0, app_name: pulse_doppler_api-aarch64, task_id: 416, task_name: DASH_FFT, resource_name: cpu2, ref_start_time: 73702293232299, ref_stop_time: 73702293252519, actual_exe_time: 20220, task_app_start_time:73701971035907, task_sched_time:73702293229659
app_id: 0, app_name: pulse_doppler_api-aarch64, task_id: 417, task_name: DASH_FFT, resource_name: cpu3, ref_start_time: 73702293651849, ref_stop_time: 73702293675759, actual_exe_time: 23910, task_app_start_time:73701971035907, task_sched_time:73702293642249
app_id: 0, app_name: pulse_doppler_api-aarch64, task_id: 418, task_name: DASH_ZIP, resource_name: zip1, ref_start_time: 73702294281789, ref_stop_time: 73702294324569, actual_exe_time: 42780, task_app_start_time:73701971035907, task_sched_time:73702294276599
app_id: 0, app_name: pulse_doppler_api-aarch64, task_id: 419, task_name: DASH_FFT, resource_name: cpu1, ref_start_time: 73702294793019, ref_stop_time: 73702294814139, actual_exe_time: 21120, task_app_start_time:73701971035907, task_sched_time:73702294789479
app_id: 0, app_name: pulse_doppler_api-aarch64, task_id: 420, task_name: DASH_FFT, resource_name: cpu2, ref_start_time: 73702295198289, ref_stop_time: 73702295218389, actual_exe_time: 20100, task_app_start_time:73701971035907, task_sched_time:73702295193939
app_id: 0, app_name: pulse_doppler_api-aarch64, task_id: 421, task_name: DASH_FFT, resource_name: cpu3, ref_start_time: 73702295644299, ref_stop_time: 73702295667849, actual_exe_time: 23550, task_app_start_time:73701971035907, task_sched_time:73702295637579
app_id: 0, app_name: pulse_doppler_api-aarch64, task_id: 422, task_name: DASH_ZIP, resource_name: zip1, ref_start_time: 73702296312249, ref_stop_time: 73702296354129, actual_exe_time: 41880, task_app_start_time:73701971035907, task_sched_time:73702296309489
app_id: 0, app_name: pulse_doppler_api-aarch64, task_id: 423, task_name: DASH_FFT, resource_name: cpu1, ref_start_time: 73702296874209, ref_stop_time: 73702296895659, actual_exe_time: 21450, task_app_start_time:73701971035907, task_sched_time:73702296870429
app_id: 0, app_name: pulse_doppler_api-aarch64, task_id: 424, task_name: DASH_FFT, resource_name: cpu2, ref_start_time: 73702297494699, ref_stop_time: 73702297514889, actual_exe_time: 20190, task_app_start_time:73701971035907, task_sched_time:73702297491579
app_id: 0, app_name: pulse_doppler_api-aarch64, task_id: 425, task_name: DASH_FFT, resource_name: cpu3, ref_start_time: 73702298027619, ref_stop_time: 73702298052369, actual_exe_time: 24750, task_app_start_time:73701971035907, task_sched_time:73702298024169
app_id: 0, app_name: pulse_doppler_api-aarch64, task_id: 426, task_name: DASH_ZIP, resource_name: zip1, ref_start_time: 73702298645560, ref_stop_time: 73702298687830, actual_exe_time: 42270, task_app_start_time:73701971035907, task_sched_time:73702298636980
app_id: 0, app_name: pulse_doppler_api-aarch64, task_id: 427, task_name: DASH_FFT, resource_name: cpu1, ref_start_time: 73702299257740, ref_stop_time: 73702299278560, actual_exe_time: 20820, task_app_start_time:73701971035907, task_sched_time:73702299245140
app_id: 0, app_name: pulse_doppler_api-aarch64, task_id: 428, task_name: DASH_FFT, resource_name: cpu2, ref_start_time: 73702299764770, ref_stop_time: 73702299784780, actual_exe_time: 20010, task_app_start_time:73701971035907, task_sched_time:73702299761560
app_id: 0, app_name: pulse_doppler_api-aarch64, task_id: 429, task_name: DASH_FFT, resource_name: cpu3, ref_start_time: 73702300123360, ref_stop_time: 73702300148050, actual_exe_time: 24690, task_app_start_time:73701971035907, task_sched_time:73702300119820
app_id: 0, app_name: pulse_doppler_api-aarch64, task_id: 430, task_name: DASH_ZIP, resource_name: zip1, ref_start_time: 73702300802170, ref_stop_time: 73702300844530, actual_exe_time: 42360, task_app_start_time:73701971035907, task_sched_time:73702300797970
app_id: 0, app_name: pulse_doppler_api-aarch64, task_id: 431, task_name: DASH_FFT, resource_name: cpu1, ref_start_time: 73702301280730, ref_stop_time: 73702301302120, actual_exe_time: 21390, task_app_start_time:73701971035907, task_sched_time:73702301269240
app_id: 0, app_name: pulse_doppler_api-aarch64, task_id: 432, task_name: DASH_FFT, resource_name: cpu2, ref_start_time: 73702301907160, ref_stop_time: 73702301927140, actual_exe_time: 19980, task_app_start_time:73701971035907, task_sched_time:73702301903920
app_id: 0, app_name: pulse_doppler_api-aarch64, task_id: 433, task_name: DASH_FFT, resource_name: cpu3, ref_start_time: 73702302412030, ref_stop_time: 73702302435670, actual_exe_time: 23640, task_app_start_time:73701971035907, task_sched_time:73702302409390
app_id: 0, app_name: pulse_doppler_api-aarch64, task_id: 434, task_name: DASH_ZIP, resource_name: zip1, ref_start_time: 73702303110190, ref_stop_time: 73702303151860, actual_exe_time: 41670, task_app_start_time:73701971035907, task_sched_time:73702303107220
app_id: 0, app_name: pulse_doppler_api-aarch64, task_id: 435, task_name: DASH_FFT, resource_name: cpu1, ref_start_time: 73702303636390, ref_stop_time: 73702303657390, actual_exe_time: 21000, task_app_start_time:73701971035907, task_sched_time:73702303625380
app_id: 0, app_name: pulse_doppler_api-aarch64, task_id: 436, task_name: DASH_FFT, resource_name: cpu2, ref_start_time: 73702304275270, ref_stop_time: 73702304295130, actual_exe_time: 19860, task_app_start_time:73701971035907, task_sched_time:73702304269030
app_id: 0, app_name: pulse_doppler_api-aarch64, task_id: 437, task_name: DASH_FFT, resource_name: cpu3, ref_start_time: 73702304783381, ref_stop_time: 73702304807231, actual_exe_time: 23850, task_app_start_time:73701971035907, task_sched_time:73702304777321
app_id: 0, app_name: pulse_doppler_api-aarch64, task_id: 438, task_name: DASH_ZIP, resource_name: zip1, ref_start_time: 73702305477311, ref_stop_time: 73702305519821, actual_exe_time: 42510, task_app_start_time:73701971035907, task_sched_time:73702305471431
app_id: 0, app_name: pulse_doppler_api-aarch64, task_id: 439, task_name: DASH_FFT, resource_name: cpu1, ref_start_time: 73702306174811, ref_stop_time: 73702306196051, actual_exe_time: 21240, task_app_start_time:73701971035907, task_sched_time:73702306171931
app_id: 0, app_name: pulse_doppler_api-aarch64, task_id: 440, task_name: DASH_FFT, resource_name: cpu2, ref_start_time: 73702306802711, ref_stop_time: 73702306822901, actual_exe_time: 20190, task_app_start_time:73701971035907, task_sched_time:73702306793741
app_id: 0, app_name: pulse_doppler_api-aarch64, task_id: 441, task_name: DASH_FFT, resource_name: cpu3, ref_start_time: 73702307250101, ref_stop_time: 73702307274191, actual_exe_time: 24090, task_app_start_time:73701971035907, task_sched_time:73702307245511
app_id: 0, app_name: pulse_doppler_api-aarch64, task_id: 442, task_name: DASH_ZIP, resource_name: zip1, ref_start_time: 73702308025091, ref_stop_time: 73702308067871, actual_exe_time: 42780, task_app_start_time:73701971035907, task_sched_time:73702308018341
app_id: 0, app_name: pulse_doppler_api-aarch64, task_id: 443, task_name: DASH_FFT, resource_name: cpu1, ref_start_time: 73702308639761, ref_stop_time: 73702308661091, actual_exe_time: 21330, task_app_start_time:73701971035907, task_sched_time:73702308626561
app_id: 0, app_name: pulse_doppler_api-aarch64, task_id: 444, task_name: DASH_FFT, resource_name: cpu2, ref_start_time: 73702309323131, ref_stop_time: 73702309343321, actual_exe_time: 20190, task_app_start_time:73701971035907, task_sched_time:73702309318541
app_id: 0, app_name: pulse_doppler_api-aarch64, task_id: 445, task_name: DASH_FFT, resource_name: cpu3, ref_start_time: 73702309825331, ref_stop_time: 73702309849391, actual_exe_time: 24060, task_app_start_time:73701971035907, task_sched_time:73702309817741
app_id: 0, app_name: pulse_doppler_api-aarch64, task_id: 446, task_name: DASH_ZIP, resource_name: zip1, ref_start_time: 73702310490281, ref_stop_time: 73702310532191, actual_exe_time: 41910, task_app_start_time:73701971035907, task_sched_time:73702310486471
app_id: 0, app_name: pulse_doppler_api-aarch64, task_id: 447, task_name: DASH_FFT, resource_name: cpu1, ref_start_time: 73702311076152, ref_stop_time: 73702311097332, actual_exe_time: 21180, task_app_start_time:73701971035907, task_sched_time:73702311072492
app_id: 0, app_name: pulse_doppler_api-aarch64, task_id: 448, task_name: DASH_FFT, resource_name: cpu2, ref_start_time: 73702311796782, ref_stop_time: 73702311816912, actual_exe_time: 20130, task_app_start_time:73701971035907, task_sched_time:73702311791772
app_id: 0, app_name: pulse_doppler_api-aarch64, task_id: 449, task_name: DASH_FFT, resource_name: cpu3, ref_start_time: 73702312510602, ref_stop_time: 73702312534812, actual_exe_time: 24210, task_app_start_time:73701971035907, task_sched_time:73702312506882
app_id: 0, app_name: pulse_doppler_api-aarch64, task_id: 450, task_name: DASH_ZIP, resource_name: zip1, ref_start_time: 73702313303982, ref_stop_time: 73702313347392, actual_exe_time: 43410, task_app_start_time:73701971035907, task_sched_time:73702313297592
app_id: 0, app_name: pulse_doppler_api-aarch64, task_id: 451, task_name: DASH_FFT, resource_name: cpu1, ref_start_time: 73702314107022, ref_stop_time: 73702314129342, actual_exe_time: 22320, task_app_start_time:73701971035907, task_sched_time:73702314098832
app_id: 0, app_name: pulse_doppler_api-aarch64, task_id: 452, task_name: DASH_FFT, resource_name: cpu2, ref_start_time: 73702315375122, ref_stop_time: 73702315398582, actual_exe_time: 23460, task_app_start_time:73701971035907, task_sched_time:73702315370892
app_id: 0, app_name: pulse_doppler_api-aarch64, task_id: 453, task_name: DASH_FFT, resource_name: cpu3, ref_start_time: 73702315975902, ref_stop_time: 73702316002242, actual_exe_time: 26340, task_app_start_time:73701971035907, task_sched_time:73702315967982
app_id: 0, app_name: pulse_doppler_api-aarch64, task_id: 454, task_name: DASH_ZIP, resource_name: zip1, ref_start_time: 73702317636403, ref_stop_time: 73702317682573, actual_exe_time: 46170, task_app_start_time:73701971035907, task_sched_time:73702317627373
app_id: 0, app_name: pulse_doppler_api-aarch64, task_id: 455, task_name: DASH_FFT, resource_name: cpu1, ref_start_time: 73702318533613, ref_stop_time: 73702318556173, actual_exe_time: 22560, task_app_start_time:73701971035907, task_sched_time:73702318525813
app_id: 0, app_name: pulse_doppler_api-aarch64, task_id: 456, task_name: DASH_FFT, resource_name: cpu2, ref_start_time: 73702319665633, ref_stop_time: 73702319688583, actual_exe_time: 22950, task_app_start_time:73701971035907, task_sched_time:73702319658703
app_id: 0, app_name: pulse_doppler_api-aarch64, task_id: 457, task_name: DASH_FFT, resource_name: cpu3, ref_start_time: 73702320484933, ref_stop_time: 73702320511273, actual_exe_time: 26340, task_app_start_time:73701971035907, task_sched_time:73702320473803
app_id: 0, app_name: pulse_doppler_api-aarch64, task_id: 458, task_name: DASH_ZIP, resource_name: zip1, ref_start_time: 73702321168153, ref_stop_time: 73702321213513, actual_exe_time: 45360, task_app_start_time:73701971035907, task_sched_time:73702321163833
app_id: 0, app_name: pulse_doppler_api-aarch64, task_id: 459, task_name: DASH_FFT, resource_name: cpu1, ref_start_time: 73702322078473, ref_stop_time: 73702322102293, actual_exe_time: 23820, task_app_start_time:73701971035907, task_sched_time:73702322070103
app_id: 0, app_name: pulse_doppler_api-aarch64, task_id: 460, task_name: DASH_FFT, resource_name: cpu2, ref_start_time: 73702323162074, ref_stop_time: 73702323183734, actual_exe_time: 21660, task_app_start_time:73701971035907, task_sched_time:73702323153764
app_id: 0, app_name: pulse_doppler_api-aarch64, task_id: 461, task_name: DASH_FFT, resource_name: cpu3, ref_start_time: 73702324131194, ref_stop_time: 73702324157564, actual_exe_time: 26370, task_app_start_time:73701971035907, task_sched_time:73702324124714
app_id: 0, app_name: pulse_doppler_api-aarch64, task_id: 462, task_name: DASH_ZIP, resource_name: zip1, ref_start_time: 73702325620304, ref_stop_time: 73702325672624, actual_exe_time: 52320, task_app_start_time:73701971035907, task_sched_time:73702325611724
app_id: 0, app_name: pulse_doppler_api-aarch64, task_id: 463, task_name: DASH_FFT, resource_name: cpu1, ref_start_time: 73702327924304, ref_stop_time: 73702327963394, actual_exe_time: 39090, task_app_start_time:73701971035907, task_sched_time:73702327909814
app_id: 0, app_name: pulse_doppler_api-aarch64, task_id: 464, task_name: DASH_FFT, resource_name: cpu2, ref_start_time: 73702328210114, ref_stop_time: 73702328235494, actual_exe_time: 25380, task_app_start_time:73701971035907, task_sched_time:73702328207084
app_id: 0, app_name: pulse_doppler_api-aarch64, task_id: 465, task_name: DASH_FFT, resource_name: cpu3, ref_start_time: 73702328958344, ref_stop_time: 73702328983754, actual_exe_time: 25410, task_app_start_time:73701971035907, task_sched_time:73702328950994
app_id: 0, app_name: pulse_doppler_api-aarch64, task_id: 466, task_name: DASH_ZIP, resource_name: zip1, ref_start_time: 73702329629535, ref_stop_time: 73702329673335, actual_exe_time: 43800, task_app_start_time:73701971035907, task_sched_time:73702329624195
app_id: 0, app_name: pulse_doppler_api-aarch64, task_id: 467, task_name: DASH_FFT, resource_name: cpu1, ref_start_time: 73702330445385, ref_stop_time: 73702330469235, actual_exe_time: 23850, task_app_start_time:73701971035907, task_sched_time:73702330435995
app_id: 0, app_name: pulse_doppler_api-aarch64, task_id: 468, task_name: DASH_FFT, resource_name: cpu2, ref_start_time: 73702331197995, ref_stop_time: 73702331222745, actual_exe_time: 24750, task_app_start_time:73701971035907, task_sched_time:73702331193615
app_id: 0, app_name: pulse_doppler_api-aarch64, task_id: 469, task_name: DASH_FFT, resource_name: cpu3, ref_start_time: 73702331588265, ref_stop_time: 73702331614095, actual_exe_time: 25830, task_app_start_time:73701971035907, task_sched_time:73702331581515
app_id: 0, app_name: pulse_doppler_api-aarch64, task_id: 470, task_name: DASH_ZIP, resource_name: zip1, ref_start_time: 73702332414015, ref_stop_time: 73702332459105, actual_exe_time: 45090, task_app_start_time:73701971035907, task_sched_time:73702332410415
app_id: 0, app_name: pulse_doppler_api-aarch64, task_id: 471, task_name: DASH_FFT, resource_name: cpu1, ref_start_time: 73702332933615, ref_stop_time: 73702332956145, actual_exe_time: 22530, task_app_start_time:73701971035907, task_sched_time:73702332929625
app_id: 0, app_name: pulse_doppler_api-aarch64, task_id: 472, task_name: DASH_FFT, resource_name: cpu2, ref_start_time: 73702333667205, ref_stop_time: 73702333690935, actual_exe_time: 23730, task_app_start_time:73701971035907, task_sched_time:73702333614705
app_id: 0, app_name: pulse_doppler_api-aarch64, task_id: 473, task_name: DASH_FFT, resource_name: cpu3, ref_start_time: 73702334046765, ref_stop_time: 73702334072025, actual_exe_time: 25260, task_app_start_time:73701971035907, task_sched_time:73702334037975
app_id: 0, app_name: pulse_doppler_api-aarch64, task_id: 474, task_name: DASH_ZIP, resource_name: zip1, ref_start_time: 73702334961795, ref_stop_time: 73702335007245, actual_exe_time: 45450, task_app_start_time:73701971035907, task_sched_time:73702334952585
app_id: 0, app_name: pulse_doppler_api-aarch64, task_id: 475, task_name: DASH_FFT, resource_name: cpu1, ref_start_time: 73702335404745, ref_stop_time: 73702335426675, actual_exe_time: 21930, task_app_start_time:73701971035907, task_sched_time:73702335394605
app_id: 0, app_name: pulse_doppler_api-aarch64, task_id: 476, task_name: DASH_FFT, resource_name: cpu2, ref_start_time: 73702335843106, ref_stop_time: 73702335866176, actual_exe_time: 23070, task_app_start_time:73701971035907, task_sched_time:73702335839926
app_id: 0, app_name: pulse_doppler_api-aarch64, task_id: 477, task_name: DASH_FFT, resource_name: cpu3, ref_start_time: 73702336565116, ref_stop_time: 73702336590766, actual_exe_time: 25650, task_app_start_time:73701971035907, task_sched_time:73702336559386
app_id: 0, app_name: pulse_doppler_api-aarch64, task_id: 478, task_name: DASH_ZIP, resource_name: zip1, ref_start_time: 73702337142106, ref_stop_time: 73702337186806, actual_exe_time: 44700, task_app_start_time:73701971035907, task_sched_time:73702337134246
app_id: 0, app_name: pulse_doppler_api-aarch64, task_id: 479, task_name: DASH_FFT, resource_name: cpu1, ref_start_time: 73702337817796, ref_stop_time: 73702337840446, actual_exe_time: 22650, task_app_start_time:73701971035907, task_sched_time:73702337811856
app_id: 0, app_name: pulse_doppler_api-aarch64, task_id: 480, task_name: DASH_FFT, resource_name: cpu2, ref_start_time: 73702338597226, ref_stop_time: 73702338620806, actual_exe_time: 23580, task_app_start_time:73701971035907, task_sched_time:73702338593356
app_id: 0, app_name: pulse_doppler_api-aarch64, task_id: 481, task_name: DASH_FFT, resource_name: cpu3, ref_start_time: 73702339231786, ref_stop_time: 73702339258156, actual_exe_time: 26370, task_app_start_time:73701971035907, task_sched_time:73702339224736
app_id: 0, app_name: pulse_doppler_api-aarch64, task_id: 482, task_name: DASH_ZIP, resource_name: zip1, ref_start_time: 73702339799746, ref_stop_time: 73702339845196, actual_exe_time: 45450, task_app_start_time:73701971035907, task_sched_time:73702339791136
app_id: 0, app_name: pulse_doppler_api-aarch64, task_id: 483, task_name: DASH_FFT, resource_name: cpu1, ref_start_time: 73702340806366, ref_stop_time: 73702340830996, actual_exe_time: 24630, task_app_start_time:73701971035907, task_sched_time:73702340798446
app_id: 0, app_name: pulse_doppler_api-aarch64, task_id: 484, task_name: DASH_FFT, resource_name: cpu2, ref_start_time: 73702341317026, ref_stop_time: 73702341340366, actual_exe_time: 23340, task_app_start_time:73701971035907, task_sched_time:73702341259126
app_id: 0, app_name: pulse_doppler_api-aarch64, task_id: 485, task_name: DASH_FFT, resource_name: cpu3, ref_start_time: 73702341992117, ref_stop_time: 73702342018247, actual_exe_time: 26130, task_app_start_time:73701971035907, task_sched_time:73702341982607
app_id: 0, app_name: pulse_doppler_api-aarch64, task_id: 486, task_name: DASH_ZIP, resource_name: zip1, ref_start_time: 73702342348247, ref_stop_time: 73702342392557, actual_exe_time: 44310, task_app_start_time:73701971035907, task_sched_time:73702342340207
app_id: 0, app_name: pulse_doppler_api-aarch64, task_id: 487, task_name: DASH_FFT, resource_name: cpu1, ref_start_time: 73702343305007, ref_stop_time: 73702343326547, actual_exe_time: 21540, task_app_start_time:73701971035907, task_sched_time:73702343291477
app_id: 0, app_name: pulse_doppler_api-aarch64, task_id: 488, task_name: DASH_FFT, resource_name: cpu2, ref_start_time: 73702343838437, ref_stop_time: 73702343861537, actual_exe_time: 23100, task_app_start_time:73701971035907, task_sched_time:73702343798327
app_id: 0, app_name: pulse_doppler_api-aarch64, task_id: 489, task_name: DASH_FFT, resource_name: cpu3, ref_start_time: 73702344726527, ref_stop_time: 73702344753797, actual_exe_time: 27270, task_app_start_time:73701971035907, task_sched_time:73702344719237
app_id: 0, app_name: pulse_doppler_api-aarch64, task_id: 490, task_name: DASH_ZIP, resource_name: zip1, ref_start_time: 73702345359437, ref_stop_time: 73702345405907, actual_exe_time: 46470, task_app_start_time:73701971035907, task_sched_time:73702345352327
app_id: 0, app_name: pulse_doppler_api-aarch64, task_id: 491, task_name: DASH_FFT, resource_name: cpu1, ref_start_time: 73702346480747, ref_stop_time: 73702346504237, actual_exe_time: 23490, task_app_start_time:73701971035907, task_sched_time:73702346469347
app_id: 0, app_name: pulse_doppler_api-aarch64, task_id: 492, task_name: DASH_FFT, resource_name: cpu2, ref_start_time: 73702347246587, ref_stop_time: 73702347270647, actual_exe_time: 24060, task_app_start_time:73701971035907, task_sched_time:73702347232937
app_id: 0, app_name: pulse_doppler_api-aarch64, task_id: 493, task_name: DASH_FFT, resource_name: cpu3, ref_start_time: 73702347739517, ref_stop_time: 73702347765017, actual_exe_time: 25500, task_app_start_time:73701971035907, task_sched_time:73702347735917
app_id: 0, app_name: pulse_doppler_api-aarch64, task_id: 494, task_name: DASH_ZIP, resource_name: zip1, ref_start_time: 73702348412598, ref_stop_time: 73702348459158, actual_exe_time: 46560, task_app_start_time:73701971035907, task_sched_time:73702348406178
app_id: 0, app_name: pulse_doppler_api-aarch64, task_id: 495, task_name: DASH_FFT, resource_name: cpu1, ref_start_time: 73702349221428, ref_stop_time: 73702349244918, actual_exe_time: 23490, task_app_start_time:73701971035907, task_sched_time:73702349216628
app_id: 0, app_name: pulse_doppler_api-aarch64, task_id: 496, task_name: DASH_FFT, resource_name: cpu2, ref_start_time: 73702349929128, ref_stop_time: 73702349952918, actual_exe_time: 23790, task_app_start_time:73701971035907, task_sched_time:73702349921778
app_id: 0, app_name: pulse_doppler_api-aarch64, task_id: 497, task_name: DASH_FFT, resource_name: cpu3, ref_start_time: 73702350405168, ref_stop_time: 73702350431778, actual_exe_time: 26610, task_app_start_time:73701971035907, task_sched_time:73702350399738
app_id: 0, app_name: pulse_doppler_api-aarch64, task_id: 498, task_name: DASH_ZIP, resource_name: zip1, ref_start_time: 73702350761118, ref_stop_time: 73702350807528, actual_exe_time: 46410, task_app_start_time:73701971035907, task_sched_time:73702350752118
app_id: 0, app_name: pulse_doppler_api-aarch64, task_id: 499, task_name: DASH_FFT, resource_name: cpu1, ref_start_time: 73702351463928, ref_stop_time: 73702351485708, actual_exe_time: 21780, task_app_start_time:73701971035907, task_sched_time:73702351452588
app_id: 0, app_name: pulse_doppler_api-aarch64, task_id: 500, task_name: DASH_FFT, resource_name: cpu2, ref_start_time: 73702352228868, ref_stop_time: 73702352253528, actual_exe_time: 24660, task_app_start_time:73701971035907, task_sched_time:73702352217198
app_id: 0, app_name: pulse_doppler_api-aarch64, task_id: 501, task_name: DASH_FFT, resource_name: cpu3, ref_start_time: 73702352660748, ref_stop_time: 73702352687898, actual_exe_time: 27150, task_app_start_time:73701971035907, task_sched_time:73702352657508
app_id: 0, app_name: pulse_doppler_api-aarch64, task_id: 502, task_name: DASH_ZIP, resource_name: zip1, ref_start_time: 73702353413178, ref_stop_time: 73702353457398, actual_exe_time: 44220, task_app_start_time:73701971035907, task_sched_time:73702353408258
app_id: 0, app_name: pulse_doppler_api-aarch64, task_id: 503, task_name: DASH_FFT, resource_name: cpu1, ref_start_time: 73702354226929, ref_stop_time: 73702354250029, actual_exe_time: 23100, task_app_start_time:73701971035907, task_sched_time:73702354219069
app_id: 0, app_name: pulse_doppler_api-aarch64, task_id: 504, task_name: DASH_FFT, resource_name: cpu2, ref_start_time: 73702355096509, ref_stop_time: 73702355120959, actual_exe_time: 24450, task_app_start_time:73701971035907, task_sched_time:73702355089339
app_id: 0, app_name: pulse_doppler_api-aarch64, task_id: 505, task_name: DASH_FFT, resource_name: cpu3, ref_start_time: 73702355646049, ref_stop_time: 73702355671639, actual_exe_time: 25590, task_app_start_time:73701971035907, task_sched_time:73702355639989
app_id: 0, app_name: pulse_doppler_api-aarch64, task_id: 506, task_name: DASH_ZIP, resource_name: zip1, ref_start_time: 73702356349369, ref_stop_time: 73702356394069, actual_exe_time: 44700, task_app_start_time:73701971035907, task_sched_time:73702356344689
app_id: 0, app_name: pulse_doppler_api-aarch64, task_id: 507, task_name: DASH_FFT, resource_name: cpu1, ref_start_time: 73702356772429, ref_stop_time: 73702356794719, actual_exe_time: 22290, task_app_start_time:73701971035907, task_sched_time:73702356765919
app_id: 0, app_name: pulse_doppler_api-aarch64, task_id: 508, task_name: DASH_FFT, resource_name: cpu2, ref_start_time: 73702357486789, ref_stop_time: 73702357510129, actual_exe_time: 23340, task_app_start_time:73701971035907, task_sched_time:73702357480789
app_id: 0, app_name: pulse_doppler_api-aarch64, task_id: 509, task_name: DASH_FFT, resource_name: cpu3, ref_start_time: 73702357899019, ref_stop_time: 73702357925689, actual_exe_time: 26670, task_app_start_time:73701971035907, task_sched_time:73702357895989
app_id: 0, app_name: pulse_doppler_api-aarch64, task_id: 510, task_name: DASH_ZIP, resource_name: zip1, ref_start_time: 73702358767999, ref_stop_time: 73702358813389, actual_exe_time: 45390, task_app_start_time:73701971035907, task_sched_time:73702358761369
app_id: 0, app_name: pulse_doppler_api-aarch64, task_id: 511, task_name: DASH_FFT, resource_name: cpu1, ref_start_time: 73702359492019, ref_stop_time: 73702359514099, actual_exe_time: 22080, task_app_start_time:73701971035907, task_sched_time:73702359477409
