app_id: 4, app_name: pulse_doppler_api-aarch64, task_id: 0, task_name: DASH_FFT, resource_name: cpu1, ref_start_time: 775225803285601, ref_stop_time: 775225803434102, actual_exe_time: 148501, task_app_start_time:775225802583541, task_sched_time:775225803273751
app_id: 4, app_name: pulse_doppler_api-aarch64, task_id: 1, task_name: DASH_FFT, resource_name: cpu2, ref_start_time: 775225804593902, ref_stop_time: 775225804657232, actual_exe_time: 63330, task_app_start_time:775225802583541, task_sched_time:775225804581422
app_id: 4, app_name: pulse_doppler_api-aarch64, task_id: 2, task_name: DASH_ZIP, resource_name: cpu3, ref_start_time: 775225804749962, ref_stop_time: 775225804772462, actual_exe_time: 22500, task_app_start_time:775225802583541, task_sched_time:775225804745042
app_id: 4, app_name: pulse_doppler_api-aarch64, task_id: 3, task_name: DASH_FFT, resource_name: fft1, ref_start_time: 775225804862222, ref_stop_time: 775225804935812, actual_exe_time: 73590, task_app_start_time:775225802583541, task_sched_time:775225804853552
app_id: 4, app_name: pulse_doppler_api-aarch64, task_id: 4, task_name: DASH_FFT, resource_name: fft2, ref_start_time: 775225805183642, ref_stop_time: 775225805226602, actual_exe_time: 42960, task_app_start_time:775225802583541, task_sched_time:775225805175092
app_id: 4, app_name: pulse_doppler_api-aarch64, task_id: 5, task_name: DASH_FFT, resource_name: cpu1, ref_start_time: 775225805640272, ref_stop_time: 775225805661632, actual_exe_time: 21360, task_app_start_time:775225802583541, task_sched_time:775225805634662
app_id: 4, app_name: pulse_doppler_api-aarch64, task_id: 6, task_name: DASH_ZIP, resource_name: cpu2, ref_start_time: 775225805736002, ref_stop_time: 775225805759912, actual_exe_time: 23910, task_app_start_time:775225802583541, task_sched_time:775225805730032
app_id: 4, app_name: pulse_doppler_api-aarch64, task_id: 7, task_name: DASH_FFT, resource_name: cpu3, ref_start_time: 775225805830652, ref_stop_time: 775225805927762, actual_exe_time: 97110, task_app_start_time:775225802583541, task_sched_time:775225805822792
app_id: 4, app_name: pulse_doppler_api-aarch64, task_id: 8, task_name: DASH_FFT, resource_name: fft1, ref_start_time: 775225806171692, ref_stop_time: 775225806197462, actual_exe_time: 25770, task_app_start_time:775225802583541, task_sched_time:775225806166502
app_id: 4, app_name: pulse_doppler_api-aarch64, task_id: 9, task_name: DASH_FFT, resource_name: fft2, ref_start_time: 775225806636242, ref_stop_time: 775225806664142, actual_exe_time: 27900, task_app_start_time:775225802583541, task_sched_time:775225806624362
app_id: 4, app_name: pulse_doppler_api-aarch64, task_id: 10, task_name: DASH_ZIP, resource_name: zip1, ref_start_time: 775225806733862, ref_stop_time: 775225806794942, actual_exe_time: 61080, task_app_start_time:775225802583541, task_sched_time:775225806726572
app_id: 4, app_name: pulse_doppler_api-aarch64, task_id: 11, task_name: DASH_FFT, resource_name: cpu1, ref_start_time: 775225806866792, ref_stop_time: 775225806888002, actual_exe_time: 21210, task_app_start_time:775225802583541, task_sched_time:775225806863312
app_id: 4, app_name: pulse_doppler_api-aarch64, task_id: 12, task_name: DASH_FFT, resource_name: cpu2, ref_start_time: 775225807145192, ref_stop_time: 775225807169672, actual_exe_time: 24480, task_app_start_time:775225802583541, task_sched_time:775225807137782
app_id: 4, app_name: pulse_doppler_api-aarch64, task_id: 13, task_name: DASH_FFT, resource_name: cpu3, ref_start_time: 775225807611782, ref_stop_time: 775225807632992, actual_exe_time: 21210, task_app_start_time:775225802583541, task_sched_time:775225807604162
app_id: 4, app_name: pulse_doppler_api-aarch64, task_id: 14, task_name: DASH_ZIP, resource_name: zip1, ref_start_time: 775225807707212, ref_stop_time: 775225807746992, actual_exe_time: 39780, task_app_start_time:775225802583541, task_sched_time:775225807703792
app_id: 4, app_name: pulse_doppler_api-aarch64, task_id: 15, task_name: DASH_FFT, resource_name: cpu1, ref_start_time: 775225807818032, ref_stop_time: 775225807839662, actual_exe_time: 21630, task_app_start_time:775225802583541, task_sched_time:775225807811762
app_id: 4, app_name: pulse_doppler_api-aarch64, task_id: 16, task_name: DASH_FFT, resource_name: cpu2, ref_start_time: 775225808086202, ref_stop_time: 775225808110562, actual_exe_time: 24360, task_app_start_time:775225802583541, task_sched_time:775225808078222
app_id: 4, app_name: pulse_doppler_api-aarch64, task_id: 17, task_name: DASH_FFT, resource_name: cpu3, ref_start_time: 775225808531552, ref_stop_time: 775225808551562, actual_exe_time: 20010, task_app_start_time:775225802583541, task_sched_time:775225808523092
app_id: 4, app_name: pulse_doppler_api-aarch64, task_id: 18, task_name: DASH_ZIP, resource_name: zip1, ref_start_time: 775225808623232, ref_stop_time: 775225808661842, actual_exe_time: 38610, task_app_start_time:775225802583541, task_sched_time:775225808620502
app_id: 4, app_name: pulse_doppler_api-aarch64, task_id: 19, task_name: DASH_FFT, resource_name: cpu1, ref_start_time: 775225808733632, ref_stop_time: 775225808754602, actual_exe_time: 20970, task_app_start_time:775225802583541, task_sched_time:775225808730782
app_id: 4, app_name: pulse_doppler_api-aarch64, task_id: 20, task_name: DASH_FFT, resource_name: cpu2, ref_start_time: 775225808995562, ref_stop_time: 775225809019472, actual_exe_time: 23910, task_app_start_time:775225802583541, task_sched_time:775225808988392
app_id: 4, app_name: pulse_doppler_api-aarch64, task_id: 21, task_name: DASH_FFT, resource_name: cpu3, ref_start_time: 775225809422432, ref_stop_time: 775225809442172, actual_exe_time: 19740, task_app_start_time:775225802583541, task_sched_time:775225809419192
app_id: 4, app_name: pulse_doppler_api-aarch64, task_id: 22, task_name: DASH_ZIP, resource_name: zip1, ref_start_time: 775225809518492, ref_stop_time: 775225809557133, actual_exe_time: 38641, task_app_start_time:775225802583541, task_sched_time:775225809510452
app_id: 4, app_name: pulse_doppler_api-aarch64, task_id: 23, task_name: DASH_FFT, resource_name: cpu1, ref_start_time: 775225809633243, ref_stop_time: 775225809654123, actual_exe_time: 20880, task_app_start_time:775225802583541, task_sched_time:775225809625023
app_id: 4, app_name: pulse_doppler_api-aarch64, task_id: 24, task_name: DASH_FFT, resource_name: cpu2, ref_start_time: 775225809903303, ref_stop_time: 775225809927213, actual_exe_time: 23910, task_app_start_time:775225802583541, task_sched_time:775225809896343
app_id: 4, app_name: pulse_doppler_api-aarch64, task_id: 25, task_name: DASH_FFT, resource_name: cpu3, ref_start_time: 775225810342383, ref_stop_time: 775225810362273, actual_exe_time: 19890, task_app_start_time:775225802583541, task_sched_time:775225810339893
app_id: 4, app_name: pulse_doppler_api-aarch64, task_id: 26, task_name: DASH_ZIP, resource_name: zip1, ref_start_time: 775225810430793, ref_stop_time: 775225810469133, actual_exe_time: 38340, task_app_start_time:775225802583541, task_sched_time:775225810426893
app_id: 4, app_name: pulse_doppler_api-aarch64, task_id: 27, task_name: DASH_FFT, resource_name: cpu1, ref_start_time: 775225810548273, ref_stop_time: 775225810569153, actual_exe_time: 20880, task_app_start_time:775225802583541, task_sched_time:775225810536813
app_id: 4, app_name: pulse_doppler_api-aarch64, task_id: 28, task_name: DASH_FFT, resource_name: cpu2, ref_start_time: 775225810820463, ref_stop_time: 775225810844643, actual_exe_time: 24180, task_app_start_time:775225802583541, task_sched_time:775225810812003
app_id: 4, app_name: pulse_doppler_api-aarch64, task_id: 29, task_name: DASH_FFT, resource_name: cpu3, ref_start_time: 775225811271693, ref_stop_time: 775225811291433, actual_exe_time: 19740, task_app_start_time:775225802583541, task_sched_time:775225811268093
app_id: 4, app_name: pulse_doppler_api-aarch64, task_id: 30, task_name: DASH_ZIP, resource_name: zip1, ref_start_time: 775225811365023, ref_stop_time: 775225811403543, actual_exe_time: 38520, task_app_start_time:775225802583541, task_sched_time:775225811357733
app_id: 4, app_name: pulse_doppler_api-aarch64, task_id: 31, task_name: DASH_FFT, resource_name: cpu1, ref_start_time: 775225811484093, ref_stop_time: 775225811504973, actual_exe_time: 20880, task_app_start_time:775225802583541, task_sched_time:775225811473053
app_id: 4, app_name: pulse_doppler_api-aarch64, task_id: 32, task_name: DASH_FFT, resource_name: cpu2, ref_start_time: 775225811769873, ref_stop_time: 775225811793753, actual_exe_time: 23880, task_app_start_time:775225802583541, task_sched_time:775225811756163
app_id: 4, app_name: pulse_doppler_api-aarch64, task_id: 33, task_name: DASH_FFT, resource_name: cpu3, ref_start_time: 775225812237573, ref_stop_time: 775225812257943, actual_exe_time: 20370, task_app_start_time:775225802583541, task_sched_time:775225812229443
app_id: 0, app_name: TX_api-aarch64, task_id: 0, task_name: DASH_FFT, resource_name: cpu1, ref_start_time: 775225812781653, ref_stop_time: 775225812803373, actual_exe_time: 21720, task_app_start_time:775225812328473, task_sched_time:775225812775503
app_id: 4, app_name: pulse_doppler_api-aarch64, task_id: 34, task_name: DASH_ZIP, resource_name: zip1, ref_start_time: 775225812792693, ref_stop_time: 775225812832533, actual_exe_time: 39840, task_app_start_time:775225802583541, task_sched_time:775225812431673
app_id: 4, app_name: pulse_doppler_api-aarch64, task_id: 35, task_name: DASH_FFT, resource_name: cpu2, ref_start_time: 775225812904923, ref_stop_time: 775225812929433, actual_exe_time: 24510, task_app_start_time:775225802583541, task_sched_time:775225812898923
app_id: 4, app_name: pulse_doppler_api-aarch64, task_id: 36, task_name: DASH_FFT, resource_name: cpu3, ref_start_time: 775225813164783, ref_stop_time: 775225813185813, actual_exe_time: 21030, task_app_start_time:775225802583541, task_sched_time:775225813157493
app_id: 4, app_name: pulse_doppler_api-aarch64, task_id: 37, task_name: DASH_FFT, resource_name: fft1, ref_start_time: 775225813611333, ref_stop_time: 775225813636863, actual_exe_time: 25530, task_app_start_time:775225802583541, task_sched_time:775225813598673
app_id: 0, app_name: TX_api-aarch64, task_id: 1, task_name: DASH_FFT, resource_name: fft2, ref_start_time: 775225813676973, ref_stop_time: 775225813712883, actual_exe_time: 35910, task_app_start_time:775225812328473, task_sched_time:775225813673133
app_id: 4, app_name: pulse_doppler_api-aarch64, task_id: 38, task_name: DASH_ZIP, resource_name: zip1, ref_start_time: 775225813809093, ref_stop_time: 775225813848273, actual_exe_time: 39180, task_app_start_time:775225802583541, task_sched_time:775225813739733
app_id: 4, app_name: pulse_doppler_api-aarch64, task_id: 39, task_name: DASH_FFT, resource_name: cpu1, ref_start_time: 775225813897683, ref_stop_time: 775225813918863, actual_exe_time: 21180, task_app_start_time:775225802583541, task_sched_time:775225813885623
app_id: 4, app_name: pulse_doppler_api-aarch64, task_id: 40, task_name: DASH_FFT, resource_name: cpu3, ref_start_time: 775225814171913, ref_stop_time: 775225814193303, actual_exe_time: 21390, task_app_start_time:775225802583541, task_sched_time:775225814168313
app_id: 0, app_name: TX_api-aarch64, task_id: 2, task_name: DASH_FFT, resource_name: cpu2, ref_start_time: 775225814175723, ref_stop_time: 775225814203623, actual_exe_time: 27900, task_app_start_time:775225812328473, task_sched_time:775225814159823
app_id: 0, app_name: TX_api-aarch64, task_id: 3, task_name: DASH_FFT, resource_name: fft1, ref_start_time: 775225814607753, ref_stop_time: 775225814642583, actual_exe_time: 34830, task_app_start_time:775225812328473, task_sched_time:775225814599173
app_id: 4, app_name: pulse_doppler_api-aarch64, task_id: 41, task_name: DASH_FFT, resource_name: fft2, ref_start_time: 775225814646723, ref_stop_time: 775225814675163, actual_exe_time: 28440, task_app_start_time:775225802583541, task_sched_time:775225814634483
app_id: 4, app_name: pulse_doppler_api-aarch64, task_id: 42, task_name: DASH_ZIP, resource_name: zip1, ref_start_time: 775225814745903, ref_stop_time: 775225814786253, actual_exe_time: 40350, task_app_start_time:775225802583541, task_sched_time:775225814738343
app_id: 4, app_name: pulse_doppler_api-aarch64, task_id: 43, task_name: DASH_FFT, resource_name: cpu1, ref_start_time: 775225814857563, ref_stop_time: 775225814878563, actual_exe_time: 21000, task_app_start_time:775225802583541, task_sched_time:775225814854233
app_id: 0, app_name: TX_api-aarch64, task_id: 4, task_name: DASH_FFT, resource_name: cpu2, ref_start_time: 775225815130263, ref_stop_time: 775225815158163, actual_exe_time: 27900, task_app_start_time:775225812328473, task_sched_time:775225815042213
app_id: 4, app_name: pulse_doppler_api-aarch64, task_id: 44, task_name: DASH_FFT, resource_name: cpu3, ref_start_time: 775225815131433, ref_stop_time: 775225815157653, actual_exe_time: 26220, task_app_start_time:775225802583541, task_sched_time:775225815123243
app_id: 0, app_name: TX_api-aarch64, task_id: 5, task_name: DASH_FFT, resource_name: fft1, ref_start_time: 775225815568713, ref_stop_time: 775225815604233, actual_exe_time: 35520, task_app_start_time:775225812328473, task_sched_time:775225815548553
app_id: 4, app_name: pulse_doppler_api-aarch64, task_id: 45, task_name: DASH_FFT, resource_name: fft2, ref_start_time: 775225815594843, ref_stop_time: 775225815623853, actual_exe_time: 29010, task_app_start_time:775225802583541, task_sched_time:775225815587223
app_id: 4, app_name: pulse_doppler_api-aarch64, task_id: 46, task_name: DASH_ZIP, resource_name: zip1, ref_start_time: 775225815690573, ref_stop_time: 775225815730443, actual_exe_time: 39870, task_app_start_time:775225802583541, task_sched_time:775225815687153
app_id: 4, app_name: pulse_doppler_api-aarch64, task_id: 47, task_name: DASH_FFT, resource_name: cpu1, ref_start_time: 775225815810724, ref_stop_time: 775225815831904, actual_exe_time: 21180, task_app_start_time:775225802583541, task_sched_time:775225815798904
app_id: 4, app_name: pulse_doppler_api-aarch64, task_id: 48, task_name: DASH_FFT, resource_name: cpu3, ref_start_time: 775225816077364, ref_stop_time: 775225816098754, actual_exe_time: 21390, task_app_start_time:775225802583541, task_sched_time:775225816070644
app_id: 0, app_name: TX_api-aarch64, task_id: 6, task_name: DASH_FFT, resource_name: cpu2, ref_start_time: 775225816080184, ref_stop_time: 775225816108294, actual_exe_time: 28110, task_app_start_time:775225812328473, task_sched_time:775225816001224
app_id: 0, app_name: TX_api-aarch64, task_id: 7, task_name: DASH_FFT, resource_name: fft1, ref_start_time: 775225816510744, ref_stop_time: 775225816545424, actual_exe_time: 34680, task_app_start_time:775225812328473, task_sched_time:775225816506004
app_id: 4, app_name: pulse_doppler_api-aarch64, task_id: 49, task_name: DASH_FFT, resource_name: fft2, ref_start_time: 775225816535524, ref_stop_time: 775225816564594, actual_exe_time: 29070, task_app_start_time:775225802583541, task_sched_time:775225816521994
app_id: 4, app_name: pulse_doppler_api-aarch64, task_id: 50, task_name: DASH_ZIP, resource_name: zip1, ref_start_time: 775225816635634, ref_stop_time: 775225816674514, actual_exe_time: 38880, task_app_start_time:775225802583541, task_sched_time:775225816632364
app_id: 4, app_name: pulse_doppler_api-aarch64, task_id: 51, task_name: DASH_FFT, resource_name: cpu1, ref_start_time: 775225816743634, ref_stop_time: 775225816764634, actual_exe_time: 21000, task_app_start_time:775225802583541, task_sched_time:775225816740364
app_id: 4, app_name: pulse_doppler_api-aarch64, task_id: 52, task_name: DASH_FFT, resource_name: cpu3, ref_start_time: 775225817001694, ref_stop_time: 775225817022664, actual_exe_time: 20970, task_app_start_time:775225802583541, task_sched_time:775225816995934
app_id: 0, app_name: TX_api-aarch64, task_id: 8, task_name: DASH_FFT, resource_name: cpu2, ref_start_time: 775225817010034, ref_stop_time: 775225817037604, actual_exe_time: 27570, task_app_start_time:775225812328473, task_sched_time:775225816942624
app_id: 4, app_name: pulse_doppler_api-aarch64, task_id: 53, task_name: DASH_FFT, resource_name: fft1, ref_start_time: 775225817435824, ref_stop_time: 775225817460904, actual_exe_time: 25080, task_app_start_time:775225802583541, task_sched_time:775225817430544
app_id: 0, app_name: TX_api-aarch64, task_id: 9, task_name: DASH_FFT, resource_name: fft2, ref_start_time: 775225817441224, ref_stop_time: 775225817482804, actual_exe_time: 41580, task_app_start_time:775225812328473, task_sched_time:775225817433034
app_id: 4, app_name: pulse_doppler_api-aarch64, task_id: 54, task_name: DASH_ZIP, resource_name: zip1, ref_start_time: 775225817553424, ref_stop_time: 775225817592844, actual_exe_time: 39420, task_app_start_time:775225802583541, task_sched_time:775225817527564
app_id: 4, app_name: pulse_doppler_api-aarch64, task_id: 55, task_name: DASH_FFT, resource_name: cpu1, ref_start_time: 775225817679244, ref_stop_time: 775225817700214, actual_exe_time: 20970, task_app_start_time:775225802583541, task_sched_time:775225817663794
app_id: 4, app_name: pulse_doppler_api-aarch64, task_id: 56, task_name: DASH_FFT, resource_name: cpu2, ref_start_time: 775225817951584, ref_stop_time: 775225817976274, actual_exe_time: 24690, task_app_start_time:775225802583541, task_sched_time:775225817937574
app_id: 1, app_name: TX_api-aarch64, task_id: 0, task_name: DASH_FFT, resource_name: fft1, ref_start_time: 775225822775435, ref_stop_time: 775225822814015, actual_exe_time: 38580, task_app_start_time:775225822339865, task_sched_time:775225822759385
app_id: 4, app_name: pulse_doppler_api-aarch64, task_id: 57, task_name: DASH_FFT, resource_name: cpu3, ref_start_time: 775225823580815, ref_stop_time: 775225823603315, actual_exe_time: 22500, task_app_start_time:775225802583541, task_sched_time:775225818392464
app_id: 1, app_name: TX_api-aarch64, task_id: 1, task_name: DASH_FFT, resource_name: cpu1, ref_start_time: 775225823921435, ref_stop_time: 775225823946485, actual_exe_time: 25050, task_app_start_time:775225822339865, task_sched_time:775225823904065
app_id: 1, app_name: TX_api-aarch64, task_id: 2, task_name: DASH_FFT, resource_name: cpu2, ref_start_time: 775225824477845, ref_stop_time: 775225824500255, actual_exe_time: 22410, task_app_start_time:775225822339865, task_sched_time:775225824475475
app_id: 1, app_name: TX_api-aarch64, task_id: 3, task_name: DASH_FFT, resource_name: cpu3, ref_start_time: 775225825031675, ref_stop_time: 775225825052795, actual_exe_time: 21120, task_app_start_time:775225822339865, task_sched_time:775225825029545
app_id: 1, app_name: TX_api-aarch64, task_id: 4, task_name: DASH_FFT, resource_name: fft1, ref_start_time: 775225825595315, ref_stop_time: 775225825633115, actual_exe_time: 37800, task_app_start_time:775225822339865, task_sched_time:775225825582415
app_id: 1, app_name: TX_api-aarch64, task_id: 5, task_name: DASH_FFT, resource_name: fft2, ref_start_time: 775225826163245, ref_stop_time: 775225826198255, actual_exe_time: 35010, task_app_start_time:775225822339865, task_sched_time:775225826160215
app_id: 4, app_name: pulse_doppler_api-aarch64, task_id: 58, task_name: DASH_ZIP, resource_name: zip1, ref_start_time: 775225826489315, ref_stop_time: 775225826528705, actual_exe_time: 39390, task_app_start_time:775225802583541, task_sched_time:775225823675795
app_id: 1, app_name: TX_api-aarch64, task_id: 6, task_name: DASH_FFT, resource_name: cpu2, ref_start_time: 775225826727065, ref_stop_time: 775225826748995, actual_exe_time: 21930, task_app_start_time:775225822339865, task_sched_time:775225826724665
app_id: 4, app_name: pulse_doppler_api-aarch64, task_id: 59, task_name: DASH_FFT, resource_name: cpu1, ref_start_time: 775225826740985, ref_stop_time: 775225826768705, actual_exe_time: 27720, task_app_start_time:775225802583541, task_sched_time:775225826597885
app_id: 4, app_name: pulse_doppler_api-aarch64, task_id: 60, task_name: DASH_FFT, resource_name: cpu3, ref_start_time: 775225827035105, ref_stop_time: 775225827055205, actual_exe_time: 20100, task_app_start_time:775225802583541, task_sched_time:775225827023255
app_id: 1, app_name: TX_api-aarch64, task_id: 7, task_name: DASH_FFT, resource_name: fft1, ref_start_time: 775225827293495, ref_stop_time: 775225827331055, actual_exe_time: 37560, task_app_start_time:775225822339865, task_sched_time:775225827277475
app_id: 4, app_name: pulse_doppler_api-aarch64, task_id: 61, task_name: DASH_FFT, resource_name: fft2, ref_start_time: 775225827511385, ref_stop_time: 775225827539195, actual_exe_time: 27810, task_app_start_time:775225802583541, task_sched_time:775225827501875
app_id: 4, app_name: pulse_doppler_api-aarch64, task_id: 62, task_name: DASH_ZIP, resource_name: zip1, ref_start_time: 775225827605285, ref_stop_time: 775225827644975, actual_exe_time: 39690, task_app_start_time:775225802583541, task_sched_time:775225827602255
app_id: 1, app_name: TX_api-aarch64, task_id: 8, task_name: DASH_FFT, resource_name: cpu2, ref_start_time: 775225827859505, ref_stop_time: 775225827881855, actual_exe_time: 22350, task_app_start_time:775225822339865, task_sched_time:775225827851705
app_id: 4, app_name: pulse_doppler_api-aarch64, task_id: 63, task_name: DASH_FFT, resource_name: cpu1, ref_start_time: 775225827870755, ref_stop_time: 775225827898265, actual_exe_time: 27510, task_app_start_time:775225802583541, task_sched_time:775225827718655
app_id: 4, app_name: pulse_doppler_api-aarch64, task_id: 64, task_name: DASH_FFT, resource_name: cpu3, ref_start_time: 775225828143455, ref_stop_time: 775225828163735, actual_exe_time: 20280, task_app_start_time:775225802583541, task_sched_time:775225828135625
app_id: 1, app_name: TX_api-aarch64, task_id: 9, task_name: DASH_FFT, resource_name: fft1, ref_start_time: 775225828428216, ref_stop_time: 775225828466916, actual_exe_time: 38700, task_app_start_time:775225822339865, task_sched_time:775225828415706
app_id: 4, app_name: pulse_doppler_api-aarch64, task_id: 65, task_name: DASH_FFT, resource_name: fft2, ref_start_time: 775225828602816, ref_stop_time: 775225828630926, actual_exe_time: 28110, task_app_start_time:775225802583541, task_sched_time:775225828592166
app_id: 4, app_name: pulse_doppler_api-aarch64, task_id: 66, task_name: DASH_ZIP, resource_name: zip1, ref_start_time: 775225828697946, ref_stop_time: 775225828736586, actual_exe_time: 38640, task_app_start_time:775225802583541, task_sched_time:775225828691796
app_id: 4, app_name: pulse_doppler_api-aarch64, task_id: 67, task_name: DASH_FFT, resource_name: cpu1, ref_start_time: 775225828814646, ref_stop_time: 775225828836126, actual_exe_time: 21480, task_app_start_time:775225802583541, task_sched_time:775225828803516
app_id: 4, app_name: pulse_doppler_api-aarch64, task_id: 68, task_name: DASH_FFT, resource_name: cpu2, ref_start_time: 775225829083146, ref_stop_time: 775225829106876, actual_exe_time: 23730, task_app_start_time:775225802583541, task_sched_time:775225829075406
app_id: 4, app_name: pulse_doppler_api-aarch64, task_id: 69, task_name: DASH_FFT, resource_name: cpu3, ref_start_time: 775225829516346, ref_stop_time: 775225829536176, actual_exe_time: 19830, task_app_start_time:775225802583541, task_sched_time:775225829504976
app_id: 4, app_name: pulse_doppler_api-aarch64, task_id: 70, task_name: DASH_ZIP, resource_name: zip1, ref_start_time: 775225829608836, ref_stop_time: 775225829647446, actual_exe_time: 38610, task_app_start_time:775225802583541, task_sched_time:775225829604846
app_id: 4, app_name: pulse_doppler_api-aarch64, task_id: 71, task_name: DASH_FFT, resource_name: cpu1, ref_start_time: 775225832483556, ref_stop_time: 775225832506236, actual_exe_time: 22680, task_app_start_time:775225802583541, task_sched_time:775225829715276
app_id: 2, app_name: TX_api-aarch64, task_id: 0, task_name: DASH_FFT, resource_name: cpu2, ref_start_time: 775225832787576, ref_stop_time: 775225832813316, actual_exe_time: 25740, task_app_start_time:775225832344986, task_sched_time:775225832767416
app_id: 4, app_name: pulse_doppler_api-aarch64, task_id: 72, task_name: DASH_FFT, resource_name: cpu3, ref_start_time: 775225833021486, ref_stop_time: 775225833041976, actual_exe_time: 20490, task_app_start_time:775225802583541, task_sched_time:775225833018816
app_id: 4, app_name: pulse_doppler_api-aarch64, task_id: 73, task_name: DASH_FFT, resource_name: fft1, ref_start_time: 775225833412056, ref_stop_time: 775225833437436, actual_exe_time: 25380, task_app_start_time:775225802583541, task_sched_time:775225833405156
app_id: 4, app_name: pulse_doppler_api-aarch64, task_id: 74, task_name: DASH_ZIP, resource_name: zip1, ref_start_time: 775225833533046, ref_stop_time: 775225833571866, actual_exe_time: 38820, task_app_start_time:775225802583541, task_sched_time:775225833530076
app_id: 4, app_name: pulse_doppler_api-aarch64, task_id: 75, task_name: DASH_FFT, resource_name: cpu1, ref_start_time: 775225833663276, ref_stop_time: 775225833684186, actual_exe_time: 20910, task_app_start_time:775225802583541, task_sched_time:775225833660276
app_id: 2, app_name: TX_api-aarch64, task_id: 1, task_name: DASH_FFT, resource_name: cpu2, ref_start_time: 775225833839736, ref_stop_time: 775225833864726, actual_exe_time: 24990, task_app_start_time:775225832344986, task_sched_time:775225833825486
app_id: 4, app_name: pulse_doppler_api-aarch64, task_id: 76, task_name: DASH_FFT, resource_name: cpu3, ref_start_time: 775225834073526, ref_stop_time: 775225834093386, actual_exe_time: 19860, task_app_start_time:775225802583541, task_sched_time:775225834069566
app_id: 2, app_name: TX_api-aarch64, task_id: 2, task_name: DASH_FFT, resource_name: fft1, ref_start_time: 775225834363326, ref_stop_time: 775225834397917, actual_exe_time: 34591, task_app_start_time:775225832344986, task_sched_time:775225834354596
app_id: 4, app_name: pulse_doppler_api-aarch64, task_id: 77, task_name: DASH_FFT, resource_name: fft2, ref_start_time: 775225834585477, ref_stop_time: 775225834614127, actual_exe_time: 28650, task_app_start_time:775225802583541, task_sched_time:775225834578547
app_id: 4, app_name: pulse_doppler_api-aarch64, task_id: 78, task_name: DASH_ZIP, resource_name: zip1, ref_start_time: 775225834707817, ref_stop_time: 775225834746247, actual_exe_time: 38430, task_app_start_time:775225802583541, task_sched_time:775225834704097
app_id: 2, app_name: TX_api-aarch64, task_id: 3, task_name: DASH_FFT, resource_name: cpu1, ref_start_time: 775225834914727, ref_stop_time: 775225834935757, actual_exe_time: 21030, task_app_start_time:775225832344986, task_sched_time:775225834900297
app_id: 4, app_name: pulse_doppler_api-aarch64, task_id: 79, task_name: DASH_FFT, resource_name: cpu2, ref_start_time: 775225835028517, ref_stop_time: 775225835053297, actual_exe_time: 24780, task_app_start_time:775225802583541, task_sched_time:775225834960447
app_id: 4, app_name: pulse_doppler_api-aarch64, task_id: 80, task_name: DASH_FFT, resource_name: cpu3, ref_start_time: 775225835577967, ref_stop_time: 775225835599207, actual_exe_time: 21240, task_app_start_time:775225802583541, task_sched_time:775225835265097
app_id: 2, app_name: TX_api-aarch64, task_id: 4, task_name: DASH_FFT, resource_name: fft1, ref_start_time: 775225835584687, ref_stop_time: 775225835619847, actual_exe_time: 35160, task_app_start_time:775225832344986, task_sched_time:775225835580007
app_id: 2, app_name: TX_api-aarch64, task_id: 5, task_name: DASH_FFT, resource_name: fft2, ref_start_time: 775225836146227, ref_stop_time: 775225836184327, actual_exe_time: 38100, task_app_start_time:775225832344986, task_sched_time:775225836134287
app_id: 4, app_name: pulse_doppler_api-aarch64, task_id: 81, task_name: DASH_FFT, resource_name: cpu1, ref_start_time: 775225836220957, ref_stop_time: 775225836241387, actual_exe_time: 20430, task_app_start_time:775225802583541, task_sched_time:775225836213037
app_id: 4, app_name: pulse_doppler_api-aarch64, task_id: 82, task_name: DASH_ZIP, resource_name: cpu2, ref_start_time: 775225836282517, ref_stop_time: 775225836306667, actual_exe_time: 24150, task_app_start_time:775225802583541, task_sched_time:775225836270967
app_id: 4, app_name: pulse_doppler_api-aarch64, task_id: 83, task_name: DASH_FFT, resource_name: cpu3, ref_start_time: 775225836781357, ref_stop_time: 775225836804007, actual_exe_time: 22650, task_app_start_time:775225802583541, task_sched_time:775225836330517
app_id: 0, app_name: TX_api-aarch64, task_id: 10, task_name: DASH_FFT, resource_name: fft2, ref_start_time: 775225837032367, ref_stop_time: 775225837071487, actual_exe_time: 39120, task_app_start_time:775225812328473, task_sched_time:775225837027627
app_id: 2, app_name: TX_api-aarch64, task_id: 6, task_name: DASH_FFT, resource_name: fft1, ref_start_time: 775225837034587, ref_stop_time: 775225837073047, actual_exe_time: 38460, task_app_start_time:775225832344986, task_sched_time:775225837024747
app_id: 4, app_name: pulse_doppler_api-aarch64, task_id: 84, task_name: DASH_FFT, resource_name: cpu1, ref_start_time: 775225837079857, ref_stop_time: 775225837100047, actual_exe_time: 20190, task_app_start_time:775225802583541, task_sched_time:775225837032967
app_id: 2, app_name: TX_api-aarch64, task_id: 7, task_name: DASH_FFT, resource_name: cpu2, ref_start_time: 775225837385377, ref_stop_time: 775225837410427, actual_exe_time: 25050, task_app_start_time:775225832344986, task_sched_time:775225837378807
app_id: 4, app_name: pulse_doppler_api-aarch64, task_id: 85, task_name: DASH_FFT, resource_name: cpu3, ref_start_time: 775225837641247, ref_stop_time: 775225837661707, actual_exe_time: 20460, task_app_start_time:775225802583541, task_sched_time:775225837629337
app_id: 4, app_name: pulse_doppler_api-aarch64, task_id: 86, task_name: DASH_ZIP, resource_name: zip1, ref_start_time: 775225837758427, ref_stop_time: 775225837798327, actual_exe_time: 39900, task_app_start_time:775225802583541, task_sched_time:775225837753387
app_id: 2, app_name: TX_api-aarch64, task_id: 8, task_name: DASH_FFT, resource_name: cpu1, ref_start_time: 775225837947457, ref_stop_time: 775225837968397, actual_exe_time: 20940, task_app_start_time:775225832344986, task_sched_time:775225837933657
app_id: 4, app_name: pulse_doppler_api-aarch64, task_id: 87, task_name: DASH_FFT, resource_name: cpu2, ref_start_time: 775225838002567, ref_stop_time: 775225838027467, actual_exe_time: 24900, task_app_start_time:775225802583541, task_sched_time:775225837996837
app_id: 4, app_name: pulse_doppler_api-aarch64, task_id: 88, task_name: DASH_FFT, resource_name: fft1, ref_start_time: 775225838237017, ref_stop_time: 775225838262187, actual_exe_time: 25170, task_app_start_time:775225802583541, task_sched_time:775225838233567
app_id: 0, app_name: TX_api-aarch64, task_id: 11, task_name: DASH_FFT, resource_name: cpu3, ref_start_time: 775225838238157, ref_stop_time: 775225838263147, actual_exe_time: 24990, task_app_start_time:775225812328473, task_sched_time:775225838224027
app_id: 2, app_name: TX_api-aarch64, task_id: 9, task_name: DASH_FFT, resource_name: fft2, ref_start_time: 775225838478397, ref_stop_time: 775225838516947, actual_exe_time: 38550, task_app_start_time:775225832344986, task_sched_time:775225838470777
app_id: 0, app_name: TX_api-aarch64, task_id: 12, task_name: DASH_FFT, resource_name: cpu1, ref_start_time: 775225838674747, ref_stop_time: 775225838696227, actual_exe_time: 21480, task_app_start_time:775225812328473, task_sched_time:775225838663437
app_id: 4, app_name: pulse_doppler_api-aarch64, task_id: 89, task_name: DASH_FFT, resource_name: cpu2, ref_start_time: 775225838829187, ref_stop_time: 775225838853127, actual_exe_time: 23940, task_app_start_time:775225802583541, task_sched_time:775225838824567
app_id: 0, app_name: TX_api-aarch64, task_id: 13, task_name: DASH_FFT, resource_name: cpu3, ref_start_time: 775225839103447, ref_stop_time: 775225839127807, actual_exe_time: 24360, task_app_start_time:775225812328473, task_sched_time:775225839092767
app_id: 0, app_name: TX_api-aarch64, task_id: 14, task_name: DASH_FFT, resource_name: fft1, ref_start_time: 775225839539347, ref_stop_time: 775225839590437, actual_exe_time: 51090, task_app_start_time:775225812328473, task_sched_time:775225839528127
app_id: 4, app_name: pulse_doppler_api-aarch64, task_id: 90, task_name: DASH_ZIP, resource_name: cpu2, ref_start_time: 775225843605008, ref_stop_time: 775225843630148, actual_exe_time: 25140, task_app_start_time:775225802583541, task_sched_time:775225843595708
app_id: 4, app_name: pulse_doppler_api-aarch64, task_id: 91, task_name: DASH_FFT, resource_name: cpu3, ref_start_time: 775225843659818, ref_stop_time: 775225843684088, actual_exe_time: 24270, task_app_start_time:775225802583541, task_sched_time:775225843653488
app_id: 4, app_name: pulse_doppler_api-aarch64, task_id: 92, task_name: DASH_FFT, resource_name: fft1, ref_start_time: 775225843903418, ref_stop_time: 775225843928828, actual_exe_time: 25410, task_app_start_time:775225802583541, task_sched_time:775225843900568
app_id: 3, app_name: TX_api-aarch64, task_id: 0, task_name: DASH_FFT, resource_name: cpu1, ref_start_time: 775225844844458, ref_stop_time: 775225844867318, actual_exe_time: 22860, task_app_start_time:775225842345218, task_sched_time:775225843044158
app_id: 3, app_name: TX_api-aarch64, task_id: 1, task_name: DASH_FFT, resource_name: cpu1, ref_start_time: 775225845696668, ref_stop_time: 775225845717608, actual_exe_time: 20940, task_app_start_time:775225842345218, task_sched_time:775225845694268
app_id: 3, app_name: TX_api-aarch64, task_id: 2, task_name: DASH_FFT, resource_name: cpu2, ref_start_time: 775225846120418, ref_stop_time: 775225846143338, actual_exe_time: 22920, task_app_start_time:775225842345218, task_sched_time:775225846117928
app_id: 0, app_name: TX_api-aarch64, task_id: 15, task_name: DASH_FFT, resource_name: fft2, ref_start_time: 775225846180808, ref_stop_time: 775225846217048, actual_exe_time: 36240, task_app_start_time:775225812328473, task_sched_time:775225839986587
app_id: 4, app_name: pulse_doppler_api-aarch64, task_id: 93, task_name: DASH_FFT, resource_name: fft2, ref_start_time: 775225846245188, ref_stop_time: 775225846273808, actual_exe_time: 28620, task_app_start_time:775225802583541, task_sched_time:775225843955528
app_id: 4, app_name: pulse_doppler_api-aarch64, task_id: 94, task_name: DASH_ZIP, resource_name: cpu3, ref_start_time: 775225846304048, ref_stop_time: 775225846325498, actual_exe_time: 21450, task_app_start_time:775225802583541, task_sched_time:775225846300448
app_id: 4, app_name: pulse_doppler_api-aarch64, task_id: 95, task_name: DASH_FFT, resource_name: fft1, ref_start_time: 775225846371878, ref_stop_time: 775225846406198, actual_exe_time: 34320, task_app_start_time:775225802583541, task_sched_time:775225846354838
app_id: 4, app_name: pulse_doppler_api-aarch64, task_id: 96, task_name: DASH_FFT, resource_name: cpu1, ref_start_time: 775225846619648, ref_stop_time: 775225846639628, actual_exe_time: 19980, task_app_start_time:775225802583541, task_sched_time:775225846610498
app_id: 3, app_name: TX_api-aarch64, task_id: 3, task_name: DASH_FFT, resource_name: fft2, ref_start_time: 775225846624268, ref_stop_time: 775225846665938, actual_exe_time: 41670, task_app_start_time:775225842345218, task_sched_time:775225846489028
app_id: 4, app_name: pulse_doppler_api-aarch64, task_id: 97, task_name: DASH_FFT, resource_name: cpu2, ref_start_time: 775225846697738, ref_stop_time: 775225846797338, actual_exe_time: 99600, task_app_start_time:775225802583541, task_sched_time:775225846691468
app_id: 4, app_name: pulse_doppler_api-aarch64, task_id: 98, task_name: DASH_ZIP, resource_name: cpu3, ref_start_time: 775225846794338, ref_stop_time: 775225846815729, actual_exe_time: 21391, task_app_start_time:775225802583541, task_sched_time:775225846785368
app_id: 0, app_name: TX_api-aarch64, task_id: 16, task_name: DASH_FFT, resource_name: fft1, ref_start_time: 775225846798208, ref_stop_time: 775225846832889, actual_exe_time: 34681, task_app_start_time:775225812328473, task_sched_time:775225846787828
app_id: 4, app_name: pulse_doppler_api-aarch64, task_id: 99, task_name: DASH_FFT, resource_name: fft2, ref_start_time: 775225846849779, ref_stop_time: 775225846887459, actual_exe_time: 37680, task_app_start_time:775225802583541, task_sched_time:775225846842309
app_id: 4, app_name: pulse_doppler_api-aarch64, task_id: 100, task_name: DASH_FFT, resource_name: cpu1, ref_start_time: 775225847100249, ref_stop_time: 775225847120199, actual_exe_time: 19950, task_app_start_time:775225802583541, task_sched_time:775225847093259
app_id: 4, app_name: pulse_doppler_api-aarch64, task_id: 101, task_name: DASH_FFT, resource_name: cpu2, ref_start_time: 775225847155389, ref_stop_time: 775225847279859, actual_exe_time: 124470, task_app_start_time:775225802583541, task_sched_time:775225847149059
app_id: 3, app_name: TX_api-aarch64, task_id: 4, task_name: DASH_FFT, resource_name: cpu3, ref_start_time: 775225847194059, ref_stop_time: 775225847218569, actual_exe_time: 24510, task_app_start_time:775225842345218, task_sched_time:775225847183559
app_id: 0, app_name: TX_api-aarch64, task_id: 17, task_name: DASH_FFT, resource_name: cpu1, ref_start_time: 775225847359209, ref_stop_time: 775225847379879, actual_exe_time: 20670, task_app_start_time:775225812328473, task_sched_time:775225847355339
app_id: 4, app_name: pulse_doppler_api-aarch64, task_id: 102, task_name: DASH_ZIP, resource_name: zip1, ref_start_time: 775225847424009, ref_stop_time: 775225847463819, actual_exe_time: 39810, task_app_start_time:775225802583541, task_sched_time:775225847267379
app_id: 4, app_name: pulse_doppler_api-aarch64, task_id: 103, task_name: DASH_FFT, resource_name: cpu2, ref_start_time: 775225847502219, ref_stop_time: 775225847810799, actual_exe_time: 308580, task_app_start_time:775225802583541, task_sched_time:775225847491809
app_id: 3, app_name: TX_api-aarch64, task_id: 5, task_name: DASH_FFT, resource_name: cpu3, ref_start_time: 775225847759469, ref_stop_time: 775225847784249, actual_exe_time: 24780, task_app_start_time:775225842345218, task_sched_time:775225847748789
app_id: 4, app_name: pulse_doppler_api-aarch64, task_id: 104, task_name: DASH_FFT, resource_name: fft1, ref_start_time: 775225847803449, ref_stop_time: 775225847828409, actual_exe_time: 24960, task_app_start_time:775225802583541, task_sched_time:775225847794779
app_id: 4, app_name: pulse_doppler_api-aarch64, task_id: 105, task_name: DASH_FFT, resource_name: fft2, ref_start_time: 775225847864709, ref_stop_time: 775225847893989, actual_exe_time: 29280, task_app_start_time:775225802583541, task_sched_time:775225847858079
app_id: 4, app_name: pulse_doppler_api-aarch64, task_id: 106, task_name: DASH_ZIP, resource_name: cpu2, ref_start_time: 775225847930829, ref_stop_time: 775225848027999, actual_exe_time: 97170, task_app_start_time:775225802583541, task_sched_time:775225847927589
app_id: 0, app_name: TX_api-aarch64, task_id: 18, task_name: DASH_FFT, resource_name: cpu1, ref_start_time: 775225847936259, ref_stop_time: 775225847957499, actual_exe_time: 21240, task_app_start_time:775225812328473, task_sched_time:775225847924919
app_id: 4, app_name: pulse_doppler_api-aarch64, task_id: 107, task_name: DASH_FFT, resource_name: cpu3, ref_start_time: 775225848027309, ref_stop_time: 775225848049059, actual_exe_time: 21750, task_app_start_time:775225802583541, task_sched_time:775225848015459
app_id: 4, app_name: pulse_doppler_api-aarch64, task_id: 108, task_name: DASH_FFT, resource_name: fft1, ref_start_time: 775225848257439, ref_stop_time: 775225848282759, actual_exe_time: 25320, task_app_start_time:775225802583541, task_sched_time:775225848249189
app_id: 3, app_name: TX_api-aarch64, task_id: 6, task_name: DASH_FFT, resource_name: fft2, ref_start_time: 775225848316299, ref_stop_time: 775225848357609, actual_exe_time: 41310, task_app_start_time:775225842345218, task_sched_time:775225848297759
app_id: 4, app_name: pulse_doppler_api-aarch64, task_id: 109, task_name: DASH_FFT, resource_name: cpu1, ref_start_time: 775225848316539, ref_stop_time: 775225848336669, actual_exe_time: 20130, task_app_start_time:775225802583541, task_sched_time:775225848311019
app_id: 4, app_name: pulse_doppler_api-aarch64, task_id: 110, task_name: DASH_ZIP, resource_name: cpu2, ref_start_time: 775225848392169, ref_stop_time: 775225848473619, actual_exe_time: 81450, task_app_start_time:775225802583541, task_sched_time:775225848384549
app_id: 0, app_name: TX_api-aarch64, task_id: 19, task_name: DASH_FFT, resource_name: fft1, ref_start_time: 775225848493749, ref_stop_time: 775225848528789, actual_exe_time: 35040, task_app_start_time:775225812328473, task_sched_time:775225848486999
app_id: 4, app_name: pulse_doppler_api-aarch64, task_id: 111, task_name: DASH_FFT, resource_name: cpu3, ref_start_time: 775225848495969, ref_stop_time: 775225848518859, actual_exe_time: 22890, task_app_start_time:775225802583541, task_sched_time:775225848459759
app_id: 4, app_name: pulse_doppler_api-aarch64, task_id: 112, task_name: DASH_FFT, resource_name: fft2, ref_start_time: 775225848737289, ref_stop_time: 775225848765729, actual_exe_time: 28440, task_app_start_time:775225802583541, task_sched_time:775225848725079
app_id: 3, app_name: TX_api-aarch64, task_id: 7, task_name: DASH_FFT, resource_name: cpu1, ref_start_time: 775225848890349, ref_stop_time: 775225848911169, actual_exe_time: 20820, task_app_start_time:775225842345218, task_sched_time:775225848874659
app_id: 4, app_name: pulse_doppler_api-aarch64, task_id: 113, task_name: DASH_FFT, resource_name: cpu2, ref_start_time: 775225849104309, ref_stop_time: 775225849128009, actual_exe_time: 23700, task_app_start_time:775225802583541, task_sched_time:775225849090029
app_id: 3, app_name: TX_api-aarch64, task_id: 8, task_name: DASH_FFT, resource_name: fft1, ref_start_time: 775225851721209, ref_stop_time: 775225851755709, actual_exe_time: 34500, task_app_start_time:775225842345218, task_sched_time:775225851718449
app_id: 4, app_name: pulse_doppler_api-aarch64, task_id: 114, task_name: DASH_ZIP, resource_name: cpu3, ref_start_time: 775225851727119, ref_stop_time: 775225851749409, actual_exe_time: 22290, task_app_start_time:775225802583541, task_sched_time:775225849212939
app_id: 4, app_name: pulse_doppler_api-aarch64, task_id: 115, task_name: DASH_FFT, resource_name: fft2, ref_start_time: 775225851849189, ref_stop_time: 775225851887829, actual_exe_time: 38640, task_app_start_time:775225802583541, task_sched_time:775225851841749
app_id: 3, app_name: TX_api-aarch64, task_id: 9, task_name: DASH_FFT, resource_name: cpu1, ref_start_time: 775225851903279, ref_stop_time: 775225851924309, actual_exe_time: 21030, task_app_start_time:775225842345218, task_sched_time:775225851898479
app_id: 4, app_name: pulse_doppler_api-aarch64, task_id: 116, task_name: DASH_FFT, resource_name: cpu2, ref_start_time: 775225852153869, ref_stop_time: 775225852177779, actual_exe_time: 23910, task_app_start_time:775225802583541, task_sched_time:775225852141629
app_id: 1, app_name: TX_api-aarch64, task_id: 10, task_name: DASH_FFT, resource_name: fft1, ref_start_time: 775225855202470, ref_stop_time: 775225855240150, actual_exe_time: 37680, task_app_start_time:775225822339865, task_sched_time:775225855189840
app_id: 4, app_name: pulse_doppler_api-aarch64, task_id: 117, task_name: DASH_FFT, resource_name: cpu3, ref_start_time: 775225855570930, ref_stop_time: 775225855593130, actual_exe_time: 22200, task_app_start_time:775225802583541, task_sched_time:775225852774329
app_id: 2, app_name: TX_api-aarch64, task_id: 10, task_name: DASH_FFT, resource_name: cpu1, ref_start_time: 775225856820490, ref_stop_time: 775225856842690, actual_exe_time: 22200, task_app_start_time:775225832344986, task_sched_time:775225856814550
app_id: 4, app_name: pulse_doppler_api-aarch64, task_id: 118, task_name: DASH_ZIP, resource_name: cpu2, ref_start_time: 775225856880040, ref_stop_time: 775225856904100, actual_exe_time: 24060, task_app_start_time:775225802583541, task_sched_time:775225856873320
app_id: 4, app_name: pulse_doppler_api-aarch64, task_id: 119, task_name: DASH_FFT, resource_name: cpu3, ref_start_time: 775225856930530, ref_stop_time: 775225856951440, actual_exe_time: 20910, task_app_start_time:775225802583541, task_sched_time:775225856927800
app_id: 4, app_name: pulse_doppler_api-aarch64, task_id: 120, task_name: DASH_FFT, resource_name: fft1, ref_start_time: 775225857171640, ref_stop_time: 775225857196480, actual_exe_time: 24840, task_app_start_time:775225802583541, task_sched_time:775225857165130
app_id: 1, app_name: TX_api-aarch64, task_id: 11, task_name: DASH_FFT, resource_name: fft2, ref_start_time: 775225858084210, ref_stop_time: 775225858120390, actual_exe_time: 36180, task_app_start_time:775225822339865, task_sched_time:775225855544290
app_id: 4, app_name: pulse_doppler_api-aarch64, task_id: 121, task_name: DASH_FFT, resource_name: fft2, ref_start_time: 775225858150030, ref_stop_time: 775225858178800, actual_exe_time: 28770, task_app_start_time:775225802583541, task_sched_time:775225857225880
app_id: 4, app_name: pulse_doppler_api-aarch64, task_id: 122, task_name: DASH_ZIP, resource_name: zip1, ref_start_time: 775225858210870, ref_stop_time: 775225858250950, actual_exe_time: 40080, task_app_start_time:775225802583541, task_sched_time:775225858206040
app_id: 4, app_name: pulse_doppler_api-aarch64, task_id: 123, task_name: DASH_FFT, resource_name: cpu1, ref_start_time: 775225858293550, ref_stop_time: 775225858314910, actual_exe_time: 21360, task_app_start_time:775225802583541, task_sched_time:775225858276240
app_id: 4, app_name: pulse_doppler_api-aarch64, task_id: 124, task_name: DASH_FFT, resource_name: cpu2, ref_start_time: 775225858523020, ref_stop_time: 775225858547380, actual_exe_time: 24360, task_app_start_time:775225802583541, task_sched_time:775225858516210
app_id: 1, app_name: TX_api-aarch64, task_id: 12, task_name: DASH_FFT, resource_name: cpu3, ref_start_time: 775225858656040, ref_stop_time: 775225858677340, actual_exe_time: 21300, task_app_start_time:775225822339865, task_sched_time:775225858652020
app_id: 4, app_name: pulse_doppler_api-aarch64, task_id: 125, task_name: DASH_FFT, resource_name: fft1, ref_start_time: 775225858936570, ref_stop_time: 775225858962250, actual_exe_time: 25680, task_app_start_time:775225802583541, task_sched_time:775225858931980
app_id: 4, app_name: pulse_doppler_api-aarch64, task_id: 126, task_name: DASH_ZIP, resource_name: zip1, ref_start_time: 775225859056180, ref_stop_time: 775225859095270, actual_exe_time: 39090, task_app_start_time:775225802583541, task_sched_time:775225859050330
app_id: 1, app_name: TX_api-aarch64, task_id: 13, task_name: DASH_FFT, resource_name: cpu2, ref_start_time: 775225859212840, ref_stop_time: 775225859235220, actual_exe_time: 22380, task_app_start_time:775225822339865, task_sched_time:775225859208700
app_id: 4, app_name: pulse_doppler_api-aarch64, task_id: 127, task_name: DASH_FFT, resource_name: cpu1, ref_start_time: 775225859216800, ref_stop_time: 775225859244341, actual_exe_time: 27541, task_app_start_time:775225802583541, task_sched_time:775225859188810
app_id: 4, app_name: pulse_doppler_api-aarch64, task_id: 128, task_name: DASH_FFT, resource_name: cpu3, ref_start_time: 775225859581421, ref_stop_time: 775225859602781, actual_exe_time: 21360, task_app_start_time:775225802583541, task_sched_time:775225859514161
app_id: 1, app_name: TX_api-aarch64, task_id: 14, task_name: DASH_FFT, resource_name: fft1, ref_start_time: 775225859778911, ref_stop_time: 775225859816621, actual_exe_time: 37710, task_app_start_time:775225822339865, task_sched_time:775225859767301
app_id: 4, app_name: pulse_doppler_api-aarch64, task_id: 129, task_name: DASH_FFT, resource_name: fft2, ref_start_time: 775225860270491, ref_stop_time: 775225860298811, actual_exe_time: 28320, task_app_start_time:775225802583541, task_sched_time:775225860262001
app_id: 1, app_name: TX_api-aarch64, task_id: 15, task_name: DASH_FFT, resource_name: cpu1, ref_start_time: 775225860350591, ref_stop_time: 775225860375071, actual_exe_time: 24480, task_app_start_time:775225822339865, task_sched_time:775225860342161
app_id: 4, app_name: pulse_doppler_api-aarch64, task_id: 130, task_name: DASH_ZIP, resource_name: cpu2, ref_start_time: 775225860394481, ref_stop_time: 775225860418121, actual_exe_time: 23640, task_app_start_time:775225802583541, task_sched_time:775225860390881
app_id: 1, app_name: TX_api-aarch64, task_id: 16, task_name: DASH_FFT, resource_name: fft1, ref_start_time: 775225860915311, ref_stop_time: 775225860953861, actual_exe_time: 38550, task_app_start_time:775225822339865, task_sched_time:775225860901781
app_id: 1, app_name: TX_api-aarch64, task_id: 17, task_name: DASH_FFT, resource_name: fft2, ref_start_time: 775225861482341, ref_stop_time: 775225861517891, actual_exe_time: 35550, task_app_start_time:775225822339865, task_sched_time:775225861478321
app_id: 2, app_name: TX_api-aarch64, task_id: 11, task_name: DASH_FFT, resource_name: cpu1, ref_start_time: 775225861740101, ref_stop_time: 775225861761881, actual_exe_time: 21780, task_app_start_time:775225832344986, task_sched_time:775225861729601
app_id: 1, app_name: TX_api-aarch64, task_id: 18, task_name: DASH_FFT, resource_name: cpu2, ref_start_time: 775225862168051, ref_stop_time: 775225862190851, actual_exe_time: 22800, task_app_start_time:775225822339865, task_sched_time:775225862047541
app_id: 1, app_name: TX_api-aarch64, task_id: 19, task_name: DASH_FFT, resource_name: fft1, ref_start_time: 775225862730851, ref_stop_time: 775225862768261, actual_exe_time: 37410, task_app_start_time:775225822339865, task_sched_time:775225862719721
app_id: 4, app_name: pulse_doppler_api-aarch64, task_id: 131, task_name: DASH_FFT, resource_name: cpu3, ref_start_time: 775225863580001, ref_stop_time: 775225863602651, actual_exe_time: 22650, task_app_start_time:775225802583541, task_sched_time:775225860507041
app_id: 2, app_name: TX_api-aarch64, task_id: 12, task_name: DASH_FFT, resource_name: cpu3, ref_start_time: 775225863619571, ref_stop_time: 775225863640931, actual_exe_time: 21360, task_app_start_time:775225832344986, task_sched_time:775225862160431
app_id: 4, app_name: pulse_doppler_api-aarch64, task_id: 132, task_name: DASH_FFT, resource_name: fft2, ref_start_time: 775225863897461, ref_stop_time: 775225863926141, actual_exe_time: 28680, task_app_start_time:775225802583541, task_sched_time:775225863840251
app_id: 4, app_name: pulse_doppler_api-aarch64, task_id: 133, task_name: DASH_FFT, resource_name: cpu2, ref_start_time: 775225864451141, ref_stop_time: 775225864474181, actual_exe_time: 23040, task_app_start_time:775225802583541, task_sched_time:775225864441721
app_id: 4, app_name: pulse_doppler_api-aarch64, task_id: 134, task_name: DASH_ZIP, resource_name: cpu3, ref_start_time: 775225864541021, ref_stop_time: 775225864561451, actual_exe_time: 20430, task_app_start_time:775225802583541, task_sched_time:775225864538651
app_id: 4, app_name: pulse_doppler_api-aarch64, task_id: 135, task_name: DASH_FFT, resource_name: fft1, ref_start_time: 775225867572702, ref_stop_time: 775225867609032, actual_exe_time: 36330, task_app_start_time:775225802583541, task_sched_time:775225864628141
app_id: 4, app_name: pulse_doppler_api-aarch64, task_id: 136, task_name: DASH_FFT, resource_name: fft2, ref_start_time: 775225867867122, ref_stop_time: 775225867895052, actual_exe_time: 27930, task_app_start_time:775225802583541, task_sched_time:775225867861002
app_id: 2, app_name: TX_api-aarch64, task_id: 13, task_name: DASH_FFT, resource_name: cpu1, ref_start_time: 775225869036012, ref_stop_time: 775225869058242, actual_exe_time: 22230, task_app_start_time:775225832344986, task_sched_time:775225864098281
app_id: 4, app_name: pulse_doppler_api-aarch64, task_id: 137, task_name: DASH_FFT, resource_name: cpu1, ref_start_time: 775225869073872, ref_stop_time: 775225869094062, actual_exe_time: 20190, task_app_start_time:775225802583541, task_sched_time:775225868334342
app_id: 4, app_name: pulse_doppler_api-aarch64, task_id: 138, task_name: DASH_ZIP, resource_name: cpu2, ref_start_time: 775225869180942, ref_stop_time: 775225869204912, actual_exe_time: 23970, task_app_start_time:775225802583541, task_sched_time:775225869172872
app_id: 4, app_name: pulse_doppler_api-aarch64, task_id: 139, task_name: DASH_FFT, resource_name: cpu3, ref_start_time: 775225869299562, ref_stop_time: 775225869321762, actual_exe_time: 22200, task_app_start_time:775225802583541, task_sched_time:775225869295062
app_id: 4, app_name: pulse_doppler_api-aarch64, task_id: 140, task_name: DASH_FFT, resource_name: fft1, ref_start_time: 775225869587862, ref_stop_time: 775225869613242, actual_exe_time: 25380, task_app_start_time:775225802583541, task_sched_time:775225869579792
app_id: 2, app_name: TX_api-aarch64, task_id: 14, task_name: DASH_FFT, resource_name: fft2, ref_start_time: 775225869851412, ref_stop_time: 775225869889482, actual_exe_time: 38070, task_app_start_time:775225832344986, task_sched_time:775225869744252
app_id: 2, app_name: TX_api-aarch64, task_id: 15, task_name: DASH_FFT, resource_name: cpu1, ref_start_time: 775225870230132, ref_stop_time: 775225870251102, actual_exe_time: 20970, task_app_start_time:775225832344986, task_sched_time:775225870226682
app_id: 4, app_name: pulse_doppler_api-aarch64, task_id: 141, task_name: DASH_FFT, resource_name: cpu2, ref_start_time: 775225870287582, ref_stop_time: 775225870311612, actual_exe_time: 24030, task_app_start_time:775225802583541, task_sched_time:775225870283112
app_id: 4, app_name: pulse_doppler_api-aarch64, task_id: 142, task_name: DASH_ZIP, resource_name: cpu3, ref_start_time: 775225870348842, ref_stop_time: 775225870369692, actual_exe_time: 20850, task_app_start_time:775225802583541, task_sched_time:775225870341972
app_id: 4, app_name: pulse_doppler_api-aarch64, task_id: 143, task_name: DASH_FFT, resource_name: fft1, ref_start_time: 775225870442652, ref_stop_time: 775225870477242, actual_exe_time: 34590, task_app_start_time:775225802583541, task_sched_time:775225870428042
app_id: 4, app_name: pulse_doppler_api-aarch64, task_id: 144, task_name: DASH_FFT, resource_name: fft2, ref_start_time: 775225870745082, ref_stop_time: 775225870773312, actual_exe_time: 28230, task_app_start_time:775225802583541, task_sched_time:775225870737222
app_id: 2, app_name: TX_api-aarch64, task_id: 16, task_name: DASH_FFT, resource_name: cpu1, ref_start_time: 775225870912512, ref_stop_time: 775225870933212, actual_exe_time: 20700, task_app_start_time:775225832344986, task_sched_time:775225870908222
app_id: 2, app_name: TX_api-aarch64, task_id: 17, task_name: DASH_FFT, resource_name: cpu2, ref_start_time: 775225871299092, ref_stop_time: 775225871324082, actual_exe_time: 24990, task_app_start_time:775225832344986, task_sched_time:775225871286312
app_id: 4, app_name: pulse_doppler_api-aarch64, task_id: 145, task_name: DASH_FFT, resource_name: cpu3, ref_start_time: 775225871385192, ref_stop_time: 775225871405292, actual_exe_time: 20100, task_app_start_time:775225802583541, task_sched_time:775225871374332
app_id: 4, app_name: pulse_doppler_api-aarch64, task_id: 146, task_name: DASH_ZIP, resource_name: zip1, ref_start_time: 775225871497842, ref_stop_time: 775225871537202, actual_exe_time: 39360, task_app_start_time:775225802583541, task_sched_time:775225871494932
app_id: 4, app_name: pulse_doppler_api-aarch64, task_id: 147, task_name: DASH_FFT, resource_name: cpu1, ref_start_time: 775225871637582, ref_stop_time: 775225871658612, actual_exe_time: 21030, task_app_start_time:775225802583541, task_sched_time:775225871627622
app_id: 2, app_name: TX_api-aarch64, task_id: 18, task_name: DASH_FFT, resource_name: cpu2, ref_start_time: 775225871815873, ref_stop_time: 775225871840383, actual_exe_time: 24510, task_app_start_time:775225832344986, task_sched_time:775225871810023
app_id: 4, app_name: pulse_doppler_api-aarch64, task_id: 148, task_name: DASH_FFT, resource_name: cpu3, ref_start_time: 775225871985103, ref_stop_time: 775225872005503, actual_exe_time: 20400, task_app_start_time:775225802583541, task_sched_time:775225871982793
app_id: 2, app_name: TX_api-aarch64, task_id: 19, task_name: DASH_FFT, resource_name: fft1, ref_start_time: 775225872362173, ref_stop_time: 775225872396823, actual_exe_time: 34650, task_app_start_time:775225832344986, task_sched_time:775225872358843
app_id: 4, app_name: pulse_doppler_api-aarch64, task_id: 149, task_name: DASH_FFT, resource_name: fft2, ref_start_time: 775225872485383, ref_stop_time: 775225872514483, actual_exe_time: 29100, task_app_start_time:775225802583541, task_sched_time:775225872424393
app_id: 4, app_name: pulse_doppler_api-aarch64, task_id: 150, task_name: DASH_ZIP, resource_name: zip1, ref_start_time: 775225872551323, ref_stop_time: 775225872589933, actual_exe_time: 38610, task_app_start_time:775225802583541, task_sched_time:775225872547183
app_id: 4, app_name: pulse_doppler_api-aarch64, task_id: 151, task_name: DASH_FFT, resource_name: cpu1, ref_start_time: 775225872634483, ref_stop_time: 775225872655573, actual_exe_time: 21090, task_app_start_time:775225802583541, task_sched_time:775225872625453
app_id: 4, app_name: pulse_doppler_api-aarch64, task_id: 152, task_name: DASH_FFT, resource_name: cpu2, ref_start_time: 775225872810343, ref_stop_time: 775225872834523, actual_exe_time: 24180, task_app_start_time:775225802583541, task_sched_time:775225872797983
app_id: 0, app_name: TX_api-aarch64, task_id: 20, task_name: DASH_FFT, resource_name: cpu3, ref_start_time: 775225874599513, ref_stop_time: 775225874624413, actual_exe_time: 24900, task_app_start_time:775225812328473, task_sched_time:775225874590093
app_id: 3, app_name: TX_api-aarch64, task_id: 10, task_name: DASH_FFT, resource_name: fft1, ref_start_time: 775225875512293, ref_stop_time: 775225875547213, actual_exe_time: 34920, task_app_start_time:775225842345218, task_sched_time:775225875497263
app_id: 0, app_name: TX_api-aarch64, task_id: 21, task_name: DASH_FFT, resource_name: cpu1, ref_start_time: 775225875704563, ref_stop_time: 775225875726043, actual_exe_time: 21480, task_app_start_time:775225812328473, task_sched_time:775225875701533
app_id: 0, app_name: TX_api-aarch64, task_id: 22, task_name: DASH_FFT, resource_name: cpu2, ref_start_time: 775225876157923, ref_stop_time: 775225876180393, actual_exe_time: 22470, task_app_start_time:775225812328473, task_sched_time:775225876154023
app_id: 0, app_name: TX_api-aarch64, task_id: 23, task_name: DASH_FFT, resource_name: cpu3, ref_start_time: 775225876719373, ref_stop_time: 775225876744333, actual_exe_time: 24960, task_app_start_time:775225812328473, task_sched_time:775225876706443
app_id: 3, app_name: TX_api-aarch64, task_id: 11, task_name: DASH_FFT, resource_name: fft1, ref_start_time: 775225876899523, ref_stop_time: 775225876935793, actual_exe_time: 36270, task_app_start_time:775225842345218, task_sched_time:775225876882573
app_id: 4, app_name: pulse_doppler_api-aarch64, task_id: 153, task_name: DASH_FFT, resource_name: fft2, ref_start_time: 775225876932553, ref_stop_time: 775225876961713, actual_exe_time: 29160, task_app_start_time:775225802583541, task_sched_time:775225875593113
app_id: 4, app_name: pulse_doppler_api-aarch64, task_id: 154, task_name: DASH_ZIP, resource_name: zip1, ref_start_time: 775225876994833, ref_stop_time: 775225877034763, actual_exe_time: 39930, task_app_start_time:775225802583541, task_sched_time:775225876990363
app_id: 4, app_name: pulse_doppler_api-aarch64, task_id: 155, task_name: DASH_FFT, resource_name: cpu1, ref_start_time: 775225877064553, ref_stop_time: 775225877085523, actual_exe_time: 20970, task_app_start_time:775225802583541, task_sched_time:775225877062303
app_id: 4, app_name: pulse_doppler_api-aarch64, task_id: 156, task_name: DASH_FFT, resource_name: cpu2, ref_start_time: 775225877180113, ref_stop_time: 775225877300563, actual_exe_time: 120450, task_app_start_time:775225802583541, task_sched_time:775225877167963
app_id: 0, app_name: TX_api-aarch64, task_id: 24, task_name: DASH_FFT, resource_name: cpu3, ref_start_time: 775225877262103, ref_stop_time: 775225877286493, actual_exe_time: 24390, task_app_start_time:775225812328473, task_sched_time:775225877249023
app_id: 4, app_name: pulse_doppler_api-aarch64, task_id: 157, task_name: DASH_FFT, resource_name: fft1, ref_start_time: 775225877306803, ref_stop_time: 775225877331673, actual_exe_time: 24870, task_app_start_time:775225802583541, task_sched_time:775225877287933
app_id: 3, app_name: TX_api-aarch64, task_id: 12, task_name: DASH_FFT, resource_name: cpu1, ref_start_time: 775225877432053, ref_stop_time: 775225877452993, actual_exe_time: 20940, task_app_start_time:775225842345218, task_sched_time:775225877422243
app_id: 4, app_name: pulse_doppler_api-aarch64, task_id: 158, task_name: DASH_ZIP, resource_name: zip1, ref_start_time: 775225877463073, ref_stop_time: 775225877502823, actual_exe_time: 39750, task_app_start_time:775225802583541, task_sched_time:775225877364463
app_id: 4, app_name: pulse_doppler_api-aarch64, task_id: 159, task_name: DASH_FFT, resource_name: cpu2, ref_start_time: 775225877535613, ref_stop_time: 775225877725513, actual_exe_time: 189900, task_app_start_time:775225802583541, task_sched_time:775225877529433
app_id: 0, app_name: TX_api-aarch64, task_id: 25, task_name: DASH_FFT, resource_name: fft1, ref_start_time: 775225877810593, ref_stop_time: 775225877845723, actual_exe_time: 35130, task_app_start_time:775225812328473, task_sched_time:775225877803363
app_id: 4, app_name: pulse_doppler_api-aarch64, task_id: 160, task_name: DASH_FFT, resource_name: cpu3, ref_start_time: 775225877817943, ref_stop_time: 775225877839303, actual_exe_time: 21360, task_app_start_time:775225802583541, task_sched_time:775225877712253
app_id: 4, app_name: pulse_doppler_api-aarch64, task_id: 161, task_name: DASH_FFT, resource_name: fft2, ref_start_time: 775225877876443, ref_stop_time: 775225877904374, actual_exe_time: 27931, task_app_start_time:775225802583541, task_sched_time:775225877869333
app_id: 3, app_name: TX_api-aarch64, task_id: 13, task_name: DASH_FFT, resource_name: cpu1, ref_start_time: 775225878000794, ref_stop_time: 775225878021734, actual_exe_time: 20940, task_app_start_time:775225842345218, task_sched_time:775225877986004
app_id: 4, app_name: pulse_doppler_api-aarch64, task_id: 162, task_name: DASH_ZIP, resource_name: zip1, ref_start_time: 775225878059774, ref_stop_time: 775225878100034, actual_exe_time: 40260, task_app_start_time:775225802583541, task_sched_time:775225877931494
app_id: 4, app_name: pulse_doppler_api-aarch64, task_id: 163, task_name: DASH_FFT, resource_name: cpu2, ref_start_time: 775225878134024, ref_stop_time: 775225878315014, actual_exe_time: 180990, task_app_start_time:775225802583541, task_sched_time:775225878126374
app_id: 4, app_name: pulse_doppler_api-aarch64, task_id: 164, task_name: DASH_FFT, resource_name: cpu3, ref_start_time: 775225878369434, ref_stop_time: 775225878390584, actual_exe_time: 21150, task_app_start_time:775225802583541, task_sched_time:775225878301634
app_id: 0, app_name: TX_api-aarch64, task_id: 26, task_name: DASH_FFT, resource_name: fft1, ref_start_time: 775225878375674, ref_stop_time: 775225878409964, actual_exe_time: 34290, task_app_start_time:775225812328473, task_sched_time:775225878358544
app_id: 4, app_name: pulse_doppler_api-aarch64, task_id: 165, task_name: DASH_FFT, resource_name: fft2, ref_start_time: 775225878423734, ref_stop_time: 775225878451934, actual_exe_time: 28200, task_app_start_time:775225802583541, task_sched_time:775225878418364
app_id: 3, app_name: TX_api-aarch64, task_id: 14, task_name: DASH_FFT, resource_name: cpu1, ref_start_time: 775225878560714, ref_stop_time: 775225878581564, actual_exe_time: 20850, task_app_start_time:775225842345218, task_sched_time:775225878549434
app_id: 4, app_name: pulse_doppler_api-aarch64, task_id: 166, task_name: DASH_ZIP, resource_name: zip1, ref_start_time: 775225878631814, ref_stop_time: 775225878671624, actual_exe_time: 39810, task_app_start_time:775225802583541, task_sched_time:775225878477254
app_id: 4, app_name: pulse_doppler_api-aarch64, task_id: 167, task_name: DASH_FFT, resource_name: cpu2, ref_start_time: 775225878707594, ref_stop_time: 775225878887084, actual_exe_time: 179490, task_app_start_time:775225802583541, task_sched_time:775225878695534
app_id: 4, app_name: pulse_doppler_api-aarch64, task_id: 168, task_name: DASH_FFT, resource_name: cpu3, ref_start_time: 775225878938564, ref_stop_time: 775225878959654, actual_exe_time: 21090, task_app_start_time:775225802583541, task_sched_time:775225878875054
app_id: 0, app_name: TX_api-aarch64, task_id: 27, task_name: DASH_FFT, resource_name: fft1, ref_start_time: 775225878943304, ref_stop_time: 775225878977534, actual_exe_time: 34230, task_app_start_time:775225812328473, task_sched_time:775225878931754
app_id: 4, app_name: pulse_doppler_api-aarch64, task_id: 169, task_name: DASH_FFT, resource_name: fft2, ref_start_time: 775225878993554, ref_stop_time: 775225879022414, actual_exe_time: 28860, task_app_start_time:775225802583541, task_sched_time:775225878985334
app_id: 3, app_name: TX_api-aarch64, task_id: 15, task_name: DASH_FFT, resource_name: cpu1, ref_start_time: 775225879121264, ref_stop_time: 775225879142024, actual_exe_time: 20760, task_app_start_time:775225842345218, task_sched_time:775225879114814
app_id: 4, app_name: pulse_doppler_api-aarch64, task_id: 170, task_name: DASH_ZIP, resource_name: zip1, ref_start_time: 775225879197704, ref_stop_time: 775225879237574, actual_exe_time: 39870, task_app_start_time:775225802583541, task_sched_time:775225879049654
app_id: 4, app_name: pulse_doppler_api-aarch64, task_id: 171, task_name: DASH_FFT, resource_name: cpu2, ref_start_time: 775225879273634, ref_stop_time: 775225879445324, actual_exe_time: 171690, task_app_start_time:775225802583541, task_sched_time:775225879261664
app_id: 0, app_name: TX_api-aarch64, task_id: 28, task_name: DASH_FFT, resource_name: fft1, ref_start_time: 775225879502924, ref_stop_time: 775225879537214, actual_exe_time: 34290, task_app_start_time:775225812328473, task_sched_time:775225879494944
app_id: 4, app_name: pulse_doppler_api-aarch64, task_id: 172, task_name: DASH_FFT, resource_name: cpu3, ref_start_time: 775225879509014, ref_stop_time: 775225879530704, actual_exe_time: 21690, task_app_start_time:775225802583541, task_sched_time:775225879435034
app_id: 4, app_name: pulse_doppler_api-aarch64, task_id: 173, task_name: DASH_FFT, resource_name: fft2, ref_start_time: 775225879577804, ref_stop_time: 775225879606604, actual_exe_time: 28800, task_app_start_time:775225802583541, task_sched_time:775225879569374
app_id: 3, app_name: TX_api-aarch64, task_id: 16, task_name: DASH_FFT, resource_name: cpu1, ref_start_time: 775225879690244, ref_stop_time: 775225879711664, actual_exe_time: 21420, task_app_start_time:775225842345218, task_sched_time:775225879683044
app_id: 4, app_name: pulse_doppler_api-aarch64, task_id: 174, task_name: DASH_ZIP, resource_name: zip1, ref_start_time: 775225879762904, ref_stop_time: 775225879802174, actual_exe_time: 39270, task_app_start_time:775225802583541, task_sched_time:775225879632914
app_id: 4, app_name: pulse_doppler_api-aarch64, task_id: 175, task_name: DASH_FFT, resource_name: cpu2, ref_start_time: 775225879835564, ref_stop_time: 775225879860194, actual_exe_time: 24630, task_app_start_time:775225802583541, task_sched_time:775225879829234
app_id: 0, app_name: TX_api-aarch64, task_id: 29, task_name: DASH_FFT, resource_name: fft1, ref_start_time: 775225880057834, ref_stop_time: 775225880092274, actual_exe_time: 34440, task_app_start_time:775225812328473, task_sched_time:775225880055134
app_id: 4, app_name: pulse_doppler_api-aarch64, task_id: 176, task_name: DASH_FFT, resource_name: cpu3, ref_start_time: 775225880071754, ref_stop_time: 775225880098184, actual_exe_time: 26430, task_app_start_time:775225802583541, task_sched_time:775225879968884
app_id: 3, app_name: TX_api-aarch64, task_id: 17, task_name: DASH_FFT, resource_name: fft2, ref_start_time: 775225880235914, ref_stop_time: 775225880271044, actual_exe_time: 35130, task_app_start_time:775225842345218, task_sched_time:775225880232344
app_id: 4, app_name: pulse_doppler_api-aarch64, task_id: 177, task_name: DASH_FFT, resource_name: cpu1, ref_start_time: 775225880359724, ref_stop_time: 775225880379794, actual_exe_time: 20070, task_app_start_time:775225802583541, task_sched_time:775225880354384
app_id: 4, app_name: pulse_doppler_api-aarch64, task_id: 178, task_name: DASH_ZIP, resource_name: cpu2, ref_start_time: 775225880475074, ref_stop_time: 775225880498834, actual_exe_time: 23760, task_app_start_time:775225802583541, task_sched_time:775225880468954
app_id: 1, app_name: TX_api-aarch64, task_id: 20, task_name: DASH_FFT, resource_name: fft1, ref_start_time: 775225882973354, ref_stop_time: 775225883011904, actual_exe_time: 38550, task_app_start_time:775225822339865, task_sched_time:775225882961954
app_id: 4, app_name: pulse_doppler_api-aarch64, task_id: 179, task_name: DASH_FFT, resource_name: cpu3, ref_start_time: 775225883709614, ref_stop_time: 775225883732384, actual_exe_time: 22770, task_app_start_time:775225802583541, task_sched_time:775225880583914
app_id: 2, app_name: TX_api-aarch64, task_id: 20, task_name: DASH_FFT, resource_name: cpu1, ref_start_time: 775225885843185, ref_stop_time: 775225885865265, actual_exe_time: 22080, task_app_start_time:775225832344986, task_sched_time:775225885836945
app_id: 4, app_name: pulse_doppler_api-aarch64, task_id: 180, task_name: DASH_FFT, resource_name: cpu2, ref_start_time: 775225885953945, ref_stop_time: 775225885978335, actual_exe_time: 24390, task_app_start_time:775225802583541, task_sched_time:775225885945575
app_id: 4, app_name: pulse_doppler_api-aarch64, task_id: 181, task_name: DASH_FFT, resource_name: cpu3, ref_start_time: 775225886012625, ref_stop_time: 775225886032935, actual_exe_time: 20310, task_app_start_time:775225802583541, task_sched_time:775225886001615
app_id: 4, app_name: pulse_doppler_api-aarch64, task_id: 182, task_name: DASH_ZIP, resource_name: zip1, ref_start_time: 775225886065785, ref_stop_time: 775225886105055, actual_exe_time: 39270, task_app_start_time:775225802583541, task_sched_time:775225886063085
app_id: 4, app_name: pulse_doppler_api-aarch64, task_id: 183, task_name: DASH_FFT, resource_name: cpu1, ref_start_time: 775225886143695, ref_stop_time: 775225886164935, actual_exe_time: 21240, task_app_start_time:775225802583541, task_sched_time:775225886132655
app_id: 4, app_name: pulse_doppler_api-aarch64, task_id: 184, task_name: DASH_FFT, resource_name: cpu2, ref_start_time: 775225886263185, ref_stop_time: 775225886287065, actual_exe_time: 23880, task_app_start_time:775225802583541, task_sched_time:775225886254515
app_id: 4, app_name: pulse_doppler_api-aarch64, task_id: 185, task_name: DASH_FFT, resource_name: cpu3, ref_start_time: 775225886312925, ref_stop_time: 775225886332845, actual_exe_time: 19920, task_app_start_time:775225802583541, task_sched_time:775225886310405
app_id: 4, app_name: pulse_doppler_api-aarch64, task_id: 186, task_name: DASH_ZIP, resource_name: zip1, ref_start_time: 775225886366175, ref_stop_time: 775225886404515, actual_exe_time: 38340, task_app_start_time:775225802583541, task_sched_time:775225886363205
app_id: 4, app_name: pulse_doppler_api-aarch64, task_id: 187, task_name: DASH_FFT, resource_name: cpu1, ref_start_time: 775225886446695, ref_stop_time: 775225886467545, actual_exe_time: 20850, task_app_start_time:775225802583541, task_sched_time:775225886430495
app_id: 4, app_name: pulse_doppler_api-aarch64, task_id: 188, task_name: DASH_FFT, resource_name: cpu2, ref_start_time: 775225886553015, ref_stop_time: 775225886576565, actual_exe_time: 23550, task_app_start_time:775225802583541, task_sched_time:775225886546985
app_id: 4, app_name: pulse_doppler_api-aarch64, task_id: 189, task_name: DASH_FFT, resource_name: cpu3, ref_start_time: 775225886613225, ref_stop_time: 775225886633085, actual_exe_time: 19860, task_app_start_time:775225802583541, task_sched_time:775225886601015
app_id: 4, app_name: pulse_doppler_api-aarch64, task_id: 190, task_name: DASH_ZIP, resource_name: zip1, ref_start_time: 775225886664795, ref_stop_time: 775225886703795, actual_exe_time: 39000, task_app_start_time:775225802583541, task_sched_time:775225886661645
app_id: 4, app_name: pulse_doppler_api-aarch64, task_id: 191, task_name: DASH_FFT, resource_name: cpu1, ref_start_time: 775225886741115, ref_stop_time: 775225886761965, actual_exe_time: 20850, task_app_start_time:775225802583541, task_sched_time:775225886729535
app_id: 4, app_name: pulse_doppler_api-aarch64, task_id: 192, task_name: DASH_FFT, resource_name: cpu2, ref_start_time: 775225886857305, ref_stop_time: 775225886895975, actual_exe_time: 38670, task_app_start_time:775225802583541, task_sched_time:775225886849025
app_id: 4, app_name: pulse_doppler_api-aarch64, task_id: 193, task_name: DASH_FFT, resource_name: cpu3, ref_start_time: 775225886927565, ref_stop_time: 775225886947365, actual_exe_time: 19800, task_app_start_time:775225802583541, task_sched_time:775225886920095
app_id: 4, app_name: pulse_doppler_api-aarch64, task_id: 194, task_name: DASH_ZIP, resource_name: zip1, ref_start_time: 775225886977185, ref_stop_time: 775225887016125, actual_exe_time: 38940, task_app_start_time:775225802583541, task_sched_time:775225886974935
app_id: 4, app_name: pulse_doppler_api-aarch64, task_id: 195, task_name: DASH_FFT, resource_name: cpu1, ref_start_time: 775225887054465, ref_stop_time: 775225887075315, actual_exe_time: 20850, task_app_start_time:775225802583541, task_sched_time:775225887043845
app_id: 4, app_name: pulse_doppler_api-aarch64, task_id: 196, task_name: DASH_FFT, resource_name: cpu2, ref_start_time: 775225887161295, ref_stop_time: 775225887184815, actual_exe_time: 23520, task_app_start_time:775225802583541, task_sched_time:775225887152535
app_id: 4, app_name: pulse_doppler_api-aarch64, task_id: 197, task_name: DASH_FFT, resource_name: cpu3, ref_start_time: 775225887218865, ref_stop_time: 775225887238575, actual_exe_time: 19710, task_app_start_time:775225802583541, task_sched_time:775225887210645
app_id: 4, app_name: pulse_doppler_api-aarch64, task_id: 198, task_name: DASH_ZIP, resource_name: zip1, ref_start_time: 775225887285345, ref_stop_time: 775225887323655, actual_exe_time: 38310, task_app_start_time:775225802583541, task_sched_time:775225887282675
app_id: 4, app_name: pulse_doppler_api-aarch64, task_id: 199, task_name: DASH_FFT, resource_name: cpu1, ref_start_time: 775225887432045, ref_stop_time: 775225887452835, actual_exe_time: 20790, task_app_start_time:775225802583541, task_sched_time:775225887416595
app_id: 4, app_name: pulse_doppler_api-aarch64, task_id: 200, task_name: DASH_FFT, resource_name: cpu2, ref_start_time: 775225887613245, ref_stop_time: 775225887637245, actual_exe_time: 24000, task_app_start_time:775225802583541, task_sched_time:775225887604935
app_id: 4, app_name: pulse_doppler_api-aarch64, task_id: 201, task_name: DASH_FFT, resource_name: cpu3, ref_start_time: 775225887934275, ref_stop_time: 775225887954585, actual_exe_time: 20310, task_app_start_time:775225802583541, task_sched_time:775225887931155
app_id: 4, app_name: pulse_doppler_api-aarch64, task_id: 202, task_name: DASH_ZIP, resource_name: zip1, ref_start_time: 775225888052475, ref_stop_time: 775225888091595, actual_exe_time: 39120, task_app_start_time:775225802583541, task_sched_time:775225888049025
app_id: 4, app_name: pulse_doppler_api-aarch64, task_id: 203, task_name: DASH_FFT, resource_name: cpu1, ref_start_time: 775225888189365, ref_stop_time: 775225888211085, actual_exe_time: 21720, task_app_start_time:775225802583541, task_sched_time:775225888182825
app_id: 4, app_name: pulse_doppler_api-aarch64, task_id: 204, task_name: DASH_FFT, resource_name: cpu2, ref_start_time: 775225888354455, ref_stop_time: 775225888377945, actual_exe_time: 23490, task_app_start_time:775225802583541, task_sched_time:775225888348515
app_id: 4, app_name: pulse_doppler_api-aarch64, task_id: 205, task_name: DASH_FFT, resource_name: cpu3, ref_start_time: 775225888622775, ref_stop_time: 775225888642665, actual_exe_time: 19890, task_app_start_time:775225802583541, task_sched_time:775225888614915
app_id: 4, app_name: pulse_doppler_api-aarch64, task_id: 206, task_name: DASH_ZIP, resource_name: zip1, ref_start_time: 775225888735785, ref_stop_time: 775225888775055, actual_exe_time: 39270, task_app_start_time:775225802583541, task_sched_time:775225888733445
app_id: 3, app_name: TX_api-aarch64, task_id: 18, task_name: DASH_FFT, resource_name: fft2, ref_start_time: 775225888798995, ref_stop_time: 775225888834575, actual_exe_time: 35580, task_app_start_time:775225842345218, task_sched_time:775225883700284
app_id: 4, app_name: pulse_doppler_api-aarch64, task_id: 207, task_name: DASH_FFT, resource_name: cpu1, ref_start_time: 775225888881945, ref_stop_time: 775225888902885, actual_exe_time: 20940, task_app_start_time:775225802583541, task_sched_time:775225888864635
app_id: 4, app_name: pulse_doppler_api-aarch64, task_id: 208, task_name: DASH_FFT, resource_name: cpu3, ref_start_time: 775225889060865, ref_stop_time: 775225889081865, actual_exe_time: 21000, task_app_start_time:775225802583541, task_sched_time:775225889054925
app_id: 3, app_name: TX_api-aarch64, task_id: 19, task_name: DASH_FFT, resource_name: cpu2, ref_start_time: 775225889069175, ref_stop_time: 775225889096805, actual_exe_time: 27630, task_app_start_time:775225842345218, task_sched_time:775225888977585
app_id: 4, app_name: pulse_doppler_api-aarch64, task_id: 209, task_name: DASH_FFT, resource_name: fft1, ref_start_time: 775225889390115, ref_stop_time: 775225889415585, actual_exe_time: 25470, task_app_start_time:775225802583541, task_sched_time:775225889378445
app_id: 1, app_name: TX_api-aarch64, task_id: 21, task_name: DASH_FFT, resource_name: cpu1, ref_start_time: 775225889730435, ref_stop_time: 775225889754885, actual_exe_time: 24450, task_app_start_time:775225822339865, task_sched_time:775225889713905
app_id: 1, app_name: TX_api-aarch64, task_id: 22, task_name: DASH_FFT, resource_name: cpu2, ref_start_time: 775225890291915, ref_stop_time: 775225890313996, actual_exe_time: 22081, task_app_start_time:775225822339865, task_sched_time:775225890284715
app_id: 2, app_name: TX_api-aarch64, task_id: 21, task_name: DASH_FFT, resource_name: fft1, ref_start_time: 775225894852846, ref_stop_time: 775225894888666, actual_exe_time: 35820, task_app_start_time:775225832344986, task_sched_time:775225894846246
app_id: 0, app_name: TX_api-aarch64, task_id: 30, task_name: DASH_FFT, resource_name: fft2, ref_start_time: 775225895035576, ref_stop_time: 775225895071996, actual_exe_time: 36420, task_app_start_time:775225812328473, task_sched_time:775225895031256
app_id: 1, app_name: TX_api-aarch64, task_id: 23, task_name: DASH_FFT, resource_name: cpu3, ref_start_time: 775225895067256, ref_stop_time: 775225895095726, actual_exe_time: 28470, task_app_start_time:775225822339865, task_sched_time:775225890842746
app_id: 2, app_name: TX_api-aarch64, task_id: 22, task_name: DASH_FFT, resource_name: cpu1, ref_start_time: 775225895299516, ref_stop_time: 775225895321296, actual_exe_time: 21780, task_app_start_time:775225832344986, task_sched_time:775225895291746
app_id: 2, app_name: TX_api-aarch64, task_id: 23, task_name: DASH_FFT, resource_name: cpu2, ref_start_time: 775225895735086, ref_stop_time: 775225895759146, actual_exe_time: 24060, task_app_start_time:775225832344986, task_sched_time:775225895724436
app_id: 1, app_name: TX_api-aarch64, task_id: 24, task_name: DASH_FFT, resource_name: cpu3, ref_start_time: 775225895874826, ref_stop_time: 775225895896006, actual_exe_time: 21180, task_app_start_time:775225822339865, task_sched_time:775225895871046
app_id: 1, app_name: TX_api-aarch64, task_id: 25, task_name: DASH_FFT, resource_name: fft2, ref_start_time: 775225896260716, ref_stop_time: 775225896295816, actual_exe_time: 35100, task_app_start_time:775225822339865, task_sched_time:775225896257056
app_id: 2, app_name: TX_api-aarch64, task_id: 24, task_name: DASH_FFT, resource_name: fft1, ref_start_time: 775225896270316, ref_stop_time: 775225896310996, actual_exe_time: 40680, task_app_start_time:775225832344986, task_sched_time:775225896151396
app_id: 4, app_name: pulse_doppler_api-aarch64, task_id: 210, task_name: DASH_ZIP, resource_name: zip1, ref_start_time: 775225896783377, ref_stop_time: 775225896822287, actual_exe_time: 38910, task_app_start_time:775225802583541, task_sched_time:775225889506515
app_id: 1, app_name: TX_api-aarch64, task_id: 26, task_name: DASH_FFT, resource_name: cpu2, ref_start_time: 775225896838547, ref_stop_time: 775225896860447, actual_exe_time: 21900, task_app_start_time:775225822339865, task_sched_time:775225896828077
app_id: 2, app_name: TX_api-aarch64, task_id: 25, task_name: DASH_FFT, resource_name: cpu1, ref_start_time: 775225896842597, ref_stop_time: 775225896869927, actual_exe_time: 27330, task_app_start_time:775225832344986, task_sched_time:775225896704777
app_id: 1, app_name: TX_api-aarch64, task_id: 27, task_name: DASH_FFT, resource_name: fft2, ref_start_time: 775225897397807, ref_stop_time: 775225897433387, actual_exe_time: 35580, task_app_start_time:775225822339865, task_sched_time:775225897390037
app_id: 2, app_name: TX_api-aarch64, task_id: 26, task_name: DASH_FFT, resource_name: fft1, ref_start_time: 775225897408547, ref_stop_time: 775225897449377, actual_exe_time: 40830, task_app_start_time:775225832344986, task_sched_time:775225897257557
app_id: 1, app_name: TX_api-aarch64, task_id: 28, task_name: DASH_FFT, resource_name: cpu2, ref_start_time: 775225897964717, ref_stop_time: 775225897986857, actual_exe_time: 22140, task_app_start_time:775225822339865, task_sched_time:775225897961417
app_id: 2, app_name: TX_api-aarch64, task_id: 27, task_name: DASH_FFT, resource_name: cpu1, ref_start_time: 775225897973477, ref_stop_time: 775225898000567, actual_exe_time: 27090, task_app_start_time:775225832344986, task_sched_time:775225897846127
app_id: 1, app_name: TX_api-aarch64, task_id: 29, task_name: DASH_FFT, resource_name: fft1, ref_start_time: 775225898528387, ref_stop_time: 775225898566337, actual_exe_time: 37950, task_app_start_time:775225822339865, task_sched_time:775225898517797
app_id: 4, app_name: pulse_doppler_api-aarch64, task_id: 211, task_name: DASH_FFT, resource_name: cpu3, ref_start_time: 775225899574517, ref_stop_time: 775225899597107, actual_exe_time: 22590, task_app_start_time:775225802583541, task_sched_time:775225896896627
app_id: 2, app_name: TX_api-aarch64, task_id: 28, task_name: DASH_FFT, resource_name: cpu3, ref_start_time: 775225899605297, ref_stop_time: 775225899626027, actual_exe_time: 20730, task_app_start_time:775225832344986, task_sched_time:775225898396267
app_id: 4, app_name: pulse_doppler_api-aarch64, task_id: 212, task_name: DASH_FFT, resource_name: fft2, ref_start_time: 775225899748397, ref_stop_time: 775225899776987, actual_exe_time: 28590, task_app_start_time:775225802583541, task_sched_time:775225899689807
app_id: 2, app_name: TX_api-aarch64, task_id: 29, task_name: DASH_FFT, resource_name: cpu2, ref_start_time: 775225900091177, ref_stop_time: 775225900115447, actual_exe_time: 24270, task_app_start_time:775225832344986, task_sched_time:775225900080797
app_id: 0, app_name: TX_api-aarch64, task_id: 31, task_name: DASH_FFT, resource_name: cpu3, ref_start_time: 775225905116808, ref_stop_time: 775225905141948, actual_exe_time: 25140, task_app_start_time:775225812328473, task_sched_time:775225905108768
app_id: 4, app_name: pulse_doppler_api-aarch64, task_id: 213, task_name: DASH_FFT, resource_name: cpu1, ref_start_time: 775225905118098, ref_stop_time: 775225905139938, actual_exe_time: 21840, task_app_start_time:775225802583541, task_sched_time:775225899888767
app_id: 4, app_name: pulse_doppler_api-aarch64, task_id: 214, task_name: DASH_ZIP, resource_name: zip1, ref_start_time: 775225905232428, ref_stop_time: 775225905271458, actual_exe_time: 39030, task_app_start_time:775225802583541, task_sched_time:775225905229428
app_id: 4, app_name: pulse_doppler_api-aarch64, task_id: 215, task_name: DASH_FFT, resource_name: cpu1, ref_start_time: 775225905374328, ref_stop_time: 775225905395658, actual_exe_time: 21330, task_app_start_time:775225802583541, task_sched_time:775225905372018
app_id: 4, app_name: pulse_doppler_api-aarch64, task_id: 216, task_name: DASH_FFT, resource_name: cpu2, ref_start_time: 775225905551598, ref_stop_time: 775225905575688, actual_exe_time: 24090, task_app_start_time:775225802583541, task_sched_time:775225905536178
app_id: 0, app_name: TX_api-aarch64, task_id: 32, task_name: DASH_FFT, resource_name: cpu3, ref_start_time: 775225905685278, ref_stop_time: 775225905709788, actual_exe_time: 24510, task_app_start_time:775225812328473, task_sched_time:775225905673488
app_id: 4, app_name: pulse_doppler_api-aarch64, task_id: 217, task_name: DASH_FFT, resource_name: fft1, ref_start_time: 775225905855498, ref_stop_time: 775225905881208, actual_exe_time: 25710, task_app_start_time:775225802583541, task_sched_time:775225905839748
app_id: 4, app_name: pulse_doppler_api-aarch64, task_id: 218, task_name: DASH_ZIP, resource_name: zip1, ref_start_time: 775225905975678, ref_stop_time: 775225906015158, actual_exe_time: 39480, task_app_start_time:775225802583541, task_sched_time:775225905967638
app_id: 4, app_name: pulse_doppler_api-aarch64, task_id: 219, task_name: DASH_FFT, resource_name: cpu1, ref_start_time: 775225906109298, ref_stop_time: 775225906130328, actual_exe_time: 21030, task_app_start_time:775225802583541, task_sched_time:775225906105938
app_id: 4, app_name: pulse_doppler_api-aarch64, task_id: 220, task_name: DASH_FFT, resource_name: cpu3, ref_start_time: 775225906269588, ref_stop_time: 775225906290738, actual_exe_time: 21150, task_app_start_time:775225802583541, task_sched_time:775225906262778
app_id: 0, app_name: TX_api-aarch64, task_id: 33, task_name: DASH_FFT, resource_name: cpu2, ref_start_time: 775225906273638, ref_stop_time: 775225906301268, actual_exe_time: 27630, task_app_start_time:775225812328473, task_sched_time:775225906235478
app_id: 4, app_name: pulse_doppler_api-aarch64, task_id: 221, task_name: DASH_FFT, resource_name: fft1, ref_start_time: 775225906541118, ref_stop_time: 775225906566438, actual_exe_time: 25320, task_app_start_time:775225802583541, task_sched_time:775225906533408
app_id: 4, app_name: pulse_doppler_api-aarch64, task_id: 222, task_name: DASH_ZIP, resource_name: zip1, ref_start_time: 775225906657758, ref_stop_time: 775225906696818, actual_exe_time: 39060, task_app_start_time:775225802583541, task_sched_time:775225906654248
app_id: 4, app_name: pulse_doppler_api-aarch64, task_id: 223, task_name: DASH_FFT, resource_name: cpu1, ref_start_time: 775225906793118, ref_stop_time: 775225906814028, actual_exe_time: 20910, task_app_start_time:775225802583541, task_sched_time:775225906789698
app_id: 0, app_name: TX_api-aarch64, task_id: 34, task_name: DASH_FFT, resource_name: cpu2, ref_start_time: 775225906852398, ref_stop_time: 775225906874148, actual_exe_time: 21750, task_app_start_time:775225812328473, task_sched_time:775225906841118
app_id: 4, app_name: pulse_doppler_api-aarch64, task_id: 224, task_name: DASH_FFT, resource_name: cpu3, ref_start_time: 775225906961928, ref_stop_time: 775225906982868, actual_exe_time: 20940, task_app_start_time:775225802583541, task_sched_time:775225906958298
app_id: 4, app_name: pulse_doppler_api-aarch64, task_id: 225, task_name: DASH_FFT, resource_name: fft1, ref_start_time: 775225907260998, ref_stop_time: 775225907286018, actual_exe_time: 25020, task_app_start_time:775225802583541, task_sched_time:775225907248548
app_id: 0, app_name: TX_api-aarch64, task_id: 35, task_name: DASH_FFT, resource_name: cpu1, ref_start_time: 775225907411208, ref_stop_time: 775225907432088, actual_exe_time: 20880, task_app_start_time:775225812328473, task_sched_time:775225907407818
app_id: 4, app_name: pulse_doppler_api-aarch64, task_id: 226, task_name: DASH_ZIP, resource_name: zip1, ref_start_time: 775225907415468, ref_stop_time: 775225907457318, actual_exe_time: 41850, task_app_start_time:775225802583541, task_sched_time:775225907377368
app_id: 4, app_name: pulse_doppler_api-aarch64, task_id: 227, task_name: DASH_FFT, resource_name: cpu2, ref_start_time: 775225907550648, ref_stop_time: 775225907584788, actual_exe_time: 34140, task_app_start_time:775225802583541, task_sched_time:775225907543358
app_id: 4, app_name: pulse_doppler_api-aarch64, task_id: 228, task_name: DASH_FFT, resource_name: cpu3, ref_start_time: 775225909046929, ref_stop_time: 775225909068649, actual_exe_time: 21720, task_app_start_time:775225802583541, task_sched_time:775225907717058
app_id: 3, app_name: TX_api-aarch64, task_id: 20, task_name: DASH_FFT, resource_name: fft1, ref_start_time: 775225909048519, ref_stop_time: 775225909083889, actual_exe_time: 35370, task_app_start_time:775225842345218, task_sched_time:775225909031479
app_id: 0, app_name: TX_api-aarch64, task_id: 36, task_name: DASH_FFT, resource_name: fft2, ref_start_time: 775225909233469, ref_stop_time: 775225909268599, actual_exe_time: 35130, task_app_start_time:775225812328473, task_sched_time:775225909227529
app_id: 4, app_name: pulse_doppler_api-aarch64, task_id: 229, task_name: DASH_FFT, resource_name: cpu1, ref_start_time: 775225909321909, ref_stop_time: 775225909342219, actual_exe_time: 20310, task_app_start_time:775225802583541, task_sched_time:775225909318339
app_id: 4, app_name: pulse_doppler_api-aarch64, task_id: 230, task_name: DASH_ZIP, resource_name: cpu3, ref_start_time: 775225909433899, ref_stop_time: 775225909455529, actual_exe_time: 21630, task_app_start_time:775225802583541, task_sched_time:775225909431259
app_id: 0, app_name: TX_api-aarch64, task_id: 37, task_name: DASH_FFT, resource_name: cpu2, ref_start_time: 775225909441639, ref_stop_time: 775225909469149, actual_exe_time: 27510, task_app_start_time:775225812328473, task_sched_time:775225909407199
app_id: 4, app_name: pulse_doppler_api-aarch64, task_id: 231, task_name: DASH_FFT, resource_name: fft1, ref_start_time: 775225909561279, ref_stop_time: 775225909595749, actual_exe_time: 34470, task_app_start_time:775225802583541, task_sched_time:775225909545949
app_id: 0, app_name: TX_api-aarch64, task_id: 38, task_name: DASH_FFT, resource_name: fft2, ref_start_time: 775225909616449, ref_stop_time: 775225909651759, actual_exe_time: 35310, task_app_start_time:775225812328473, task_sched_time:775225909608079
app_id: 4, app_name: pulse_doppler_api-aarch64, task_id: 232, task_name: DASH_FFT, resource_name: cpu1, ref_start_time: 775225909752319, ref_stop_time: 775225909772329, actual_exe_time: 20010, task_app_start_time:775225802583541, task_sched_time:775225909738279
app_id: 0, app_name: TX_api-aarch64, task_id: 39, task_name: DASH_FFT, resource_name: cpu2, ref_start_time: 775225909790719, ref_stop_time: 775225909812739, actual_exe_time: 22020, task_app_start_time:775225812328473, task_sched_time:775225909788199
app_id: 4, app_name: pulse_doppler_api-aarch64, task_id: 233, task_name: DASH_FFT, resource_name: cpu3, ref_start_time: 775225910035639, ref_stop_time: 775225910056819, actual_exe_time: 21180, task_app_start_time:775225802583541, task_sched_time:775225910033119
app_id: 3, app_name: TX_api-aarch64, task_id: 21, task_name: DASH_FFT, resource_name: cpu1, ref_start_time: 775225915710170, ref_stop_time: 775225915731980, actual_exe_time: 21810, task_app_start_time:775225842345218, task_sched_time:775225915703810
app_id: 3, app_name: TX_api-aarch64, task_id: 22, task_name: DASH_FFT, resource_name: cpu2, ref_start_time: 775225915873130, ref_stop_time: 775225915895570, actual_exe_time: 22440, task_app_start_time:775225842345218, task_sched_time:775225915870070
app_id: 3, app_name: TX_api-aarch64, task_id: 23, task_name: DASH_FFT, resource_name: cpu3, ref_start_time: 775225916039660, ref_stop_time: 775225916064710, actual_exe_time: 25050, task_app_start_time:775225842345218, task_sched_time:775225916031500
app_id: 3, app_name: TX_api-aarch64, task_id: 24, task_name: DASH_FFT, resource_name: fft1, ref_start_time: 775225916213180, ref_stop_time: 775225916248220, actual_exe_time: 35040, task_app_start_time:775225842345218, task_sched_time:775225916198690
app_id: 3, app_name: TX_api-aarch64, task_id: 25, task_name: DASH_FFT, resource_name: fft2, ref_start_time: 775225916668220, ref_stop_time: 775225916703140, actual_exe_time: 34920, task_app_start_time:775225842345218, task_sched_time:775225916386640
app_id: 3, app_name: TX_api-aarch64, task_id: 26, task_name: DASH_FFT, resource_name: cpu1, ref_start_time: 775225916846930, ref_stop_time: 775225916868080, actual_exe_time: 21150, task_app_start_time:775225842345218, task_sched_time:775225916843720
app_id: 3, app_name: TX_api-aarch64, task_id: 27, task_name: DASH_FFT, resource_name: cpu2, ref_start_time: 775225917010250, ref_stop_time: 775225917031460, actual_exe_time: 21210, task_app_start_time:775225842345218, task_sched_time:775225917004790
app_id: 3, app_name: TX_api-aarch64, task_id: 28, task_name: DASH_FFT, resource_name: cpu3, ref_start_time: 775225917461240, ref_stop_time: 775225917486050, actual_exe_time: 24810, task_app_start_time:775225842345218, task_sched_time:775225917452870
app_id: 4, app_name: pulse_doppler_api-aarch64, task_id: 234, task_name: DASH_ZIP, resource_name: zip1, ref_start_time: 775225919245790, ref_stop_time: 775225919285990, actual_exe_time: 40200, task_app_start_time:775225802583541, task_sched_time:775225910150269
app_id: 4, app_name: pulse_doppler_api-aarch64, task_id: 235, task_name: DASH_FFT, resource_name: fft2, ref_start_time: 775225919383970, ref_stop_time: 775225919422550, actual_exe_time: 38580, task_app_start_time:775225802583541, task_sched_time:775225919377940
app_id: 3, app_name: TX_api-aarch64, task_id: 29, task_name: DASH_FFT, resource_name: fft1, ref_start_time: 775225919404340, ref_stop_time: 775225919440280, actual_exe_time: 35940, task_app_start_time:775225842345218, task_sched_time:775225918013420
app_id: 4, app_name: pulse_doppler_api-aarch64, task_id: 236, task_name: DASH_FFT, resource_name: cpu1, ref_start_time: 775225920063980, ref_stop_time: 775225920085310, actual_exe_time: 21330, task_app_start_time:775225802583541, task_sched_time:775225919574110
app_id: 2, app_name: TX_api-aarch64, task_id: 30, task_name: DASH_FFT, resource_name: cpu2, ref_start_time: 775225920376220, ref_stop_time: 775225920401180, actual_exe_time: 24960, task_app_start_time:775225832344986, task_sched_time:775225920367460
app_id: 2, app_name: TX_api-aarch64, task_id: 31, task_name: DASH_FFT, resource_name: fft1, ref_start_time: 775225921157300, ref_stop_time: 775225921192520, actual_exe_time: 35220, task_app_start_time:775225832344986, task_sched_time:775225921145720
app_id: 2, app_name: TX_api-aarch64, task_id: 32, task_name: DASH_FFT, resource_name: fft2, ref_start_time: 775225921596741, ref_stop_time: 775225921634211, actual_exe_time: 37470, task_app_start_time:775225832344986, task_sched_time:775225921591221
app_id: 2, app_name: TX_api-aarch64, task_id: 33, task_name: DASH_FFT, resource_name: cpu1, ref_start_time: 775225922041221, ref_stop_time: 775225922062341, actual_exe_time: 21120, task_app_start_time:775225832344986, task_sched_time:775225922025351
app_id: 2, app_name: TX_api-aarch64, task_id: 34, task_name: DASH_FFT, resource_name: cpu2, ref_start_time: 775225922462601, ref_stop_time: 775225922486541, actual_exe_time: 23940, task_app_start_time:775225832344986, task_sched_time:775225922456781
app_id: 4, app_name: pulse_doppler_api-aarch64, task_id: 237, task_name: DASH_FFT, resource_name: cpu3, ref_start_time: 775225923571461, ref_stop_time: 775225923593691, actual_exe_time: 22230, task_app_start_time:775225802583541, task_sched_time:775225920426530
app_id: 2, app_name: TX_api-aarch64, task_id: 35, task_name: DASH_FFT, resource_name: cpu3, ref_start_time: 775225923598671, ref_stop_time: 775225923619371, actual_exe_time: 20700, task_app_start_time:775225832344986, task_sched_time:775225922878851
app_id: 2, app_name: TX_api-aarch64, task_id: 36, task_name: DASH_FFT, resource_name: cpu1, ref_start_time: 775225924018851, ref_stop_time: 775225924040421, actual_exe_time: 21570, task_app_start_time:775225832344986, task_sched_time:775225924010991
app_id: 2, app_name: TX_api-aarch64, task_id: 37, task_name: DASH_FFT, resource_name: cpu2, ref_start_time: 775225924450491, ref_stop_time: 775225924474461, actual_exe_time: 23970, task_app_start_time:775225832344986, task_sched_time:775225924437381
app_id: 4, app_name: pulse_doppler_api-aarch64, task_id: 238, task_name: DASH_ZIP, resource_name: zip1, ref_start_time: 775225924809501, ref_stop_time: 775225924848201, actual_exe_time: 38700, task_app_start_time:775225802583541, task_sched_time:775225923631551
app_id: 4, app_name: pulse_doppler_api-aarch64, task_id: 239, task_name: DASH_FFT, resource_name: cpu3, ref_start_time: 775225924886391, ref_stop_time: 775225924907151, actual_exe_time: 20760, task_app_start_time:775225802583541, task_sched_time:775225924877661
app_id: 4, app_name: pulse_doppler_api-aarch64, task_id: 240, task_name: DASH_FFT, resource_name: fft1, ref_start_time: 775225925033961, ref_stop_time: 775225925059521, actual_exe_time: 25560, task_app_start_time:775225802583541, task_sched_time:775225925027001
app_id: 2, app_name: TX_api-aarch64, task_id: 38, task_name: DASH_FFT, resource_name: fft2, ref_start_time: 775225925180181, ref_stop_time: 775225925218071, actual_exe_time: 37890, task_app_start_time:775225832344986, task_sched_time:775225925175051
app_id: 1, app_name: TX_api-aarch64, task_id: 30, task_name: DASH_FFT, resource_name: cpu1, ref_start_time: 775225925297331, ref_stop_time: 775225925321361, actual_exe_time: 24030, task_app_start_time:775225822339865, task_sched_time:775225925283201
app_id: 2, app_name: TX_api-aarch64, task_id: 39, task_name: DASH_FFT, resource_name: cpu2, ref_start_time: 775225925414391, ref_stop_time: 775225925439081, actual_exe_time: 24690, task_app_start_time:775225832344986, task_sched_time:775225925401161
app_id: 4, app_name: pulse_doppler_api-aarch64, task_id: 241, task_name: DASH_FFT, resource_name: cpu3, ref_start_time: 775225925478621, ref_stop_time: 775225925498541, actual_exe_time: 19920, task_app_start_time:775225802583541, task_sched_time:775225925464221
app_id: 1, app_name: TX_api-aarch64, task_id: 31, task_name: DASH_FFT, resource_name: fft1, ref_start_time: 775225925481141, ref_stop_time: 775225925519151, actual_exe_time: 38010, task_app_start_time:775225822339865, task_sched_time:775225925472531
app_id: 4, app_name: pulse_doppler_api-aarch64, task_id: 242, task_name: DASH_ZIP, resource_name: zip1, ref_start_time: 775225925532021, ref_stop_time: 775225925570391, actual_exe_time: 38370, task_app_start_time:775225802583541, task_sched_time:775225925528391
app_id: 4, app_name: pulse_doppler_api-aarch64, task_id: 243, task_name: DASH_FFT, resource_name: cpu1, ref_start_time: 775225925605401, ref_stop_time: 775225925626911, actual_exe_time: 21510, task_app_start_time:775225802583541, task_sched_time:775225925596401
app_id: 4, app_name: pulse_doppler_api-aarch64, task_id: 244, task_name: DASH_FFT, resource_name: cpu2, ref_start_time: 775225925750151, ref_stop_time: 775225925773491, actual_exe_time: 23340, task_app_start_time:775225802583541, task_sched_time:775225925739861
app_id: 1, app_name: TX_api-aarch64, task_id: 32, task_name: DASH_FFT, resource_name: cpu3, ref_start_time: 775225926057681, ref_stop_time: 775225926078861, actual_exe_time: 21180, task_app_start_time:775225822339865, task_sched_time:775225926047421
app_id: 1, app_name: TX_api-aarch64, task_id: 33, task_name: DASH_FFT, resource_name: fft1, ref_start_time: 775225926623721, ref_stop_time: 775225926661731, actual_exe_time: 38010, task_app_start_time:775225822339865, task_sched_time:775225926608181
app_id: 4, app_name: pulse_doppler_api-aarch64, task_id: 245, task_name: DASH_FFT, resource_name: cpu1, ref_start_time: 775225931609572, ref_stop_time: 775225931630962, actual_exe_time: 21390, task_app_start_time:775225802583541, task_sched_time:775225931595682
app_id: 4, app_name: pulse_doppler_api-aarch64, task_id: 246, task_name: DASH_ZIP, resource_name: cpu2, ref_start_time: 775225931667382, ref_stop_time: 775225931691862, actual_exe_time: 24480, task_app_start_time:775225802583541, task_sched_time:775225931660242
app_id: 0, app_name: TX_api-aarch64, task_id: 40, task_name: DASH_FFT, resource_name: fft1, ref_start_time: 775225932297022, ref_stop_time: 775225932331852, actual_exe_time: 34830, task_app_start_time:775225812328473, task_sched_time:775225932293932
app_id: 4, app_name: pulse_doppler_api-aarch64, task_id: 247, task_name: DASH_FFT, resource_name: cpu3, ref_start_time: 775225932306112, ref_stop_time: 775225932328642, actual_exe_time: 22530, task_app_start_time:775225802583541, task_sched_time:775225931716822
app_id: 1, app_name: TX_api-aarch64, task_id: 34, task_name: DASH_FFT, resource_name: fft2, ref_start_time: 775225934599763, ref_stop_time: 775225934635733, actual_exe_time: 35970, task_app_start_time:775225822339865, task_sched_time:775225927185111
app_id: 4, app_name: pulse_doppler_api-aarch64, task_id: 248, task_name: DASH_FFT, resource_name: fft2, ref_start_time: 775225934663783, ref_stop_time: 775225934691833, actual_exe_time: 28050, task_app_start_time:775225802583541, task_sched_time:775225932415492
app_id: 4, app_name: pulse_doppler_api-aarch64, task_id: 249, task_name: DASH_FFT, resource_name: cpu1, ref_start_time: 775225934719673, ref_stop_time: 775225934740193, actual_exe_time: 20520, task_app_start_time:775225802583541, task_sched_time:775225934715473
app_id: 4, app_name: pulse_doppler_api-aarch64, task_id: 250, task_name: DASH_ZIP, resource_name: cpu2, ref_start_time: 775225934781623, ref_stop_time: 775225934903963, actual_exe_time: 122340, task_app_start_time:775225802583541, task_sched_time:775225934767493
app_id: 1, app_name: TX_api-aarch64, task_id: 35, task_name: DASH_FFT, resource_name: fft1, ref_start_time: 775225935186653, ref_stop_time: 775225935224123, actual_exe_time: 37470, task_app_start_time:775225822339865, task_sched_time:775225935170183
app_id: 1, app_name: TX_api-aarch64, task_id: 36, task_name: DASH_FFT, resource_name: fft2, ref_start_time: 775225935761723, ref_stop_time: 775225935796403, actual_exe_time: 34680, task_app_start_time:775225822339865, task_sched_time:775225935757673
app_id: 1, app_name: TX_api-aarch64, task_id: 37, task_name: DASH_FFT, resource_name: cpu1, ref_start_time: 775225936336883, ref_stop_time: 775225936361363, actual_exe_time: 24480, task_app_start_time:775225822339865, task_sched_time:775225936329053
app_id: 1, app_name: TX_api-aarch64, task_id: 38, task_name: DASH_FFT, resource_name: cpu2, ref_start_time: 775225936888463, ref_stop_time: 775225936910723, actual_exe_time: 22260, task_app_start_time:775225822339865, task_sched_time:775225936884653
app_id: 3, app_name: TX_api-aarch64, task_id: 30, task_name: DASH_FFT, resource_name: fft1, ref_start_time: 775225937495003, ref_stop_time: 775225937531093, actual_exe_time: 36090, task_app_start_time:775225842345218, task_sched_time:775225937488553
app_id: 4, app_name: pulse_doppler_api-aarch64, task_id: 251, task_name: DASH_FFT, resource_name: cpu3, ref_start_time: 775225937506523, ref_stop_time: 775225937528843, actual_exe_time: 22320, task_app_start_time:775225802583541, task_sched_time:775225934894273
app_id: 4, app_name: pulse_doppler_api-aarch64, task_id: 252, task_name: DASH_FFT, resource_name: fft2, ref_start_time: 775225937617073, ref_stop_time: 775225937644913, actual_exe_time: 27840, task_app_start_time:775225802583541, task_sched_time:775225937609243
app_id: 4, app_name: pulse_doppler_api-aarch64, task_id: 253, task_name: DASH_FFT, resource_name: cpu1, ref_start_time: 775225937682263, ref_stop_time: 775225937703053, actual_exe_time: 20790, task_app_start_time:775225802583541, task_sched_time:775225937671253
app_id: 1, app_name: TX_api-aarch64, task_id: 39, task_name: DASH_FFT, resource_name: cpu3, ref_start_time: 775225937687753, ref_stop_time: 775225937709773, actual_exe_time: 22020, task_app_start_time:775225822339865, task_sched_time:775225937442023
app_id: 4, app_name: pulse_doppler_api-aarch64, task_id: 254, task_name: DASH_ZIP, resource_name: cpu3, ref_start_time: 775225937738963, ref_stop_time: 775225937759963, actual_exe_time: 21000, task_app_start_time:775225802583541, task_sched_time:775225937735483
app_id: 0, app_name: TX_api-aarch64, task_id: 41, task_name: DASH_FFT, resource_name: cpu2, ref_start_time: 775225937740853, ref_stop_time: 775225937983133, actual_exe_time: 242280, task_app_start_time:775225812328473, task_sched_time:775225937719403
app_id: 4, app_name: pulse_doppler_api-aarch64, task_id: 255, task_name: DASH_FFT, resource_name: fft1, ref_start_time: 775225937791613, ref_stop_time: 775225937826593, actual_exe_time: 34980, task_app_start_time:775225802583541, task_sched_time:775225937784923
app_id: 4, app_name: pulse_doppler_api-aarch64, task_id: 256, task_name: DASH_FFT, resource_name: fft2, ref_start_time: 775225937921543, ref_stop_time: 775225937949713, actual_exe_time: 28170, task_app_start_time:775225802583541, task_sched_time:775225937914523
app_id: 4, app_name: pulse_doppler_api-aarch64, task_id: 257, task_name: DASH_FFT, resource_name: cpu1, ref_start_time: 775225937981933, ref_stop_time: 775225938002183, actual_exe_time: 20250, task_app_start_time:775225802583541, task_sched_time:775225937974913
app_id: 4, app_name: pulse_doppler_api-aarch64, task_id: 258, task_name: DASH_ZIP, resource_name: cpu2, ref_start_time: 775225938038243, ref_stop_time: 775225938162893, actual_exe_time: 124650, task_app_start_time:775225802583541, task_sched_time:775225938030353
app_id: 0, app_name: TX_api-aarch64, task_id: 42, task_name: DASH_FFT, resource_name: cpu3, ref_start_time: 775225938127523, ref_stop_time: 775225938152063, actual_exe_time: 24540, task_app_start_time:775225812328473, task_sched_time:775225938121583
app_id: 0, app_name: TX_api-aarch64, task_id: 43, task_name: DASH_FFT, resource_name: fft2, ref_start_time: 775225938311573, ref_stop_time: 775225938347033, actual_exe_time: 35460, task_app_start_time:775225812328473, task_sched_time:775225938308633
app_id: 4, app_name: pulse_doppler_api-aarch64, task_id: 259, task_name: DASH_FFT, resource_name: fft1, ref_start_time: 775225939727483, ref_stop_time: 775225939763333, actual_exe_time: 35850, task_app_start_time:775225802583541, task_sched_time:775225938151943
app_id: 4, app_name: pulse_doppler_api-aarch64, task_id: 260, task_name: DASH_FFT, resource_name: cpu2, ref_start_time: 775225939863023, ref_stop_time: 775225939992113, actual_exe_time: 129090, task_app_start_time:775225802583541, task_sched_time:775225939855613
app_id: 4, app_name: pulse_doppler_api-aarch64, task_id: 261, task_name: DASH_FFT, resource_name: cpu3, ref_start_time: 775225939985243, ref_stop_time: 775225940006483, actual_exe_time: 21240, task_app_start_time:775225802583541, task_sched_time:775225939979063
app_id: 4, app_name: pulse_doppler_api-aarch64, task_id: 262, task_name: DASH_ZIP, resource_name: zip1, ref_start_time: 775225940039664, ref_stop_time: 775225940080404, actual_exe_time: 40740, task_app_start_time:775225802583541, task_sched_time:775225940036304
app_id: 0, app_name: TX_api-aarch64, task_id: 44, task_name: DASH_FFT, resource_name: cpu1, ref_start_time: 775225940070744, ref_stop_time: 775225940093964, actual_exe_time: 23220, task_app_start_time:775225812328473, task_sched_time:775225938485873
app_id: 4, app_name: pulse_doppler_api-aarch64, task_id: 263, task_name: DASH_FFT, resource_name: cpu1, ref_start_time: 775225940139204, ref_stop_time: 775225940160624, actual_exe_time: 21420, task_app_start_time:775225802583541, task_sched_time:775225940136714
app_id: 0, app_name: TX_api-aarch64, task_id: 45, task_name: DASH_FFT, resource_name: cpu2, ref_start_time: 775225940258274, ref_stop_time: 775225940392134, actual_exe_time: 133860, task_app_start_time:775225812328473, task_sched_time:775225940238324
app_id: 4, app_name: pulse_doppler_api-aarch64, task_id: 264, task_name: DASH_FFT, resource_name: cpu3, ref_start_time: 775225940260224, ref_stop_time: 775225940286474, actual_exe_time: 26250, task_app_start_time:775225802583541, task_sched_time:775225940249514
app_id: 4, app_name: pulse_doppler_api-aarch64, task_id: 265, task_name: DASH_FFT, resource_name: fft1, ref_start_time: 775225940322594, ref_stop_time: 775225940348034, actual_exe_time: 25440, task_app_start_time:775225802583541, task_sched_time:775225940310654
app_id: 4, app_name: pulse_doppler_api-aarch64, task_id: 266, task_name: DASH_ZIP, resource_name: zip1, ref_start_time: 775225940382144, ref_stop_time: 775225940420964, actual_exe_time: 38820, task_app_start_time:775225802583541, task_sched_time:775225940376234
app_id: 4, app_name: pulse_doppler_api-aarch64, task_id: 267, task_name: DASH_FFT, resource_name: cpu1, ref_start_time: 775225940451504, ref_stop_time: 775225940472384, actual_exe_time: 20880, task_app_start_time:775225802583541, task_sched_time:775225940447304
app_id: 4, app_name: pulse_doppler_api-aarch64, task_id: 268, task_name: DASH_FFT, resource_name: cpu2, ref_start_time: 775225940560224, ref_stop_time: 775225940688204, actual_exe_time: 127980, task_app_start_time:775225802583541, task_sched_time:775225940552934
app_id: 0, app_name: TX_api-aarch64, task_id: 46, task_name: DASH_FFT, resource_name: cpu3, ref_start_time: 775225940668824, ref_stop_time: 775225940693724, actual_exe_time: 24900, task_app_start_time:775225812328473, task_sched_time:775225940655294
app_id: 4, app_name: pulse_doppler_api-aarch64, task_id: 269, task_name: DASH_FFT, resource_name: fft1, ref_start_time: 775225940691714, ref_stop_time: 775225940716464, actual_exe_time: 24750, task_app_start_time:775225802583541, task_sched_time:775225940676594
app_id: 4, app_name: pulse_doppler_api-aarch64, task_id: 270, task_name: DASH_ZIP, resource_name: zip1, ref_start_time: 775225940753604, ref_stop_time: 775225940793114, actual_exe_time: 39510, task_app_start_time:775225802583541, task_sched_time:775225940750454
app_id: 4, app_name: pulse_doppler_api-aarch64, task_id: 271, task_name: DASH_FFT, resource_name: cpu1, ref_start_time: 775225940821794, ref_stop_time: 775225940842554, actual_exe_time: 20760, task_app_start_time:775225802583541, task_sched_time:775225940819064
app_id: 4, app_name: pulse_doppler_api-aarch64, task_id: 272, task_name: DASH_FFT, resource_name: cpu2, ref_start_time: 775225940949054, ref_stop_time: 775225941077634, actual_exe_time: 128580, task_app_start_time:775225802583541, task_sched_time:775225940941494
app_id: 4, app_name: pulse_doppler_api-aarch64, task_id: 273, task_name: DASH_FFT, resource_name: cpu3, ref_start_time: 775225941067824, ref_stop_time: 775225941088044, actual_exe_time: 20220, task_app_start_time:775225802583541, task_sched_time:775225941063834
app_id: 4, app_name: pulse_doppler_api-aarch64, task_id: 274, task_name: DASH_ZIP, resource_name: zip1, ref_start_time: 775225941230994, ref_stop_time: 775225941274194, actual_exe_time: 43200, task_app_start_time:775225802583541, task_sched_time:775225941118464
app_id: 0, app_name: TX_api-aarch64, task_id: 47, task_name: DASH_FFT, resource_name: cpu1, ref_start_time: 775225941235404, ref_stop_time: 775225941258024, actual_exe_time: 22620, task_app_start_time:775225812328473, task_sched_time:775225941225384
app_id: 4, app_name: pulse_doppler_api-aarch64, task_id: 275, task_name: DASH_FFT, resource_name: cpu2, ref_start_time: 775225941319104, ref_stop_time: 775225941496734, actual_exe_time: 177630, task_app_start_time:775225802583541, task_sched_time:775225941300234
app_id: 4, app_name: pulse_doppler_api-aarch64, task_id: 276, task_name: DASH_FFT, resource_name: cpu3, ref_start_time: 775225941490944, ref_stop_time: 775225941511314, actual_exe_time: 20370, task_app_start_time:775225802583541, task_sched_time:775225941484614
app_id: 4, app_name: pulse_doppler_api-aarch64, task_id: 277, task_name: DASH_FFT, resource_name: fft1, ref_start_time: 775225941556284, ref_stop_time: 775225941580974, actual_exe_time: 24690, task_app_start_time:775225802583541, task_sched_time:775225941538644
app_id: 4, app_name: pulse_doppler_api-aarch64, task_id: 278, task_name: DASH_ZIP, resource_name: zip1, ref_start_time: 775225941616734, ref_stop_time: 775225941655794, actual_exe_time: 39060, task_app_start_time:775225802583541, task_sched_time:775225941610764
app_id: 4, app_name: pulse_doppler_api-aarch64, task_id: 279, task_name: DASH_FFT, resource_name: cpu1, ref_start_time: 775225941688104, ref_stop_time: 775225941709164, actual_exe_time: 21060, task_app_start_time:775225802583541, task_sched_time:775225941681654
app_id: 4, app_name: pulse_doppler_api-aarch64, task_id: 280, task_name: DASH_FFT, resource_name: cpu3, ref_start_time: 775225941824304, ref_stop_time: 775225941845214, actual_exe_time: 20910, task_app_start_time:775225802583541, task_sched_time:775225941814104
app_id: 0, app_name: TX_api-aarch64, task_id: 48, task_name: DASH_FFT, resource_name: cpu2, ref_start_time: 775225941826374, ref_stop_time: 775225941954444, actual_exe_time: 128070, task_app_start_time:775225812328473, task_sched_time:775225941796554
app_id: 4, app_name: pulse_doppler_api-aarch64, task_id: 281, task_name: DASH_FFT, resource_name: fft1, ref_start_time: 775225941883884, ref_stop_time: 775225941908514, actual_exe_time: 24630, task_app_start_time:775225802583541, task_sched_time:775225941871824
app_id: 4, app_name: pulse_doppler_api-aarch64, task_id: 282, task_name: DASH_ZIP, resource_name: zip1, ref_start_time: 775225941941604, ref_stop_time: 775225941982614, actual_exe_time: 41010, task_app_start_time:775225802583541, task_sched_time:775225941938034
app_id: 4, app_name: pulse_doppler_api-aarch64, task_id: 283, task_name: DASH_FFT, resource_name: cpu1, ref_start_time: 775225942022664, ref_stop_time: 775225942043334, actual_exe_time: 20670, task_app_start_time:775225802583541, task_sched_time:775225942010994
app_id: 4, app_name: pulse_doppler_api-aarch64, task_id: 284, task_name: DASH_FFT, resource_name: cpu2, ref_start_time: 775225942134834, ref_stop_time: 775225942259154, actual_exe_time: 124320, task_app_start_time:775225802583541, task_sched_time:775225942121724
app_id: 4, app_name: pulse_doppler_api-aarch64, task_id: 285, task_name: DASH_FFT, resource_name: cpu3, ref_start_time: 775225942250874, ref_stop_time: 775225942270854, actual_exe_time: 19980, task_app_start_time:775225802583541, task_sched_time:775225942244874
app_id: 4, app_name: pulse_doppler_api-aarch64, task_id: 286, task_name: DASH_ZIP, resource_name: zip1, ref_start_time: 775225942301574, ref_stop_time: 775225942340484, actual_exe_time: 38910, task_app_start_time:775225802583541, task_sched_time:775225942299264
app_id: 4, app_name: pulse_doppler_api-aarch64, task_id: 287, task_name: DASH_FFT, resource_name: cpu1, ref_start_time: 775225942381944, ref_stop_time: 775225942402764, actual_exe_time: 20820, task_app_start_time:775225802583541, task_sched_time:775225942367034
app_id: 4, app_name: pulse_doppler_api-aarch64, task_id: 288, task_name: DASH_FFT, resource_name: cpu3, ref_start_time: 775225942495284, ref_stop_time: 775225942516164, actual_exe_time: 20880, task_app_start_time:775225802583541, task_sched_time:775225942491834
app_id: 0, app_name: TX_api-aarch64, task_id: 49, task_name: DASH_FFT, resource_name: cpu2, ref_start_time: 775225942499184, ref_stop_time: 775225942630224, actual_exe_time: 131040, task_app_start_time:775225812328473, task_sched_time:775225942483044
app_id: 4, app_name: pulse_doppler_api-aarch64, task_id: 289, task_name: DASH_FFT, resource_name: fft1, ref_start_time: 775225942546284, ref_stop_time: 775225942571334, actual_exe_time: 25050, task_app_start_time:775225802583541, task_sched_time:775225942542594
app_id: 4, app_name: pulse_doppler_api-aarch64, task_id: 290, task_name: DASH_ZIP, resource_name: zip1, ref_start_time: 775225942603614, ref_stop_time: 775225942646454, actual_exe_time: 42840, task_app_start_time:775225802583541, task_sched_time:775225942600824
app_id: 4, app_name: pulse_doppler_api-aarch64, task_id: 291, task_name: DASH_FFT, resource_name: cpu1, ref_start_time: 775225942682184, ref_stop_time: 775225942702974, actual_exe_time: 20790, task_app_start_time:775225802583541, task_sched_time:775225942672644
app_id: 4, app_name: pulse_doppler_api-aarch64, task_id: 292, task_name: DASH_FFT, resource_name: cpu2, ref_start_time: 775225942795224, ref_stop_time: 775225942819014, actual_exe_time: 23790, task_app_start_time:775225802583541, task_sched_time:775225942781004
app_id: 4, app_name: pulse_doppler_api-aarch64, task_id: 293, task_name: DASH_FFT, resource_name: cpu3, ref_start_time: 775225942858164, ref_stop_time: 775225942878174, actual_exe_time: 20010, task_app_start_time:775225802583541, task_sched_time:775225942846884
app_id: 4, app_name: pulse_doppler_api-aarch64, task_id: 294, task_name: DASH_ZIP, resource_name: zip1, ref_start_time: 775225942972644, ref_stop_time: 775225943011704, actual_exe_time: 39060, task_app_start_time:775225802583541, task_sched_time:775225942968894
app_id: 4, app_name: pulse_doppler_api-aarch64, task_id: 295, task_name: DASH_FFT, resource_name: cpu1, ref_start_time: 775225943107404, ref_stop_time: 775225943128134, actual_exe_time: 20730, task_app_start_time:775225802583541, task_sched_time:775225943097444
app_id: 4, app_name: pulse_doppler_api-aarch64, task_id: 296, task_name: DASH_FFT, resource_name: cpu2, ref_start_time: 775225943286744, ref_stop_time: 775225943310684, actual_exe_time: 23940, task_app_start_time:775225802583541, task_sched_time:775225943270784
app_id: 4, app_name: pulse_doppler_api-aarch64, task_id: 297, task_name: DASH_FFT, resource_name: cpu3, ref_start_time: 775225945287924, ref_stop_time: 775225945309944, actual_exe_time: 22020, task_app_start_time:775225802583541, task_sched_time:775225943579934
app_id: 2, app_name: TX_api-aarch64, task_id: 40, task_name: DASH_FFT, resource_name: fft2, ref_start_time: 775225946093574, ref_stop_time: 775225946132154, actual_exe_time: 38580, task_app_start_time:775225832344986, task_sched_time:775225946061354
app_id: 4, app_name: pulse_doppler_api-aarch64, task_id: 298, task_name: DASH_ZIP, resource_name: zip1, ref_start_time: 775225946161014, ref_stop_time: 775225946200344, actual_exe_time: 39330, task_app_start_time:775225802583541, task_sched_time:775225946158674
app_id: 3, app_name: TX_api-aarch64, task_id: 31, task_name: DASH_FFT, resource_name: fft1, ref_start_time: 775225947587725, ref_stop_time: 775225947624025, actual_exe_time: 36300, task_app_start_time:775225842345218, task_sched_time:775225945279914
app_id: 2, app_name: TX_api-aarch64, task_id: 41, task_name: DASH_FFT, resource_name: cpu2, ref_start_time: 775225947904465, ref_stop_time: 775225947928555, actual_exe_time: 24090, task_app_start_time:775225832344986, task_sched_time:775225947898225
app_id: 3, app_name: TX_api-aarch64, task_id: 32, task_name: DASH_FFT, resource_name: cpu3, ref_start_time: 775225948102465, ref_stop_time: 775225948127305, actual_exe_time: 24840, task_app_start_time:775225842345218, task_sched_time:775225948089955
app_id: 2, app_name: TX_api-aarch64, task_id: 42, task_name: DASH_FFT, resource_name: fft1, ref_start_time: 775225948330975, ref_stop_time: 775225948365175, actual_exe_time: 34200, task_app_start_time:775225832344986, task_sched_time:775225948327435
app_id: 3, app_name: TX_api-aarch64, task_id: 33, task_name: DASH_FFT, resource_name: fft2, ref_start_time: 775225948763545, ref_stop_time: 775225948799605, actual_exe_time: 36060, task_app_start_time:775225842345218, task_sched_time:775225948654105
app_id: 4, app_name: pulse_doppler_api-aarch64, task_id: 299, task_name: DASH_FFT, resource_name: cpu1, ref_start_time: 775225948782805, ref_stop_time: 775225948804765, actual_exe_time: 21960, task_app_start_time:775225802583541, task_sched_time:775225946228394
app_id: 2, app_name: TX_api-aarch64, task_id: 43, task_name: DASH_FFT, resource_name: cpu1, ref_start_time: 775225948820455, ref_stop_time: 775225948841395, actual_exe_time: 20940, task_app_start_time:775225832344986, task_sched_time:775225948759705
app_id: 4, app_name: pulse_doppler_api-aarch64, task_id: 300, task_name: DASH_FFT, resource_name: cpu2, ref_start_time: 775225948896715, ref_stop_time: 775225948961245, actual_exe_time: 64530, task_app_start_time:775225802583541, task_sched_time:775225948888885
app_id: 4, app_name: pulse_doppler_api-aarch64, task_id: 301, task_name: DASH_FFT, resource_name: cpu3, ref_start_time: 775225948965325, ref_stop_time: 775225948986385, actual_exe_time: 21060, task_app_start_time:775225802583541, task_sched_time:775225948954945
app_id: 4, app_name: pulse_doppler_api-aarch64, task_id: 302, task_name: DASH_ZIP, resource_name: zip1, ref_start_time: 775225949022085, ref_stop_time: 775225949061505, actual_exe_time: 39420, task_app_start_time:775225802583541, task_sched_time:775225949019025
app_id: 4, app_name: pulse_doppler_api-aarch64, task_id: 303, task_name: DASH_FFT, resource_name: cpu1, ref_start_time: 775225949091295, ref_stop_time: 775225949112205, actual_exe_time: 20910, task_app_start_time:775225802583541, task_sched_time:775225949089105
app_id: 4, app_name: pulse_doppler_api-aarch64, task_id: 304, task_name: DASH_FFT, resource_name: cpu2, ref_start_time: 775225949206915, ref_stop_time: 775225949230795, actual_exe_time: 23880, task_app_start_time:775225802583541, task_sched_time:775225949199325
app_id: 3, app_name: TX_api-aarch64, task_id: 34, task_name: DASH_FFT, resource_name: cpu3, ref_start_time: 775225949338555, ref_stop_time: 775225949362975, actual_exe_time: 24420, task_app_start_time:775225842345218, task_sched_time:775225949331625
app_id: 2, app_name: TX_api-aarch64, task_id: 44, task_name: DASH_FFT, resource_name: fft1, ref_start_time: 775225949372935, ref_stop_time: 775225949407285, actual_exe_time: 34350, task_app_start_time:775225832344986, task_sched_time:775225949356735
app_id: 4, app_name: pulse_doppler_api-aarch64, task_id: 305, task_name: DASH_FFT, resource_name: fft2, ref_start_time: 775225949396785, ref_stop_time: 775225949425405, actual_exe_time: 28620, task_app_start_time:775225802583541, task_sched_time:775225949388955
app_id: 4, app_name: pulse_doppler_api-aarch64, task_id: 306, task_name: DASH_ZIP, resource_name: zip1, ref_start_time: 775225949509945, ref_stop_time: 775225949549755, actual_exe_time: 39810, task_app_start_time:775225802583541, task_sched_time:775225949507485
app_id: 4, app_name: pulse_doppler_api-aarch64, task_id: 307, task_name: DASH_FFT, resource_name: cpu1, ref_start_time: 775225949648935, ref_stop_time: 775225949669845, actual_exe_time: 20910, task_app_start_time:775225802583541, task_sched_time:775225949645215
app_id: 2, app_name: TX_api-aarch64, task_id: 45, task_name: DASH_FFT, resource_name: cpu2, ref_start_time: 775225949855035, ref_stop_time: 775225949879605, actual_exe_time: 24570, task_app_start_time:775225832344986, task_sched_time:775225949841835
app_id: 3, app_name: TX_api-aarch64, task_id: 35, task_name: DASH_FFT, resource_name: cpu3, ref_start_time: 775225949905975, ref_stop_time: 775225949930275, actual_exe_time: 24300, task_app_start_time:775225842345218, task_sched_time:775225949892265
app_id: 4, app_name: pulse_doppler_api-aarch64, task_id: 308, task_name: DASH_FFT, resource_name: fft1, ref_start_time: 775225949969425, ref_stop_time: 775225949994985, actual_exe_time: 25560, task_app_start_time:775225802583541, task_sched_time:775225949966005
app_id: 4, app_name: pulse_doppler_api-aarch64, task_id: 309, task_name: DASH_FFT, resource_name: fft2, ref_start_time: 775225950108745, ref_stop_time: 775225950137425, actual_exe_time: 28680, task_app_start_time:775225802583541, task_sched_time:775225950100705
app_id: 4, app_name: pulse_doppler_api-aarch64, task_id: 310, task_name: DASH_ZIP, resource_name: zip1, ref_start_time: 775225950227335, ref_stop_time: 775225950266755, actual_exe_time: 39420, task_app_start_time:775225802583541, task_sched_time:775225950221245
app_id: 2, app_name: TX_api-aarch64, task_id: 46, task_name: DASH_FFT, resource_name: cpu1, ref_start_time: 775225950402715, ref_stop_time: 775225950423355, actual_exe_time: 20640, task_app_start_time:775225832344986, task_sched_time:775225950399025
app_id: 4, app_name: pulse_doppler_api-aarch64, task_id: 311, task_name: DASH_FFT, resource_name: cpu2, ref_start_time: 775225950458665, ref_stop_time: 775225950483295, actual_exe_time: 24630, task_app_start_time:775225802583541, task_sched_time:775225950449605
app_id: 2, app_name: TX_api-aarch64, task_id: 47, task_name: DASH_FFT, resource_name: fft1, ref_start_time: 775225950934795, ref_stop_time: 775225950970045, actual_exe_time: 35250, task_app_start_time:775225832344986, task_sched_time:775225950925405
app_id: 2, app_name: TX_api-aarch64, task_id: 48, task_name: DASH_FFT, resource_name: fft2, ref_start_time: 775225951375435, ref_stop_time: 775225951412485, actual_exe_time: 37050, task_app_start_time:775225832344986, task_sched_time:775225951368865
app_id: 3, app_name: TX_api-aarch64, task_id: 36, task_name: DASH_FFT, resource_name: cpu1, ref_start_time: 775225951577335, ref_stop_time: 775225951598785, actual_exe_time: 21450, task_app_start_time:775225842345218, task_sched_time:775225951573345
app_id: 4, app_name: pulse_doppler_api-aarch64, task_id: 312, task_name: DASH_FFT, resource_name: cpu3, ref_start_time: 775225951581355, ref_stop_time: 775225951608265, actual_exe_time: 26910, task_app_start_time:775225802583541, task_sched_time:775225950566635
app_id: 2, app_name: TX_api-aarch64, task_id: 49, task_name: DASH_FFT, resource_name: cpu3, ref_start_time: 775225951760905, ref_stop_time: 775225951782685, actual_exe_time: 21780, task_app_start_time:775225832344986, task_sched_time:775225951757365
app_id: 3, app_name: TX_api-aarch64, task_id: 37, task_name: DASH_FFT, resource_name: cpu2, ref_start_time: 775225951763845, ref_stop_time: 775225951791895, actual_exe_time: 28050, task_app_start_time:775225842345218, task_sched_time:775225951744705
app_id: 4, app_name: pulse_doppler_api-aarch64, task_id: 313, task_name: DASH_FFT, resource_name: fft1, ref_start_time: 775225951838335, ref_stop_time: 775225951863745, actual_exe_time: 25410, task_app_start_time:775225802583541, task_sched_time:775225951824715
app_id: 3, app_name: TX_api-aarch64, task_id: 38, task_name: DASH_FFT, resource_name: fft2, ref_start_time: 775225951963735, ref_stop_time: 775225951999375, actual_exe_time: 35640, task_app_start_time:775225842345218, task_sched_time:775225951929385
app_id: 3, app_name: TX_api-aarch64, task_id: 39, task_name: DASH_FFT, resource_name: cpu1, ref_start_time: 775225952259985, ref_stop_time: 775225952280895, actual_exe_time: 20910, task_app_start_time:775225842345218, task_sched_time:775225952254435
app_id: 4, app_name: pulse_doppler_api-aarch64, task_id: 314, task_name: DASH_ZIP, resource_name: zip1, ref_start_time: 775225952493386, ref_stop_time: 775225952535116, actual_exe_time: 41730, task_app_start_time:775225802583541, task_sched_time:775225951956685
app_id: 4, app_name: pulse_doppler_api-aarch64, task_id: 315, task_name: DASH_FFT, resource_name: cpu2, ref_start_time: 775225955602826, ref_stop_time: 775225955628566, actual_exe_time: 25740, task_app_start_time:775225802583541, task_sched_time:775225955594276
app_id: 4, app_name: pulse_doppler_api-aarch64, task_id: 316, task_name: DASH_FFT, resource_name: cpu3, ref_start_time: 775225959036837, ref_stop_time: 775225959058647, actual_exe_time: 21810, task_app_start_time:775225802583541, task_sched_time:775225955708066
app_id: 4, app_name: pulse_doppler_api-aarch64, task_id: 317, task_name: DASH_FFT, resource_name: fft2, ref_start_time: 775225959092877, ref_stop_time: 775225959121497, actual_exe_time: 28620, task_app_start_time:775225802583541, task_sched_time:775225959084027
app_id: 0, app_name: TX_api-aarch64, task_id: 50, task_name: DASH_FFT, resource_name: fft1, ref_start_time: 775225959979977, ref_stop_time: 775225960015107, actual_exe_time: 35130, task_app_start_time:775225812328473, task_sched_time:775225959026187
app_id: 4, app_name: pulse_doppler_api-aarch64, task_id: 318, task_name: DASH_ZIP, resource_name: zip1, ref_start_time: 775225961255127, ref_stop_time: 775225961295207, actual_exe_time: 40080, task_app_start_time:775225802583541, task_sched_time:775225959150057
app_id: 4, app_name: pulse_doppler_api-aarch64, task_id: 319, task_name: DASH_FFT, resource_name: cpu1, ref_start_time: 775225961334297, ref_stop_time: 775225961356167, actual_exe_time: 21870, task_app_start_time:775225802583541, task_sched_time:775225961323257
app_id: 4, app_name: pulse_doppler_api-aarch64, task_id: 320, task_name: DASH_FFT, resource_name: cpu2, ref_start_time: 775225961466177, ref_stop_time: 775225961590527, actual_exe_time: 124350, task_app_start_time:775225802583541, task_sched_time:775225961445207
app_id: 4, app_name: pulse_doppler_api-aarch64, task_id: 321, task_name: DASH_FFT, resource_name: cpu3, ref_start_time: 775225961592687, ref_stop_time: 775225961613327, actual_exe_time: 20640, task_app_start_time:775225802583541, task_sched_time:775225961577777
app_id: 4, app_name: pulse_doppler_api-aarch64, task_id: 322, task_name: DASH_ZIP, resource_name: zip1, ref_start_time: 775225961653647, ref_stop_time: 775225961692467, actual_exe_time: 38820, task_app_start_time:775225802583541, task_sched_time:775225961650527
app_id: 4, app_name: pulse_doppler_api-aarch64, task_id: 323, task_name: DASH_FFT, resource_name: cpu1, ref_start_time: 775225961725827, ref_stop_time: 775225961746887, actual_exe_time: 21060, task_app_start_time:775225802583541, task_sched_time:775225961721657
app_id: 4, app_name: pulse_doppler_api-aarch64, task_id: 324, task_name: DASH_FFT, resource_name: cpu2, ref_start_time: 775225961837037, ref_stop_time: 775225961956947, actual_exe_time: 119910, task_app_start_time:775225802583541, task_sched_time:775225961826567
app_id: 4, app_name: pulse_doppler_api-aarch64, task_id: 325, task_name: DASH_FFT, resource_name: cpu3, ref_start_time: 775225961950677, ref_stop_time: 775225961970807, actual_exe_time: 20130, task_app_start_time:775225802583541, task_sched_time:775225961944767
app_id: 4, app_name: pulse_doppler_api-aarch64, task_id: 326, task_name: DASH_ZIP, resource_name: zip1, ref_start_time: 775225962004527, ref_stop_time: 775225962042987, actual_exe_time: 38460, task_app_start_time:775225802583541, task_sched_time:775225962001917
app_id: 4, app_name: pulse_doppler_api-aarch64, task_id: 327, task_name: DASH_FFT, resource_name: cpu1, ref_start_time: 775225962076017, ref_stop_time: 775225962096897, actual_exe_time: 20880, task_app_start_time:775225802583541, task_sched_time:775225962072927
app_id: 4, app_name: pulse_doppler_api-aarch64, task_id: 328, task_name: DASH_FFT, resource_name: cpu2, ref_start_time: 775225962191397, ref_stop_time: 775225962321447, actual_exe_time: 130050, task_app_start_time:775225802583541, task_sched_time:775225962183357
app_id: 4, app_name: pulse_doppler_api-aarch64, task_id: 329, task_name: DASH_FFT, resource_name: cpu3, ref_start_time: 775225962332397, ref_stop_time: 775225962352287, actual_exe_time: 19890, task_app_start_time:775225802583541, task_sched_time:775225962311127
app_id: 4, app_name: pulse_doppler_api-aarch64, task_id: 330, task_name: DASH_ZIP, resource_name: zip1, ref_start_time: 775225962387687, ref_stop_time: 775225962425907, actual_exe_time: 38220, task_app_start_time:775225802583541, task_sched_time:775225962385107
app_id: 4, app_name: pulse_doppler_api-aarch64, task_id: 331, task_name: DASH_FFT, resource_name: cpu1, ref_start_time: 775225962463437, ref_stop_time: 775225962484167, actual_exe_time: 20730, task_app_start_time:775225802583541, task_sched_time:775225962450537
app_id: 4, app_name: pulse_doppler_api-aarch64, task_id: 332, task_name: DASH_FFT, resource_name: cpu2, ref_start_time: 775225962575067, ref_stop_time: 775225962698547, actual_exe_time: 123480, task_app_start_time:775225802583541, task_sched_time:775225962566397
app_id: 4, app_name: pulse_doppler_api-aarch64, task_id: 333, task_name: DASH_FFT, resource_name: cpu3, ref_start_time: 775225962700257, ref_stop_time: 775225962720057, actual_exe_time: 19800, task_app_start_time:775225802583541, task_sched_time:775225962685287
app_id: 4, app_name: pulse_doppler_api-aarch64, task_id: 334, task_name: DASH_ZIP, resource_name: zip1, ref_start_time: 775225962876747, ref_stop_time: 775225962916047, actual_exe_time: 39300, task_app_start_time:775225802583541, task_sched_time:775225962750177
app_id: 4, app_name: pulse_doppler_api-aarch64, task_id: 335, task_name: DASH_FFT, resource_name: cpu1, ref_start_time: 775225962946647, ref_stop_time: 775225962967407, actual_exe_time: 20760, task_app_start_time:775225802583541, task_sched_time:775225962942597
app_id: 4, app_name: pulse_doppler_api-aarch64, task_id: 336, task_name: DASH_FFT, resource_name: cpu2, ref_start_time: 775225963060317, ref_stop_time: 775225963189197, actual_exe_time: 128880, task_app_start_time:775225802583541, task_sched_time:775225963054167
app_id: 1, app_name: TX_api-aarch64, task_id: 40, task_name: DASH_FFT, resource_name: fft1, ref_start_time: 775225963592637, ref_stop_time: 775225963630767, actual_exe_time: 38130, task_app_start_time:775225822339865, task_sched_time:775225963551507
app_id: 2, app_name: TX_api-aarch64, task_id: 50, task_name: DASH_FFT, resource_name: cpu1, ref_start_time: 775225966511188, ref_stop_time: 775225966533538, actual_exe_time: 22350, task_app_start_time:775225832344986, task_sched_time:775225966503208
app_id: 1, app_name: TX_api-aarch64, task_id: 41, task_name: DASH_FFT, resource_name: fft2, ref_start_time: 775225966514338, ref_stop_time: 775225966554448, actual_exe_time: 40110, task_app_start_time:775225822339865, task_sched_time:775225964879368
app_id: 1, app_name: TX_api-aarch64, task_id: 42, task_name: DASH_FFT, resource_name: cpu2, ref_start_time: 775225967097118, ref_stop_time: 775225967118988, actual_exe_time: 21870, task_app_start_time:775225822339865, task_sched_time:775225967094658
app_id: 1, app_name: TX_api-aarch64, task_id: 43, task_name: DASH_FFT, resource_name: fft1, ref_start_time: 775225967841688, ref_stop_time: 775225967879668, actual_exe_time: 37980, task_app_start_time:775225822339865, task_sched_time:775225967825968
app_id: 1, app_name: TX_api-aarch64, task_id: 44, task_name: DASH_FFT, resource_name: fft2, ref_start_time: 775225968299518, ref_stop_time: 775225968334618, actual_exe_time: 35100, task_app_start_time:775225822339865, task_sched_time:775225968295528
app_id: 1, app_name: TX_api-aarch64, task_id: 45, task_name: DASH_FFT, resource_name: cpu1, ref_start_time: 775225968879838, ref_stop_time: 775225968904378, actual_exe_time: 24540, task_app_start_time:775225822339865, task_sched_time:775225968866488
app_id: 4, app_name: pulse_doppler_api-aarch64, task_id: 337, task_name: DASH_FFT, resource_name: cpu3, ref_start_time: 775225969186318, ref_stop_time: 775225969208398, actual_exe_time: 22080, task_app_start_time:775225802583541, task_sched_time:775225963179117
app_id: 3, app_name: TX_api-aarch64, task_id: 40, task_name: DASH_FFT, resource_name: cpu3, ref_start_time: 775225969229968, ref_stop_time: 775225969254748, actual_exe_time: 24780, task_app_start_time:775225842345218, task_sched_time:775225967492518
app_id: 4, app_name: pulse_doppler_api-aarch64, task_id: 338, task_name: DASH_ZIP, resource_name: cpu2, ref_start_time: 775225969249738, ref_stop_time: 775225969375348, actual_exe_time: 125610, task_app_start_time:775225802583541, task_sched_time:775225969243408
app_id: 0, app_name: TX_api-aarch64, task_id: 51, task_name: DASH_FFT, resource_name: fft1, ref_start_time: 775225969446238, ref_stop_time: 775225969482088, actual_exe_time: 35850, task_app_start_time:775225812328473, task_sched_time:775225969391608
app_id: 1, app_name: TX_api-aarch64, task_id: 46, task_name: DASH_FFT, resource_name: fft2, ref_start_time: 775225969482538, ref_stop_time: 775225969518478, actual_exe_time: 35940, task_app_start_time:775225822339865, task_sched_time:775225969428118
app_id: 0, app_name: TX_api-aarch64, task_id: 52, task_name: DASH_FFT, resource_name: cpu1, ref_start_time: 775225969693258, ref_stop_time: 775225969715008, actual_exe_time: 21750, task_app_start_time:775225812328473, task_sched_time:775225969689448
app_id: 1, app_name: TX_api-aarch64, task_id: 47, task_name: DASH_FFT, resource_name: cpu2, ref_start_time: 775225970060068, ref_stop_time: 775225970082058, actual_exe_time: 21990, task_app_start_time:775225822339865, task_sched_time:775225970046538
app_id: 1, app_name: TX_api-aarch64, task_id: 48, task_name: DASH_FFT, resource_name: fft1, ref_start_time: 775225970628148, ref_stop_time: 775225970666248, actual_exe_time: 38100, task_app_start_time:775225822339865, task_sched_time:775225970612968
app_id: 4, app_name: pulse_doppler_api-aarch64, task_id: 339, task_name: DASH_FFT, resource_name: cpu3, ref_start_time: 775225971059578, ref_stop_time: 775225971081778, actual_exe_time: 22200, task_app_start_time:775225802583541, task_sched_time:775225969362478
app_id: 0, app_name: TX_api-aarch64, task_id: 53, task_name: DASH_FFT, resource_name: cpu3, ref_start_time: 775225971102989, ref_stop_time: 775225971127319, actual_exe_time: 24330, task_app_start_time:775225812328473, task_sched_time:775225970245168
app_id: 4, app_name: pulse_doppler_api-aarch64, task_id: 340, task_name: DASH_FFT, resource_name: fft2, ref_start_time: 775225971197219, ref_stop_time: 775225971225599, actual_exe_time: 28380, task_app_start_time:775225802583541, task_sched_time:775225971193919
app_id: 1, app_name: TX_api-aarch64, task_id: 49, task_name: DASH_FFT, resource_name: cpu1, ref_start_time: 775225971210059, ref_stop_time: 775225971234659, actual_exe_time: 24600, task_app_start_time:775225822339865, task_sched_time:775225971197369
app_id: 4, app_name: pulse_doppler_api-aarch64, task_id: 341, task_name: DASH_FFT, resource_name: cpu2, ref_start_time: 775225971449939, ref_stop_time: 775225971473609, actual_exe_time: 23670, task_app_start_time:775225802583541, task_sched_time:775225971436289
app_id: 4, app_name: pulse_doppler_api-aarch64, task_id: 342, task_name: DASH_ZIP, resource_name: cpu3, ref_start_time: 775225971672359, ref_stop_time: 775225971693809, actual_exe_time: 21450, task_app_start_time:775225802583541, task_sched_time:775225971568409
app_id: 4, app_name: pulse_doppler_api-aarch64, task_id: 343, task_name: DASH_FFT, resource_name: fft2, ref_start_time: 775225971818339, ref_stop_time: 775225971857339, actual_exe_time: 39000, task_app_start_time:775225802583541, task_sched_time:775225971811259
app_id: 2, app_name: TX_api-aarch64, task_id: 51, task_name: DASH_FFT, resource_name: cpu2, ref_start_time: 775225973250659, ref_stop_time: 775225973274869, actual_exe_time: 24210, task_app_start_time:775225832344986, task_sched_time:775225973238629
app_id: 2, app_name: TX_api-aarch64, task_id: 52, task_name: DASH_FFT, resource_name: cpu3, ref_start_time: 775225973685629, ref_stop_time: 775225973707109, actual_exe_time: 21480, task_app_start_time:775225832344986, task_sched_time:775225973676599
app_id: 0, app_name: TX_api-aarch64, task_id: 54, task_name: DASH_FFT, resource_name: fft1, ref_start_time: 775225976882609, ref_stop_time: 775225976918279, actual_exe_time: 35670, task_app_start_time:775225812328473, task_sched_time:775225971662099
app_id: 2, app_name: TX_api-aarch64, task_id: 53, task_name: DASH_FFT, resource_name: fft1, ref_start_time: 775225976940389, ref_stop_time: 775225976975249, actual_exe_time: 34860, task_app_start_time:775225832344986, task_sched_time:775225974103379
app_id: 2, app_name: TX_api-aarch64, task_id: 54, task_name: DASH_FFT, resource_name: fft2, ref_start_time: 775225977382320, ref_stop_time: 775225977419310, actual_exe_time: 36990, task_app_start_time:775225832344986, task_sched_time:775225977375180
app_id: 2, app_name: TX_api-aarch64, task_id: 55, task_name: DASH_FFT, resource_name: cpu2, ref_start_time: 775225977821880, ref_stop_time: 775225977845670, actual_exe_time: 23790, task_app_start_time:775225832344986, task_sched_time:775225977812070
app_id: 3, app_name: TX_api-aarch64, task_id: 41, task_name: DASH_FFT, resource_name: cpu3, ref_start_time: 775225978032360, ref_stop_time: 775225978056150, actual_exe_time: 23790, task_app_start_time:775225842345218, task_sched_time:775225978025100
app_id: 2, app_name: TX_api-aarch64, task_id: 56, task_name: DASH_FFT, resource_name: fft1, ref_start_time: 775225978243410, ref_stop_time: 775225978278180, actual_exe_time: 34770, task_app_start_time:775225832344986, task_sched_time:775225978236390
app_id: 3, app_name: TX_api-aarch64, task_id: 42, task_name: DASH_FFT, resource_name: fft2, ref_start_time: 775225978450470, ref_stop_time: 775225978486020, actual_exe_time: 35550, task_app_start_time:775225842345218, task_sched_time:775225978447050
app_id: 3, app_name: TX_api-aarch64, task_id: 43, task_name: DASH_FFT, resource_name: cpu2, ref_start_time: 775225978891080, ref_stop_time: 775225978913100, actual_exe_time: 22020, task_app_start_time:775225842345218, task_sched_time:775225978884600
app_id: 3, app_name: TX_api-aarch64, task_id: 44, task_name: DASH_FFT, resource_name: cpu3, ref_start_time: 775225979314890, ref_stop_time: 775225979338770, actual_exe_time: 23880, task_app_start_time:775225842345218, task_sched_time:775225979310240
app_id: 4, app_name: pulse_doppler_api-aarch64, task_id: 344, task_name: DASH_FFT, resource_name: cpu1, ref_start_time: 775225979509830, ref_stop_time: 775225979530740, actual_exe_time: 20910, task_app_start_time:775225802583541, task_sched_time:775225971995039
app_id: 0, app_name: TX_api-aarch64, task_id: 55, task_name: DASH_FFT, resource_name: cpu1, ref_start_time: 775225979587380, ref_stop_time: 775225979609430, actual_exe_time: 22050, task_app_start_time:775225812328473, task_sched_time:775225977481380
app_id: 2, app_name: TX_api-aarch64, task_id: 57, task_name: DASH_FFT, resource_name: cpu1, ref_start_time: 775225979631420, ref_stop_time: 775225979652420, actual_exe_time: 21000, task_app_start_time:775225832344986, task_sched_time:775225978673730
app_id: 4, app_name: pulse_doppler_api-aarch64, task_id: 345, task_name: DASH_FFT, resource_name: fft1, ref_start_time: 775225979692560, ref_stop_time: 775225979717850, actual_exe_time: 25290, task_app_start_time:775225802583541, task_sched_time:775225979683200
app_id: 3, app_name: TX_api-aarch64, task_id: 45, task_name: DASH_FFT, resource_name: fft2, ref_start_time: 775225979740140, ref_stop_time: 775225979775360, actual_exe_time: 35220, task_app_start_time:775225842345218, task_sched_time:775225979736540
app_id: 4, app_name: pulse_doppler_api-aarch64, task_id: 346, task_name: DASH_ZIP, resource_name: zip1, ref_start_time: 775225979807070, ref_stop_time: 775225979846880, actual_exe_time: 39810, task_app_start_time:775225802583541, task_sched_time:775225979802810
app_id: 4, app_name: pulse_doppler_api-aarch64, task_id: 347, task_name: DASH_FFT, resource_name: cpu1, ref_start_time: 775225979918400, ref_stop_time: 775225979939400, actual_exe_time: 21000, task_app_start_time:775225802583541, task_sched_time:775225979912340
app_id: 2, app_name: TX_api-aarch64, task_id: 58, task_name: DASH_FFT, resource_name: cpu2, ref_start_time: 775225980111210, ref_stop_time: 775225980135840, actual_exe_time: 24630, task_app_start_time:775225832344986, task_sched_time:775225980097680
app_id: 0, app_name: TX_api-aarch64, task_id: 56, task_name: DASH_FFT, resource_name: cpu3, ref_start_time: 775225980131280, ref_stop_time: 775225980156060, actual_exe_time: 24780, task_app_start_time:775225812328473, task_sched_time:775225980122970
app_id: 4, app_name: pulse_doppler_api-aarch64, task_id: 348, task_name: DASH_FFT, resource_name: fft1, ref_start_time: 775225980214920, ref_stop_time: 775225980240060, actual_exe_time: 25140, task_app_start_time:775225802583541, task_sched_time:775225980211500
app_id: 3, app_name: TX_api-aarch64, task_id: 46, task_name: DASH_FFT, resource_name: fft2, ref_start_time: 775225980296160, ref_stop_time: 775225980331560, actual_exe_time: 35400, task_app_start_time:775225842345218, task_sched_time:775225980293430
app_id: 4, app_name: pulse_doppler_api-aarch64, task_id: 349, task_name: DASH_FFT, resource_name: cpu1, ref_start_time: 775225980362700, ref_stop_time: 775225980382680, actual_exe_time: 19980, task_app_start_time:775225802583541, task_sched_time:775225980358650
app_id: 4, app_name: pulse_doppler_api-aarch64, task_id: 350, task_name: DASH_ZIP, resource_name: cpu2, ref_start_time: 775225980462990, ref_stop_time: 775225980487470, actual_exe_time: 24480, task_app_start_time:775225802583541, task_sched_time:775225980453450
app_id: 0, app_name: TX_api-aarch64, task_id: 57, task_name: DASH_FFT, resource_name: fft1, ref_start_time: 775225980670260, ref_stop_time: 775225980705540, actual_exe_time: 35280, task_app_start_time:775225812328473, task_sched_time:775225980664260
app_id: 2, app_name: TX_api-aarch64, task_id: 59, task_name: DASH_FFT, resource_name: cpu3, ref_start_time: 775225980675060, ref_stop_time: 775225980698040, actual_exe_time: 22980, task_app_start_time:775225832344986, task_sched_time:775225980628590
app_id: 4, app_name: pulse_doppler_api-aarch64, task_id: 351, task_name: DASH_FFT, resource_name: fft2, ref_start_time: 775225980701730, ref_stop_time: 775225980739770, actual_exe_time: 38040, task_app_start_time:775225802583541, task_sched_time:775225980690990
app_id: 3, app_name: TX_api-aarch64, task_id: 47, task_name: DASH_FFT, resource_name: cpu1, ref_start_time: 775225980861150, ref_stop_time: 775225980882150, actual_exe_time: 21000, task_app_start_time:775225842345218, task_sched_time:775225980848790
app_id: 4, app_name: pulse_doppler_api-aarch64, task_id: 352, task_name: DASH_FFT, resource_name: cpu2, ref_start_time: 775225980882420, ref_stop_time: 775225980906360, actual_exe_time: 23940, task_app_start_time:775225802583541, task_sched_time:775225980874710
app_id: 0, app_name: TX_api-aarch64, task_id: 58, task_name: DASH_FFT, resource_name: cpu3, ref_start_time: 775225981226910, ref_stop_time: 775225981251510, actual_exe_time: 24600, task_app_start_time:775225812328473, task_sched_time:775225981219680
app_id: 3, app_name: TX_api-aarch64, task_id: 48, task_name: DASH_FFT, resource_name: fft1, ref_start_time: 775225981394730, ref_stop_time: 775225981429500, actual_exe_time: 34770, task_app_start_time:775225842345218, task_sched_time:775225981387650
app_id: 3, app_name: TX_api-aarch64, task_id: 49, task_name: DASH_FFT, resource_name: cpu1, ref_start_time: 775225981981740, ref_stop_time: 775225982002380, actual_exe_time: 20640, task_app_start_time:775225842345218, task_sched_time:775225981968480
app_id: 4, app_name: pulse_doppler_api-aarch64, task_id: 353, task_name: DASH_FFT, resource_name: cpu2, ref_start_time: 775225983598831, ref_stop_time: 775225983623491, actual_exe_time: 24660, task_app_start_time:775225802583541, task_sched_time:775225983591931
app_id: 0, app_name: TX_api-aarch64, task_id: 59, task_name: DASH_FFT, resource_name: fft2, ref_start_time: 775225984862701, ref_stop_time: 775225984898431, actual_exe_time: 35730, task_app_start_time:775225812328473, task_sched_time:775225981759590
app_id: 4, app_name: pulse_doppler_api-aarch64, task_id: 354, task_name: DASH_ZIP, resource_name: cpu3, ref_start_time: 775225989148201, ref_stop_time: 775225989169921, actual_exe_time: 21720, task_app_start_time:775225802583541, task_sched_time:775225983652411
app_id: 4, app_name: pulse_doppler_api-aarch64, task_id: 355, task_name: DASH_FFT, resource_name: fft1, ref_start_time: 775225990659152, ref_stop_time: 775225990694252, actual_exe_time: 35100, task_app_start_time:775225802583541, task_sched_time:775225989201031
app_id: 4, app_name: pulse_doppler_api-aarch64, task_id: 356, task_name: DASH_FFT, resource_name: cpu1, ref_start_time: 775225990790672, ref_stop_time: 775225990811822, actual_exe_time: 21150, task_app_start_time:775225802583541, task_sched_time:775225990779812
app_id: 4, app_name: pulse_doppler_api-aarch64, task_id: 357, task_name: DASH_FFT, resource_name: cpu2, ref_start_time: 775225990845512, ref_stop_time: 775225990913792, actual_exe_time: 68280, task_app_start_time:775225802583541, task_sched_time:775225990838192
app_id: 4, app_name: pulse_doppler_api-aarch64, task_id: 358, task_name: DASH_ZIP, resource_name: cpu3, ref_start_time: 775225990914482, ref_stop_time: 775225990935482, actual_exe_time: 21000, task_app_start_time:775225802583541, task_sched_time:775225990911932
app_id: 4, app_name: pulse_doppler_api-aarch64, task_id: 359, task_name: DASH_FFT, resource_name: fft1, ref_start_time: 775225990968722, ref_stop_time: 775225991003282, actual_exe_time: 34560, task_app_start_time:775225802583541, task_sched_time:775225990960472
app_id: 1, app_name: TX_api-aarch64, task_id: 50, task_name: DASH_FFT, resource_name: fft2, ref_start_time: 775225991189372, ref_stop_time: 775225991225072, actual_exe_time: 35700, task_app_start_time:775225822339865, task_sched_time:775225990636202
app_id: 4, app_name: pulse_doppler_api-aarch64, task_id: 360, task_name: DASH_FFT, resource_name: fft2, ref_start_time: 775225991253302, ref_stop_time: 775225991280992, actual_exe_time: 27690, task_app_start_time:775225802583541, task_sched_time:775225991096282
app_id: 4, app_name: pulse_doppler_api-aarch64, task_id: 361, task_name: DASH_FFT, resource_name: cpu1, ref_start_time: 775225993736162, ref_stop_time: 775225993756892, actual_exe_time: 20730, task_app_start_time:775225802583541, task_sched_time:775225991307332
app_id: 4, app_name: pulse_doppler_api-aarch64, task_id: 362, task_name: DASH_ZIP, resource_name: cpu2, ref_start_time: 775225993798292, ref_stop_time: 775225993822472, actual_exe_time: 24180, task_app_start_time:775225802583541, task_sched_time:775225993789382
app_id: 1, app_name: TX_api-aarch64, task_id: 51, task_name: DASH_FFT, resource_name: fft2, ref_start_time: 775225998847923, ref_stop_time: 775225998883893, actual_exe_time: 35970, task_app_start_time:775225822339865, task_sched_time:775225998840093
app_id: 2, app_name: TX_api-aarch64, task_id: 60, task_name: DASH_FFT, resource_name: fft1, ref_start_time: 775225998858933, ref_stop_time: 775225998899523, actual_exe_time: 40590, task_app_start_time:775225832344986, task_sched_time:775225998763593
app_id: 1, app_name: TX_api-aarch64, task_id: 52, task_name: DASH_FFT, resource_name: cpu1, ref_start_time: 775225999438563, ref_stop_time: 775225999463193, actual_exe_time: 24630, task_app_start_time:775225822339865, task_sched_time:775225999422453
app_id: 0, app_name: TX_api-aarch64, task_id: 60, task_name: DASH_FFT, resource_name: cpu2, ref_start_time: 775225999477803, ref_stop_time: 775225999499733, actual_exe_time: 21930, task_app_start_time:775225812328473, task_sched_time:775225999475523
app_id: 2, app_name: TX_api-aarch64, task_id: 61, task_name: DASH_FFT, resource_name: fft1, ref_start_time: 775226001510813, ref_stop_time: 775226001546663, actual_exe_time: 35850, task_app_start_time:775225832344986, task_sched_time:775226001502593
app_id: 2, app_name: TX_api-aarch64, task_id: 62, task_name: DASH_FFT, resource_name: fft2, ref_start_time: 775226001958623, ref_stop_time: 775226001996213, actual_exe_time: 37590, task_app_start_time:775225832344986, task_sched_time:775226001947073
app_id: 4, app_name: pulse_doppler_api-aarch64, task_id: 363, task_name: DASH_FFT, resource_name: cpu3, ref_start_time: 775226002041363, ref_stop_time: 775226002064163, actual_exe_time: 22800, task_app_start_time:775225802583541, task_sched_time:775225993849802
app_id: 1, app_name: TX_api-aarch64, task_id: 53, task_name: DASH_FFT, resource_name: cpu3, ref_start_time: 775226002081803, ref_stop_time: 775226002103313, actual_exe_time: 21510, task_app_start_time:775225822339865, task_sched_time:775226000003643
app_id: 4, app_name: pulse_doppler_api-aarch64, task_id: 364, task_name: DASH_FFT, resource_name: cpu1, ref_start_time: 775226002242724, ref_stop_time: 775226002263514, actual_exe_time: 20790, task_app_start_time:775225802583541, task_sched_time:775226002145043
app_id: 4, app_name: pulse_doppler_api-aarch64, task_id: 365, task_name: DASH_FFT, resource_name: cpu2, ref_start_time: 775226002296874, ref_stop_time: 775226002557604, actual_exe_time: 260730, task_app_start_time:775225802583541, task_sched_time:775226002291174
app_id: 2, app_name: TX_api-aarch64, task_id: 63, task_name: DASH_FFT, resource_name: cpu3, ref_start_time: 775226002513954, ref_stop_time: 775226002534774, actual_exe_time: 20820, task_app_start_time:775225832344986, task_sched_time:775226002503424
app_id: 4, app_name: pulse_doppler_api-aarch64, task_id: 366, task_name: DASH_ZIP, resource_name: zip1, ref_start_time: 775226002551784, ref_stop_time: 775226002591354, actual_exe_time: 39570, task_app_start_time:775225802583541, task_sched_time:775226002548724
app_id: 4, app_name: pulse_doppler_api-aarch64, task_id: 367, task_name: DASH_FFT, resource_name: cpu1, ref_start_time: 775226002643944, ref_stop_time: 775226002665934, actual_exe_time: 21990, task_app_start_time:775225802583541, task_sched_time:775226002616974
app_id: 4, app_name: pulse_doppler_api-aarch64, task_id: 368, task_name: DASH_FFT, resource_name: cpu3, ref_start_time: 775226002755904, ref_stop_time: 775226002775884, actual_exe_time: 19980, task_app_start_time:775225802583541, task_sched_time:775226002752604
app_id: 1, app_name: TX_api-aarch64, task_id: 54, task_name: DASH_FFT, resource_name: cpu2, ref_start_time: 775226002760104, ref_stop_time: 775226002831534, actual_exe_time: 71430, task_app_start_time:775225822339865, task_sched_time:775226002636354
app_id: 4, app_name: pulse_doppler_api-aarch64, task_id: 369, task_name: DASH_FFT, resource_name: fft1, ref_start_time: 775226002815934, ref_stop_time: 775226002846444, actual_exe_time: 30510, task_app_start_time:775225802583541, task_sched_time:775226002804594
app_id: 4, app_name: pulse_doppler_api-aarch64, task_id: 370, task_name: DASH_ZIP, resource_name: zip1, ref_start_time: 775226002886734, ref_stop_time: 775226002925224, actual_exe_time: 38490, task_app_start_time:775225802583541, task_sched_time:775226002877134
app_id: 4, app_name: pulse_doppler_api-aarch64, task_id: 371, task_name: DASH_FFT, resource_name: cpu1, ref_start_time: 775226002959634, ref_stop_time: 775226002981054, actual_exe_time: 21420, task_app_start_time:775225802583541, task_sched_time:775226002951654
app_id: 4, app_name: pulse_doppler_api-aarch64, task_id: 372, task_name: DASH_FFT, resource_name: cpu2, ref_start_time: 775226003072614, ref_stop_time: 775226003243044, actual_exe_time: 170430, task_app_start_time:775225802583541, task_sched_time:775226003061484
app_id: 2, app_name: TX_api-aarch64, task_id: 64, task_name: DASH_FFT, resource_name: cpu3, ref_start_time: 775226003189134, ref_stop_time: 775226003210104, actual_exe_time: 20970, task_app_start_time:775225832344986, task_sched_time:775226003182534
app_id: 4, app_name: pulse_doppler_api-aarch64, task_id: 373, task_name: DASH_FFT, resource_name: fft1, ref_start_time: 775226003374714, ref_stop_time: 775226003399944, actual_exe_time: 25230, task_app_start_time:775225802583541, task_sched_time:775226003236924
app_id: 4, app_name: pulse_doppler_api-aarch64, task_id: 374, task_name: DASH_ZIP, resource_name: zip1, ref_start_time: 775226003436964, ref_stop_time: 775226003476924, actual_exe_time: 39960, task_app_start_time:775225802583541, task_sched_time:775226003428594
app_id: 1, app_name: TX_api-aarch64, task_id: 55, task_name: DASH_FFT, resource_name: fft2, ref_start_time: 775226003466394, ref_stop_time: 775226003502874, actual_exe_time: 36480, task_app_start_time:775225822339865, task_sched_time:775226003367694
app_id: 4, app_name: pulse_doppler_api-aarch64, task_id: 375, task_name: DASH_FFT, resource_name: cpu1, ref_start_time: 775226003636314, ref_stop_time: 775226003658514, actual_exe_time: 22200, task_app_start_time:775225802583541, task_sched_time:775226003527684
app_id: 2, app_name: TX_api-aarch64, task_id: 65, task_name: DASH_FFT, resource_name: cpu2, ref_start_time: 775226003666344, ref_stop_time: 775226003691364, actual_exe_time: 25020, task_app_start_time:775225832344986, task_sched_time:775226003656264
app_id: 4, app_name: pulse_doppler_api-aarch64, task_id: 376, task_name: DASH_FFT, resource_name: cpu3, ref_start_time: 775226003780644, ref_stop_time: 775226003801224, actual_exe_time: 20580, task_app_start_time:775225802583541, task_sched_time:775226003774434
app_id: 1, app_name: TX_api-aarch64, task_id: 56, task_name: DASH_FFT, resource_name: fft2, ref_start_time: 775226004034264, ref_stop_time: 775226004071644, actual_exe_time: 37380, task_app_start_time:775225822339865, task_sched_time:775226004029644
app_id: 2, app_name: TX_api-aarch64, task_id: 66, task_name: DASH_FFT, resource_name: fft1, ref_start_time: 775226004049984, ref_stop_time: 775226004090634, actual_exe_time: 40650, task_app_start_time:775225832344986, task_sched_time:775226003990764
app_id: 4, app_name: pulse_doppler_api-aarch64, task_id: 377, task_name: DASH_FFT, resource_name: cpu1, ref_start_time: 775226004192214, ref_stop_time: 775226004212914, actual_exe_time: 20700, task_app_start_time:775225802583541, task_sched_time:775226004121714
app_id: 4, app_name: pulse_doppler_api-aarch64, task_id: 378, task_name: DASH_ZIP, resource_name: cpu2, ref_start_time: 775226004251194, ref_stop_time: 775226004343054, actual_exe_time: 91860, task_app_start_time:775225802583541, task_sched_time:775226004244774
app_id: 4, app_name: pulse_doppler_api-aarch64, task_id: 379, task_name: DASH_FFT, resource_name: cpu3, ref_start_time: 775226004393004, ref_stop_time: 775226004413884, actual_exe_time: 20880, task_app_start_time:775225802583541, task_sched_time:775226004383884
app_id: 2, app_name: TX_api-aarch64, task_id: 67, task_name: DASH_FFT, resource_name: fft1, ref_start_time: 775226004621784, ref_stop_time: 775226004657304, actual_exe_time: 35520, task_app_start_time:775225832344986, task_sched_time:775226004556174
app_id: 4, app_name: pulse_doppler_api-aarch64, task_id: 380, task_name: DASH_FFT, resource_name: cpu1, ref_start_time: 775226004683524, ref_stop_time: 775226004703984, actual_exe_time: 20460, task_app_start_time:775225802583541, task_sched_time:775226004675604
app_id: 1, app_name: TX_api-aarch64, task_id: 57, task_name: DASH_FFT, resource_name: fft2, ref_start_time: 775226004758254, ref_stop_time: 775226004793804, actual_exe_time: 35550, task_app_start_time:775225822339865, task_sched_time:775226004602344
app_id: 4, app_name: pulse_doppler_api-aarch64, task_id: 381, task_name: DASH_FFT, resource_name: cpu2, ref_start_time: 775226004826264, ref_stop_time: 775226004850324, actual_exe_time: 24060, task_app_start_time:775225802583541, task_sched_time:775226004820474
app_id: 4, app_name: pulse_doppler_api-aarch64, task_id: 382, task_name: DASH_ZIP, resource_name: cpu3, ref_start_time: 775226004945394, ref_stop_time: 775226004965974, actual_exe_time: 20580, task_app_start_time:775225802583541, task_sched_time:775226004942154
app_id: 2, app_name: TX_api-aarch64, task_id: 68, task_name: DASH_FFT, resource_name: fft1, ref_start_time: 775226005171654, ref_stop_time: 775226005206364, actual_exe_time: 34710, task_app_start_time:775225832344986, task_sched_time:775226005156594
app_id: 4, app_name: pulse_doppler_api-aarch64, task_id: 383, task_name: DASH_FFT, resource_name: fft2, ref_start_time: 775226005194634, ref_stop_time: 775226005234564, actual_exe_time: 39930, task_app_start_time:775225802583541, task_sched_time:775226005184914
app_id: 1, app_name: TX_api-aarch64, task_id: 58, task_name: DASH_FFT, resource_name: cpu1, ref_start_time: 775226005361674, ref_stop_time: 775226005386154, actual_exe_time: 24480, task_app_start_time:775225822339865, task_sched_time:775226005343554
app_id: 4, app_name: pulse_doppler_api-aarch64, task_id: 384, task_name: DASH_FFT, resource_name: cpu2, ref_start_time: 775226005373914, ref_stop_time: 775226005397614, actual_exe_time: 23700, task_app_start_time:775225802583541, task_sched_time:775226005365454
app_id: 3, app_name: TX_api-aarch64, task_id: 50, task_name: DASH_FFT, resource_name: fft2, ref_start_time: 775226005868374, ref_stop_time: 775226005909534, actual_exe_time: 41160, task_app_start_time:775225842345218, task_sched_time:775226005861684
app_id: 2, app_name: TX_api-aarch64, task_id: 69, task_name: DASH_FFT, resource_name: cpu3, ref_start_time: 775226005870594, ref_stop_time: 775226005893784, actual_exe_time: 23190, task_app_start_time:775225832344986, task_sched_time:775226005700044
app_id: 1, app_name: TX_api-aarch64, task_id: 59, task_name: DASH_FFT, resource_name: cpu1, ref_start_time: 775226005908184, ref_stop_time: 775226005932664, actual_exe_time: 24480, task_app_start_time:775225822339865, task_sched_time:775226005898764
app_id: 4, app_name: pulse_doppler_api-aarch64, task_id: 385, task_name: DASH_FFT, resource_name: fft1, ref_start_time: 775226006000194, ref_stop_time: 775226006026024, actual_exe_time: 25830, task_app_start_time:775225802583541, task_sched_time:775226005778464
app_id: 4, app_name: pulse_doppler_api-aarch64, task_id: 386, task_name: DASH_ZIP, resource_name: cpu2, ref_start_time: 775226006122204, ref_stop_time: 775226006145724, actual_exe_time: 23520, task_app_start_time:775225802583541, task_sched_time:775226006108284
app_id: 4, app_name: pulse_doppler_api-aarch64, task_id: 387, task_name: DASH_FFT, resource_name: cpu3, ref_start_time: 775226006242264, ref_stop_time: 775226006263654, actual_exe_time: 21390, task_app_start_time:775225802583541, task_sched_time:775226006236144
app_id: 3, app_name: TX_api-aarch64, task_id: 51, task_name: DASH_FFT, resource_name: fft1, ref_start_time: 775226007995314, ref_stop_time: 775226008031464, actual_exe_time: 36150, task_app_start_time:775225842345218, task_sched_time:775226007366364
app_id: 0, app_name: TX_api-aarch64, task_id: 61, task_name: DASH_FFT, resource_name: cpu1, ref_start_time: 775226010815195, ref_stop_time: 775226010837245, actual_exe_time: 22050, task_app_start_time:775225812328473, task_sched_time:775226010801785
app_id: 4, app_name: pulse_doppler_api-aarch64, task_id: 388, task_name: DASH_FFT, resource_name: cpu3, ref_start_time: 775226011648655, ref_stop_time: 775226011670435, actual_exe_time: 21780, task_app_start_time:775225802583541, task_sched_time:775226011644455
app_id: 0, app_name: TX_api-aarch64, task_id: 62, task_name: DASH_FFT, resource_name: cpu2, ref_start_time: 775226011654265, ref_stop_time: 775226011682945, actual_exe_time: 28680, task_app_start_time:775225812328473, task_sched_time:775226011232375
app_id: 4, app_name: pulse_doppler_api-aarch64, task_id: 389, task_name: DASH_FFT, resource_name: fft1, ref_start_time: 775226011714265, ref_stop_time: 775226011739495, actual_exe_time: 25230, task_app_start_time:775225802583541, task_sched_time:775226011710845
app_id: 4, app_name: pulse_doppler_api-aarch64, task_id: 390, task_name: DASH_ZIP, resource_name: zip1, ref_start_time: 775226011781825, ref_stop_time: 775226011821515, actual_exe_time: 39690, task_app_start_time:775225802583541, task_sched_time:775226011768805
app_id: 4, app_name: pulse_doppler_api-aarch64, task_id: 391, task_name: DASH_FFT, resource_name: cpu1, ref_start_time: 775226011853105, ref_stop_time: 775226011875005, actual_exe_time: 21900, task_app_start_time:775225802583541, task_sched_time:775226011849385
app_id: 4, app_name: pulse_doppler_api-aarch64, task_id: 392, task_name: DASH_FFT, resource_name: cpu2, ref_start_time: 775226011968965, ref_stop_time: 775226011992965, actual_exe_time: 24000, task_app_start_time:775225802583541, task_sched_time:775226011961615
app_id: 0, app_name: TX_api-aarch64, task_id: 63, task_name: DASH_FFT, resource_name: fft1, ref_start_time: 775226012087135, ref_stop_time: 775226012121695, actual_exe_time: 34560, task_app_start_time:775225812328473, task_sched_time:775226012078915
app_id: 4, app_name: pulse_doppler_api-aarch64, task_id: 393, task_name: DASH_FFT, resource_name: cpu3, ref_start_time: 775226012088245, ref_stop_time: 775226012110415, actual_exe_time: 22170, task_app_start_time:775225802583541, task_sched_time:775226012019395
app_id: 4, app_name: pulse_doppler_api-aarch64, task_id: 394, task_name: DASH_ZIP, resource_name: zip1, ref_start_time: 775226012144555, ref_stop_time: 775226012183495, actual_exe_time: 38940, task_app_start_time:775225802583541, task_sched_time:775226012140895
app_id: 4, app_name: pulse_doppler_api-aarch64, task_id: 395, task_name: DASH_FFT, resource_name: cpu1, ref_start_time: 775226012210765, ref_stop_time: 775226012231945, actual_exe_time: 21180, task_app_start_time:775225802583541, task_sched_time:775226012208035
app_id: 4, app_name: pulse_doppler_api-aarch64, task_id: 396, task_name: DASH_FFT, resource_name: cpu2, ref_start_time: 775226012317235, ref_stop_time: 775226012340905, actual_exe_time: 23670, task_app_start_time:775225802583541, task_sched_time:775226012309375
app_id: 4, app_name: pulse_doppler_api-aarch64, task_id: 397, task_name: DASH_FFT, resource_name: cpu3, ref_start_time: 775226012375435, ref_stop_time: 775226012395835, actual_exe_time: 20400, task_app_start_time:775225802583541, task_sched_time:775226012366465
app_id: 4, app_name: pulse_doppler_api-aarch64, task_id: 398, task_name: DASH_ZIP, resource_name: zip1, ref_start_time: 775226012538065, ref_stop_time: 775226012577845, actual_exe_time: 39780, task_app_start_time:775225802583541, task_sched_time:775226012427005
app_id: 4, app_name: pulse_doppler_api-aarch64, task_id: 399, task_name: DASH_FFT, resource_name: cpu2, ref_start_time: 775226012608655, ref_stop_time: 775226012633045, actual_exe_time: 24390, task_app_start_time:775225802583541, task_sched_time:775226012602025
app_id: 4, app_name: pulse_doppler_api-aarch64, task_id: 400, task_name: DASH_FFT, resource_name: cpu3, ref_start_time: 775226012718155, ref_stop_time: 775226012738615, actual_exe_time: 20460, task_app_start_time:775225802583541, task_sched_time:775226012714585
app_id: 3, app_name: TX_api-aarch64, task_id: 52, task_name: DASH_FFT, resource_name: fft2, ref_start_time: 775226014788546, ref_stop_time: 775226014823646, actual_exe_time: 35100, task_app_start_time:775225842345218, task_sched_time:775226008560065
app_id: 3, app_name: TX_api-aarch64, task_id: 53, task_name: DASH_FFT, resource_name: fft2, ref_start_time: 775226015263266, ref_stop_time: 775226015297706, actual_exe_time: 34440, task_app_start_time:775225842345218, task_sched_time:775226015255376
app_id: 4, app_name: pulse_doppler_api-aarch64, task_id: 401, task_name: DASH_FFT, resource_name: fft1, ref_start_time: 775226016625866, ref_stop_time: 775226016651336, actual_exe_time: 25470, task_app_start_time:775225802583541, task_sched_time:775226012765555
app_id: 4, app_name: pulse_doppler_api-aarch64, task_id: 402, task_name: DASH_ZIP, resource_name: cpu2, ref_start_time: 775226016705006, ref_stop_time: 775226016827016, actual_exe_time: 122010, task_app_start_time:775225802583541, task_sched_time:775226016686286
app_id: 4, app_name: pulse_doppler_api-aarch64, task_id: 403, task_name: DASH_FFT, resource_name: cpu3, ref_start_time: 775226016822126, ref_stop_time: 775226016844056, actual_exe_time: 21930, task_app_start_time:775225802583541, task_sched_time:775226016815166
app_id: 4, app_name: pulse_doppler_api-aarch64, task_id: 404, task_name: DASH_FFT, resource_name: fft1, ref_start_time: 775226016944796, ref_stop_time: 775226016969966, actual_exe_time: 25170, task_app_start_time:775225802583541, task_sched_time:775226016938016
app_id: 4, app_name: pulse_doppler_api-aarch64, task_id: 405, task_name: DASH_FFT, resource_name: fft2, ref_start_time: 775226017003536, ref_stop_time: 775226017031796, actual_exe_time: 28260, task_app_start_time:775225802583541, task_sched_time:775226016996426
app_id: 4, app_name: pulse_doppler_api-aarch64, task_id: 406, task_name: DASH_ZIP, resource_name: zip1, ref_start_time: 775226017064166, ref_stop_time: 775226017103136, actual_exe_time: 38970, task_app_start_time:775225802583541, task_sched_time:775226017058526
app_id: 0, app_name: TX_api-aarch64, task_id: 64, task_name: DASH_FFT, resource_name: cpu1, ref_start_time: 775226018741016, ref_stop_time: 775226018762946, actual_exe_time: 21930, task_app_start_time:775225812328473, task_sched_time:775226012532815
app_id: 3, app_name: TX_api-aarch64, task_id: 54, task_name: DASH_FFT, resource_name: cpu1, ref_start_time: 775226018795316, ref_stop_time: 775226018816226, actual_exe_time: 20910, task_app_start_time:775225842345218, task_sched_time:775226015701506
app_id: 4, app_name: pulse_doppler_api-aarch64, task_id: 407, task_name: DASH_FFT, resource_name: cpu1, ref_start_time: 775226018846736, ref_stop_time: 775226018867346, actual_exe_time: 20610, task_app_start_time:775225802583541, task_sched_time:775226017128336
app_id: 4, app_name: pulse_doppler_api-aarch64, task_id: 408, task_name: DASH_FFT, resource_name: cpu2, ref_start_time: 775226018965896, ref_stop_time: 775226019089886, actual_exe_time: 123990, task_app_start_time:775225802583541, task_sched_time:775226018953026
app_id: 4, app_name: pulse_doppler_api-aarch64, task_id: 409, task_name: DASH_FFT, resource_name: cpu3, ref_start_time: 775226019117936, ref_stop_time: 775226019139086, actual_exe_time: 21150, task_app_start_time:775225802583541, task_sched_time:775226019078816
app_id: 0, app_name: TX_api-aarch64, task_id: 65, task_name: DASH_FFT, resource_name: fft1, ref_start_time: 775226019125436, ref_stop_time: 775226019159996, actual_exe_time: 34560, task_app_start_time:775225812328473, task_sched_time:775226019110736
app_id: 4, app_name: pulse_doppler_api-aarch64, task_id: 410, task_name: DASH_ZIP, resource_name: zip1, ref_start_time: 775226019307416, ref_stop_time: 775226019348036, actual_exe_time: 40620, task_app_start_time:775225802583541, task_sched_time:775226019168246
app_id: 3, app_name: TX_api-aarch64, task_id: 55, task_name: DASH_FFT, resource_name: cpu1, ref_start_time: 775226019308196, ref_stop_time: 775226019329226, actual_exe_time: 21030, task_app_start_time:775225842345218, task_sched_time:775226019299286
app_id: 4, app_name: pulse_doppler_api-aarch64, task_id: 411, task_name: DASH_FFT, resource_name: cpu2, ref_start_time: 775226019418896, ref_stop_time: 775226019605886, actual_exe_time: 186990, task_app_start_time:775225802583541, task_sched_time:775226019410316
app_id: 0, app_name: TX_api-aarch64, task_id: 66, task_name: DASH_FFT, resource_name: fft1, ref_start_time: 775226019685836, ref_stop_time: 775226019720786, actual_exe_time: 34950, task_app_start_time:775225812328473, task_sched_time:775226019682716
app_id: 4, app_name: pulse_doppler_api-aarch64, task_id: 412, task_name: DASH_FFT, resource_name: cpu3, ref_start_time: 775226019697596, ref_stop_time: 775226019718776, actual_exe_time: 21180, task_app_start_time:775225802583541, task_sched_time:775226019593136
app_id: 4, app_name: pulse_doppler_api-aarch64, task_id: 413, task_name: DASH_FFT, resource_name: fft2, ref_start_time: 775226019758886, ref_stop_time: 775226019787176, actual_exe_time: 28290, task_app_start_time:775225802583541, task_sched_time:775226019746406
app_id: 4, app_name: pulse_doppler_api-aarch64, task_id: 414, task_name: DASH_ZIP, resource_name: zip1, ref_start_time: 775226019866646, ref_stop_time: 775226019909546, actual_exe_time: 42900, task_app_start_time:775225802583541, task_sched_time:775226019813456
app_id: 3, app_name: TX_api-aarch64, task_id: 56, task_name: DASH_FFT, resource_name: cpu1, ref_start_time: 775226019871746, ref_stop_time: 775226019893946, actual_exe_time: 22200, task_app_start_time:775225842345218, task_sched_time:775226019858096
app_id: 4, app_name: pulse_doppler_api-aarch64, task_id: 415, task_name: DASH_FFT, resource_name: cpu2, ref_start_time: 775226019947226, ref_stop_time: 775226020131156, actual_exe_time: 183930, task_app_start_time:775225802583541, task_sched_time:775226019936906
app_id: 4, app_name: pulse_doppler_api-aarch64, task_id: 416, task_name: DASH_FFT, resource_name: cpu3, ref_start_time: 775226020122756, ref_stop_time: 775226020143456, actual_exe_time: 20700, task_app_start_time:775225802583541, task_sched_time:775226020119576
app_id: 4, app_name: pulse_doppler_api-aarch64, task_id: 417, task_name: DASH_FFT, resource_name: fft1, ref_start_time: 775226020184886, ref_stop_time: 775226020209516, actual_exe_time: 24630, task_app_start_time:775225802583541, task_sched_time:775226020169046
app_id: 0, app_name: TX_api-aarch64, task_id: 67, task_name: DASH_FFT, resource_name: cpu1, ref_start_time: 775226020283376, ref_stop_time: 775226020304316, actual_exe_time: 20940, task_app_start_time:775225812328473, task_sched_time:775226020280706
app_id: 4, app_name: pulse_doppler_api-aarch64, task_id: 418, task_name: DASH_ZIP, resource_name: zip1, ref_start_time: 775226020289346, ref_stop_time: 775226020329996, actual_exe_time: 40650, task_app_start_time:775225802583541, task_sched_time:775226020237926
app_id: 4, app_name: pulse_doppler_api-aarch64, task_id: 419, task_name: DASH_FFT, resource_name: cpu2, ref_start_time: 775226020393176, ref_stop_time: 775226020568736, actual_exe_time: 175560, task_app_start_time:775225802583541, task_sched_time:775226020388076
app_id: 3, app_name: TX_api-aarch64, task_id: 57, task_name: DASH_FFT, resource_name: cpu3, ref_start_time: 775226020481646, ref_stop_time: 775226020505916, actual_exe_time: 24270, task_app_start_time:775225842345218, task_sched_time:775226020467306
app_id: 4, app_name: pulse_doppler_api-aarch64, task_id: 420, task_name: DASH_FFT, resource_name: fft1, ref_start_time: 775226020564596, ref_stop_time: 775226020589886, actual_exe_time: 25290, task_app_start_time:775225802583541, task_sched_time:775226020558086
app_id: 4, app_name: pulse_doppler_api-aarch64, task_id: 421, task_name: DASH_FFT, resource_name: fft2, ref_start_time: 775226020631466, ref_stop_time: 775226020659696, actual_exe_time: 28230, task_app_start_time:775225802583541, task_sched_time:775226020619646
app_id: 0, app_name: TX_api-aarch64, task_id: 68, task_name: DASH_FFT, resource_name: cpu1, ref_start_time: 775226020820317, ref_stop_time: 775226020841107, actual_exe_time: 20790, task_app_start_time:775225812328473, task_sched_time:775226020816297
app_id: 4, app_name: pulse_doppler_api-aarch64, task_id: 422, task_name: DASH_ZIP, resource_name: zip1, ref_start_time: 775226020827187, ref_stop_time: 775226020867927, actual_exe_time: 40740, task_app_start_time:775225802583541, task_sched_time:775226020685496
app_id: 4, app_name: pulse_doppler_api-aarch64, task_id: 423, task_name: DASH_FFT, resource_name: cpu2, ref_start_time: 775226020901707, ref_stop_time: 775226021097007, actual_exe_time: 195300, task_app_start_time:775225802583541, task_sched_time:775226020894657
app_id: 3, app_name: TX_api-aarch64, task_id: 58, task_name: DASH_FFT, resource_name: cpu3, ref_start_time: 775226021015497, ref_stop_time: 775226021039737, actual_exe_time: 24240, task_app_start_time:775225842345218, task_sched_time:775226021003167
app_id: 4, app_name: pulse_doppler_api-aarch64, task_id: 424, task_name: DASH_FFT, resource_name: fft1, ref_start_time: 775226021090797, ref_stop_time: 775226021115967, actual_exe_time: 25170, task_app_start_time:775225802583541, task_sched_time:775226021084107
app_id: 4, app_name: pulse_doppler_api-aarch64, task_id: 425, task_name: DASH_FFT, resource_name: fft2, ref_start_time: 775226021157667, ref_stop_time: 775226021185657, actual_exe_time: 27990, task_app_start_time:775225802583541, task_sched_time:775226021144887
app_id: 4, app_name: pulse_doppler_api-aarch64, task_id: 426, task_name: DASH_ZIP, resource_name: zip1, ref_start_time: 775226021225527, ref_stop_time: 775226021265367, actual_exe_time: 39840, task_app_start_time:775225802583541, task_sched_time:775226021214817
app_id: 4, app_name: pulse_doppler_api-aarch64, task_id: 427, task_name: DASH_FFT, resource_name: cpu1, ref_start_time: 775226021295907, ref_stop_time: 775226021316817, actual_exe_time: 20910, task_app_start_time:775225802583541, task_sched_time:775226021290657
app_id: 4, app_name: pulse_doppler_api-aarch64, task_id: 428, task_name: DASH_FFT, resource_name: cpu2, ref_start_time: 775226021403397, ref_stop_time: 775226021532487, actual_exe_time: 129090, task_app_start_time:775225802583541, task_sched_time:775226021397187
app_id: 4, app_name: pulse_doppler_api-aarch64, task_id: 429, task_name: DASH_FFT, resource_name: cpu3, ref_start_time: 775226021558227, ref_stop_time: 775226021581237, actual_exe_time: 23010, task_app_start_time:775225802583541, task_sched_time:775226021520427
app_id: 3, app_name: TX_api-aarch64, task_id: 59, task_name: DASH_FFT, resource_name: fft1, ref_start_time: 775226021571607, ref_stop_time: 775226021605927, actual_exe_time: 34320, task_app_start_time:775225842345218, task_sched_time:775226021549017
app_id: 4, app_name: pulse_doppler_api-aarch64, task_id: 430, task_name: DASH_ZIP, resource_name: zip1, ref_start_time: 775226021613037, ref_stop_time: 775226021651947, actual_exe_time: 38910, task_app_start_time:775225802583541, task_sched_time:775226021607937
app_id: 4, app_name: pulse_doppler_api-aarch64, task_id: 431, task_name: DASH_FFT, resource_name: cpu1, ref_start_time: 775226021740027, ref_stop_time: 775226021760817, actual_exe_time: 20790, task_app_start_time:775225802583541, task_sched_time:775226021737717
app_id: 4, app_name: pulse_doppler_api-aarch64, task_id: 432, task_name: DASH_FFT, resource_name: cpu3, ref_start_time: 775226021847307, ref_stop_time: 775226021867707, actual_exe_time: 20400, task_app_start_time:775225802583541, task_sched_time:775226021843767
app_id: 4, app_name: pulse_doppler_api-aarch64, task_id: 433, task_name: DASH_FFT, resource_name: fft1, ref_start_time: 775226021989027, ref_stop_time: 775226022014227, actual_exe_time: 25200, task_app_start_time:775225802583541, task_sched_time:775226021980777
app_id: 0, app_name: TX_api-aarch64, task_id: 69, task_name: DASH_FFT, resource_name: cpu2, ref_start_time: 775226022992737, ref_stop_time: 775226023015087, actual_exe_time: 22350, task_app_start_time:775225812328473, task_sched_time:775226021752627
app_id: 1, app_name: TX_api-aarch64, task_id: 60, task_name: DASH_FFT, resource_name: cpu2, ref_start_time: 775226026965877, ref_stop_time: 775226026988437, actual_exe_time: 22560, task_app_start_time:775225822339865, task_sched_time:775226026962277
app_id: 2, app_name: TX_api-aarch64, task_id: 70, task_name: DASH_FFT, resource_name: cpu1, ref_start_time: 775226026981417, ref_stop_time: 775226027009288, actual_exe_time: 27871, task_app_start_time:775225832344986, task_sched_time:775226025310267
app_id: 4, app_name: pulse_doppler_api-aarch64, task_id: 434, task_name: DASH_ZIP, resource_name: zip1, ref_start_time: 775226031571598, ref_stop_time: 775226031611438, actual_exe_time: 39840, task_app_start_time:775225802583541, task_sched_time:775226022102217
app_id: 4, app_name: pulse_doppler_api-aarch64, task_id: 435, task_name: DASH_FFT, resource_name: fft1, ref_start_time: 775226031692648, ref_stop_time: 775226031727988, actual_exe_time: 35340, task_app_start_time:775225802583541, task_sched_time:775226031685268
app_id: 4, app_name: pulse_doppler_api-aarch64, task_id: 436, task_name: DASH_FFT, resource_name: fft2, ref_start_time: 775226031856898, ref_stop_time: 775226031885608, actual_exe_time: 28710, task_app_start_time:775225802583541, task_sched_time:775226031845198
app_id: 4, app_name: pulse_doppler_api-aarch64, task_id: 437, task_name: DASH_FFT, resource_name: cpu1, ref_start_time: 775226032055228, ref_stop_time: 775226032075778, actual_exe_time: 20550, task_app_start_time:775225802583541, task_sched_time:775226032052108
app_id: 4, app_name: pulse_doppler_api-aarch64, task_id: 438, task_name: DASH_ZIP, resource_name: cpu2, ref_start_time: 775226032148438, ref_stop_time: 775226032171628, actual_exe_time: 23190, task_app_start_time:775225802583541, task_sched_time:775226032142528
app_id: 1, app_name: TX_api-aarch64, task_id: 61, task_name: DASH_FFT, resource_name: fft1, ref_start_time: 775226032746308, ref_stop_time: 775226032783718, actual_exe_time: 37410, task_app_start_time:775225822339865, task_sched_time:775226032726808
app_id: 1, app_name: TX_api-aarch64, task_id: 62, task_name: DASH_FFT, resource_name: fft2, ref_start_time: 775226033314119, ref_stop_time: 775226033349099, actual_exe_time: 34980, task_app_start_time:775225822339865, task_sched_time:775226033310609
app_id: 1, app_name: TX_api-aarch64, task_id: 63, task_name: DASH_FFT, resource_name: cpu1, ref_start_time: 775226033886579, ref_stop_time: 775226033911359, actual_exe_time: 24780, task_app_start_time:775225822339865, task_sched_time:775226033880849
app_id: 1, app_name: TX_api-aarch64, task_id: 64, task_name: DASH_FFT, resource_name: cpu2, ref_start_time: 775226034440199, ref_stop_time: 775226034462039, actual_exe_time: 21840, task_app_start_time:775225822339865, task_sched_time:775226034434559
app_id: 2, app_name: TX_api-aarch64, task_id: 71, task_name: DASH_FFT, resource_name: cpu3, ref_start_time: 775226034901659, ref_stop_time: 775226034924369, actual_exe_time: 22710, task_app_start_time:775225832344986, task_sched_time:775226029670228
app_id: 4, app_name: pulse_doppler_api-aarch64, task_id: 439, task_name: DASH_FFT, resource_name: cpu3, ref_start_time: 775226034940719, ref_stop_time: 775226034961629, actual_exe_time: 20910, task_app_start_time:775225802583541, task_sched_time:775226032237838
app_id: 1, app_name: TX_api-aarch64, task_id: 65, task_name: DASH_FFT, resource_name: cpu3, ref_start_time: 775226034997869, ref_stop_time: 775226035018989, actual_exe_time: 21120, task_app_start_time:775225822339865, task_sched_time:775226034992229
app_id: 4, app_name: pulse_doppler_api-aarch64, task_id: 440, task_name: DASH_FFT, resource_name: fft1, ref_start_time: 775226035097439, ref_stop_time: 775226035122849, actual_exe_time: 25410, task_app_start_time:775225802583541, task_sched_time:775226035093209
app_id: 2, app_name: TX_api-aarch64, task_id: 72, task_name: DASH_FFT, resource_name: fft2, ref_start_time: 775226035391109, ref_stop_time: 775226035429329, actual_exe_time: 38220, task_app_start_time:775225832344986, task_sched_time:775226035379169
app_id: 1, app_name: TX_api-aarch64, task_id: 66, task_name: DASH_FFT, resource_name: cpu2, ref_start_time: 775226035546989, ref_stop_time: 775226035577649, actual_exe_time: 30660, task_app_start_time:775225822339865, task_sched_time:775226035541439
app_id: 4, app_name: pulse_doppler_api-aarch64, task_id: 441, task_name: DASH_FFT, resource_name: cpu1, ref_start_time: 775226035700979, ref_stop_time: 775226035722069, actual_exe_time: 21090, task_app_start_time:775225802583541, task_sched_time:775226035454439
app_id: 4, app_name: pulse_doppler_api-aarch64, task_id: 442, task_name: DASH_ZIP, resource_name: cpu3, ref_start_time: 775226035762029, ref_stop_time: 775226035782909, actual_exe_time: 20880, task_app_start_time:775225802583541, task_sched_time:775226035755639
app_id: 2, app_name: TX_api-aarch64, task_id: 73, task_name: DASH_FFT, resource_name: fft1, ref_start_time: 775226035902039, ref_stop_time: 775226035937169, actual_exe_time: 35130, task_app_start_time:775225832344986, task_sched_time:775226035894749
app_id: 4, app_name: pulse_doppler_api-aarch64, task_id: 443, task_name: DASH_FFT, resource_name: fft2, ref_start_time: 775226035971699, ref_stop_time: 775226036009859, actual_exe_time: 38160, task_app_start_time:775225802583541, task_sched_time:775226035965129
app_id: 1, app_name: TX_api-aarch64, task_id: 67, task_name: DASH_FFT, resource_name: cpu2, ref_start_time: 775226036116959, ref_stop_time: 775226036139279, actual_exe_time: 22320, task_app_start_time:775225822339865, task_sched_time:775226036109399
app_id: 4, app_name: pulse_doppler_api-aarch64, task_id: 444, task_name: DASH_FFT, resource_name: cpu1, ref_start_time: 775226036120709, ref_stop_time: 775226036146989, actual_exe_time: 26280, task_app_start_time:775225802583541, task_sched_time:775226036088159
app_id: 2, app_name: TX_api-aarch64, task_id: 74, task_name: DASH_FFT, resource_name: cpu3, ref_start_time: 775226036433699, ref_stop_time: 775226036454669, actual_exe_time: 20970, task_app_start_time:775225832344986, task_sched_time:775226036424639
app_id: 4, app_name: pulse_doppler_api-aarch64, task_id: 445, task_name: DASH_FFT, resource_name: fft1, ref_start_time: 775226036473299, ref_stop_time: 775226036498799, actual_exe_time: 25500, task_app_start_time:775225802583541, task_sched_time:775226036456169
app_id: 4, app_name: pulse_doppler_api-aarch64, task_id: 446, task_name: DASH_ZIP, resource_name: zip1, ref_start_time: 775226036534289, ref_stop_time: 775226036573799, actual_exe_time: 39510, task_app_start_time:775225802583541, task_sched_time:775226036525169
app_id: 1, app_name: TX_api-aarch64, task_id: 68, task_name: DASH_FFT, resource_name: cpu2, ref_start_time: 775226036681679, ref_stop_time: 775226036703879, actual_exe_time: 22200, task_app_start_time:775225822339865, task_sched_time:775226036673819
app_id: 4, app_name: pulse_doppler_api-aarch64, task_id: 447, task_name: DASH_FFT, resource_name: cpu1, ref_start_time: 775226036686089, ref_stop_time: 775226036713089, actual_exe_time: 27000, task_app_start_time:775225802583541, task_sched_time:775226036610519
app_id: 4, app_name: pulse_doppler_api-aarch64, task_id: 448, task_name: DASH_FFT, resource_name: cpu3, ref_start_time: 775226036856219, ref_stop_time: 775226036876199, actual_exe_time: 19980, task_app_start_time:775225802583541, task_sched_time:775226036853249
app_id: 2, app_name: TX_api-aarch64, task_id: 75, task_name: DASH_FFT, resource_name: fft1, ref_start_time: 775226037008259, ref_stop_time: 775226037043149, actual_exe_time: 34890, task_app_start_time:775225832344986, task_sched_time:775226037001479
app_id: 4, app_name: pulse_doppler_api-aarch64, task_id: 449, task_name: DASH_FFT, resource_name: fft2, ref_start_time: 775226037140529, ref_stop_time: 775226037169209, actual_exe_time: 28680, task_app_start_time:775225802583541, task_sched_time:775226037124869
app_id: 1, app_name: TX_api-aarch64, task_id: 69, task_name: DASH_FFT, resource_name: cpu1, ref_start_time: 775226037245529, ref_stop_time: 775226037269709, actual_exe_time: 24180, task_app_start_time:775225822339865, task_sched_time:775226037237369
app_id: 4, app_name: pulse_doppler_api-aarch64, task_id: 450, task_name: DASH_ZIP, resource_name: cpu2, ref_start_time: 775226037260589, ref_stop_time: 775226037284199, actual_exe_time: 23610, task_app_start_time:775225802583541, task_sched_time:775226037254769
app_id: 2, app_name: TX_api-aarch64, task_id: 76, task_name: DASH_FFT, resource_name: cpu3, ref_start_time: 775226037486189, ref_stop_time: 775226037506979, actual_exe_time: 20790, task_app_start_time:775225832344986, task_sched_time:775226037479349
app_id: 4, app_name: pulse_doppler_api-aarch64, task_id: 451, task_name: DASH_FFT, resource_name: fft1, ref_start_time: 775226037515769, ref_stop_time: 775226037550809, actual_exe_time: 35040, task_app_start_time:775225802583541, task_sched_time:775226037507069
app_id: 4, app_name: pulse_doppler_api-aarch64, task_id: 452, task_name: DASH_FFT, resource_name: fft2, ref_start_time: 775226037636729, ref_stop_time: 775226037664809, actual_exe_time: 28080, task_app_start_time:775225802583541, task_sched_time:775226037628599
app_id: 2, app_name: TX_api-aarch64, task_id: 77, task_name: DASH_FFT, resource_name: cpu2, ref_start_time: 775226038022619, ref_stop_time: 775226038046709, actual_exe_time: 24090, task_app_start_time:775225832344986, task_sched_time:775226038018449
app_id: 2, app_name: TX_api-aarch64, task_id: 78, task_name: DASH_FFT, resource_name: cpu3, ref_start_time: 775226038439499, ref_stop_time: 775226038460139, actual_exe_time: 20640, task_app_start_time:775225832344986, task_sched_time:775226038436919
app_id: 2, app_name: TX_api-aarch64, task_id: 79, task_name: DASH_FFT, resource_name: fft1, ref_start_time: 775226040217660, ref_stop_time: 775226040253270, actual_exe_time: 35610, task_app_start_time:775225832344986, task_sched_time:775226038858899
app_id: 4, app_name: pulse_doppler_api-aarch64, task_id: 453, task_name: DASH_FFT, resource_name: cpu1, ref_start_time: 775226041479520, ref_stop_time: 775226041501600, actual_exe_time: 22080, task_app_start_time:775225802583541, task_sched_time:775226037841359
app_id: 0, app_name: TX_api-aarch64, task_id: 70, task_name: DASH_FFT, resource_name: fft2, ref_start_time: 775226043604060, ref_stop_time: 775226043641260, actual_exe_time: 37200, task_app_start_time:775225812328473, task_sched_time:775226041632250
app_id: 4, app_name: pulse_doppler_api-aarch64, task_id: 454, task_name: DASH_ZIP, resource_name: zip1, ref_start_time: 775226043608500, ref_stop_time: 775226043655240, actual_exe_time: 46740, task_app_start_time:775225802583541, task_sched_time:775226043598330
app_id: 4, app_name: pulse_doppler_api-aarch64, task_id: 455, task_name: DASH_FFT, resource_name: cpu1, ref_start_time: 775226043693370, ref_stop_time: 775226043715180, actual_exe_time: 21810, task_app_start_time:775225802583541, task_sched_time:775226043682930
app_id: 4, app_name: pulse_doppler_api-aarch64, task_id: 456, task_name: DASH_FFT, resource_name: cpu2, ref_start_time: 775226045233780, ref_stop_time: 775226045258830, actual_exe_time: 25050, task_app_start_time:775225802583541, task_sched_time:775226043801850
app_id: 4, app_name: pulse_doppler_api-aarch64, task_id: 457, task_name: DASH_FFT, resource_name: fft1, ref_start_time: 775226045290630, ref_stop_time: 775226045315650, actual_exe_time: 25020, task_app_start_time:775225802583541, task_sched_time:775226045284090
app_id: 4, app_name: pulse_doppler_api-aarch64, task_id: 458, task_name: DASH_ZIP, resource_name: zip1, ref_start_time: 775226045347240, ref_stop_time: 775226045386540, actual_exe_time: 39300, task_app_start_time:775225802583541, task_sched_time:775226045343640
app_id: 3, app_name: TX_api-aarch64, task_id: 60, task_name: DASH_FFT, resource_name: cpu3, ref_start_time: 775226045530120, ref_stop_time: 775226045555860, actual_exe_time: 25740, task_app_start_time:775225842345218, task_sched_time:775226044549060
app_id: 3, app_name: TX_api-aarch64, task_id: 61, task_name: DASH_FFT, resource_name: cpu2, ref_start_time: 775226048120261, ref_stop_time: 775226048142611, actual_exe_time: 22350, task_app_start_time:775225842345218, task_sched_time:775226048117111
app_id: 3, app_name: TX_api-aarch64, task_id: 62, task_name: DASH_FFT, resource_name: cpu3, ref_start_time: 775226048687951, ref_stop_time: 775226048712701, actual_exe_time: 24750, task_app_start_time:775225842345218, task_sched_time:775226048681201
app_id: 3, app_name: TX_api-aarch64, task_id: 63, task_name: DASH_FFT, resource_name: fft1, ref_start_time: 775226049242981, ref_stop_time: 775226049278651, actual_exe_time: 35670, task_app_start_time:775225842345218, task_sched_time:775226049239441
app_id: 4, app_name: pulse_doppler_api-aarch64, task_id: 459, task_name: DASH_FFT, resource_name: cpu1, ref_start_time: 775226049799061, ref_stop_time: 775226049821381, actual_exe_time: 22320, task_app_start_time:775225802583541, task_sched_time:775226045412400
app_id: 3, app_name: TX_api-aarch64, task_id: 64, task_name: DASH_FFT, resource_name: fft2, ref_start_time: 775226049816461, ref_stop_time: 775226053543782, actual_exe_time: 3727321, task_app_start_time:775225842345218, task_sched_time:775226049809681
app_id: 4, app_name: pulse_doppler_api-aarch64, task_id: 460, task_name: DASH_FFT, resource_name: cpu1, ref_start_time: 775226049914201, ref_stop_time: 775226049934331, actual_exe_time: 20130, task_app_start_time:775225802583541, task_sched_time:775226049912071
app_id: 4, app_name: pulse_doppler_api-aarch64, task_id: 461, task_name: DASH_FFT, resource_name: cpu2, ref_start_time: 775226049968981, ref_stop_time: 775226053559052, actual_exe_time: 3590071, task_app_start_time:775225802583541, task_sched_time:775226049963521
app_id: 0, app_name: TX_api-aarch64, task_id: 71, task_name: DASH_FFT, resource_name: cpu3, ref_start_time: 775226051026391, ref_stop_time: 775226051050451, actual_exe_time: 24060, task_app_start_time:775225812328473, task_sched_time:775226051014991
app_id: 0, app_name: TX_api-aarch64, task_id: 72, task_name: DASH_FFT, resource_name: fft1, ref_start_time: 775226051460341, ref_stop_time: 775226051495921, actual_exe_time: 35580, task_app_start_time:775225812328473, task_sched_time:775226051445881
app_id: 2, app_name: TX_api-aarch64, task_id: 80, task_name: DASH_FFT, resource_name: cpu1, ref_start_time: 775226053528542, ref_stop_time: 775226053550472, actual_exe_time: 21930, task_app_start_time:775225832344986, task_sched_time:775226053518462
app_id: 4, app_name: pulse_doppler_api-aarch64, task_id: 462, task_name: DASH_ZIP, resource_name: cpu2, ref_start_time: 775226053593312, ref_stop_time: 775226053617462, actual_exe_time: 24150, task_app_start_time:775225802583541, task_sched_time:775226053588782
app_id: 4, app_name: pulse_doppler_api-aarch64, task_id: 463, task_name: DASH_FFT, resource_name: cpu3, ref_start_time: 775226053645302, ref_stop_time: 775226053667472, actual_exe_time: 22170, task_app_start_time:775225802583541, task_sched_time:775226053641762
app_id: 4, app_name: pulse_doppler_api-aarch64, task_id: 464, task_name: DASH_FFT, resource_name: fft1, ref_start_time: 775226053769742, ref_stop_time: 775226053794342, actual_exe_time: 24600, task_app_start_time:775225802583541, task_sched_time:775226053754352
app_id: 3, app_name: TX_api-aarch64, task_id: 65, task_name: DASH_FFT, resource_name: cpu1, ref_start_time: 775226053979832, ref_stop_time: 775226054000922, actual_exe_time: 21090, task_app_start_time:775225842345218, task_sched_time:775226053974132
app_id: 3, app_name: TX_api-aarch64, task_id: 66, task_name: DASH_FFT, resource_name: cpu2, ref_start_time: 775226054574162, ref_stop_time: 775226054596422, actual_exe_time: 22260, task_app_start_time:775225842345218, task_sched_time:775226054570892
app_id: 3, app_name: TX_api-aarch64, task_id: 67, task_name: DASH_FFT, resource_name: cpu3, ref_start_time: 775226055001872, ref_stop_time: 775226055025422, actual_exe_time: 23550, task_app_start_time:775225842345218, task_sched_time:775226054989092
app_id: 0, app_name: TX_api-aarch64, task_id: 73, task_name: DASH_FFT, resource_name: fft2, ref_start_time: 775226055461232, ref_stop_time: 775226055496482, actual_exe_time: 35250, task_app_start_time:775225812328473, task_sched_time:775226051895462
app_id: 4, app_name: pulse_doppler_api-aarch64, task_id: 465, task_name: DASH_FFT, resource_name: fft2, ref_start_time: 775226055526602, ref_stop_time: 775226055566622, actual_exe_time: 40020, task_app_start_time:775225802583541, task_sched_time:775226053823142
app_id: 4, app_name: pulse_doppler_api-aarch64, task_id: 466, task_name: DASH_ZIP, resource_name: zip1, ref_start_time: 775226055605202, ref_stop_time: 775226055645192, actual_exe_time: 39990, task_app_start_time:775225802583541, task_sched_time:775226055596082
app_id: 0, app_name: TX_api-aarch64, task_id: 74, task_name: DASH_FFT, resource_name: cpu2, ref_start_time: 775226055899742, ref_stop_time: 775226055921912, actual_exe_time: 22170, task_app_start_time:775225812328473, task_sched_time:775226055895122
app_id: 3, app_name: TX_api-aarch64, task_id: 68, task_name: DASH_FFT, resource_name: fft1, ref_start_time: 775226056005432, ref_stop_time: 775226056040412, actual_exe_time: 34980, task_app_start_time:775225842345218, task_sched_time:775226055420102
app_id: 0, app_name: TX_api-aarch64, task_id: 75, task_name: DASH_FFT, resource_name: cpu3, ref_start_time: 775226056258782, ref_stop_time: 775226056283502, actual_exe_time: 24720, task_app_start_time:775225812328473, task_sched_time:775226056250172
app_id: 3, app_name: TX_api-aarch64, task_id: 69, task_name: DASH_FFT, resource_name: fft1, ref_start_time: 775226056513272, ref_stop_time: 775226056548012, actual_exe_time: 34740, task_app_start_time:775225842345218, task_sched_time:775226056509672
app_id: 0, app_name: TX_api-aarch64, task_id: 76, task_name: DASH_FFT, resource_name: fft2, ref_start_time: 775226056796622, ref_stop_time: 775226056831602, actual_exe_time: 34980, task_app_start_time:775225812328473, task_sched_time:775226056794012
app_id: 4, app_name: pulse_doppler_api-aarch64, task_id: 467, task_name: DASH_FFT, resource_name: cpu1, ref_start_time: 775226056859772, ref_stop_time: 775226056881462, actual_exe_time: 21690, task_app_start_time:775225802583541, task_sched_time:775226055670302
app_id: 4, app_name: pulse_doppler_api-aarch64, task_id: 468, task_name: DASH_FFT, resource_name: cpu1, ref_start_time: 775226056967262, ref_stop_time: 775226056987302, actual_exe_time: 20040, task_app_start_time:775225802583541, task_sched_time:775226056964502
app_id: 4, app_name: pulse_doppler_api-aarch64, task_id: 469, task_name: DASH_FFT, resource_name: cpu2, ref_start_time: 775226057023572, ref_stop_time: 775226057153382, actual_exe_time: 129810, task_app_start_time:775225802583541, task_sched_time:775226057018352
app_id: 1, app_name: TX_api-aarch64, task_id: 70, task_name: DASH_FFT, resource_name: fft2, ref_start_time: 775226060589613, ref_stop_time: 775226060625073, actual_exe_time: 35460, task_app_start_time:775225822339865, task_sched_time:775226060587003
app_id: 0, app_name: TX_api-aarch64, task_id: 77, task_name: DASH_FFT, resource_name: fft1, ref_start_time: 775226060609143, ref_stop_time: 775226060650123, actual_exe_time: 40980, task_app_start_time:775225812328473, task_sched_time:775226059704343
app_id: 2, app_name: TX_api-aarch64, task_id: 81, task_name: DASH_FFT, resource_name: cpu2, ref_start_time: 775226061047083, ref_stop_time: 775226061070963, actual_exe_time: 23880, task_app_start_time:775225832344986, task_sched_time:775226061039673
app_id: 4, app_name: pulse_doppler_api-aarch64, task_id: 470, task_name: DASH_ZIP, resource_name: cpu3, ref_start_time: 775226061123463, ref_stop_time: 775226061145483, actual_exe_time: 22020, task_app_start_time:775225802583541, task_sched_time:775226057141562
app_id: 4, app_name: pulse_doppler_api-aarch64, task_id: 471, task_name: DASH_FFT, resource_name: cpu3, ref_start_time: 775226061174433, ref_stop_time: 775226061196393, actual_exe_time: 21960, task_app_start_time:775225802583541, task_sched_time:775226061171523
app_id: 4, app_name: pulse_doppler_api-aarch64, task_id: 472, task_name: DASH_FFT, resource_name: fft1, ref_start_time: 775226061303223, ref_stop_time: 775226061329143, actual_exe_time: 25920, task_app_start_time:775225802583541, task_sched_time:775226061293773
app_id: 2, app_name: TX_api-aarch64, task_id: 82, task_name: DASH_FFT, resource_name: fft2, ref_start_time: 775226061540433, ref_stop_time: 775226061578293, actual_exe_time: 37860, task_app_start_time:775225832344986, task_sched_time:775226061531763
app_id: 0, app_name: TX_api-aarch64, task_id: 78, task_name: DASH_FFT, resource_name: cpu1, ref_start_time: 775226061821113, ref_stop_time: 775226061842803, actual_exe_time: 21690, task_app_start_time:775225812328473, task_sched_time:775226060788483
app_id: 4, app_name: pulse_doppler_api-aarch64, task_id: 473, task_name: DASH_FFT, resource_name: cpu1, ref_start_time: 775226061880153, ref_stop_time: 775226061899983, actual_exe_time: 19830, task_app_start_time:775225802583541, task_sched_time:775226061606133
app_id: 0, app_name: TX_api-aarch64, task_id: 79, task_name: DASH_FFT, resource_name: cpu2, ref_start_time: 775226062034473, ref_stop_time: 775226062062223, actual_exe_time: 27750, task_app_start_time:775225812328473, task_sched_time:775226061982633
app_id: 2, app_name: TX_api-aarch64, task_id: 83, task_name: DASH_FFT, resource_name: cpu3, ref_start_time: 775226062035283, ref_stop_time: 775226062062433, actual_exe_time: 27150, task_app_start_time:775225832344986, task_sched_time:775226062028593
app_id: 2, app_name: TX_api-aarch64, task_id: 84, task_name: DASH_FFT, resource_name: cpu1, ref_start_time: 775226062491163, ref_stop_time: 775226062512103, actual_exe_time: 20940, task_app_start_time:775225832344986, task_sched_time:775226062480063
app_id: 2, app_name: TX_api-aarch64, task_id: 85, task_name: DASH_FFT, resource_name: cpu2, ref_start_time: 775226062916803, ref_stop_time: 775226062940623, actual_exe_time: 23820, task_app_start_time:775225832344986, task_sched_time:775226062910653
app_id: 1, app_name: TX_api-aarch64, task_id: 71, task_name: DASH_FFT, resource_name: fft1, ref_start_time: 775226064365144, ref_stop_time: 775226064404024, actual_exe_time: 38880, task_app_start_time:775225822339865, task_sched_time:775226064357224
app_id: 1, app_name: TX_api-aarch64, task_id: 72, task_name: DASH_FFT, resource_name: fft2, ref_start_time: 775226064941534, ref_stop_time: 775226064976994, actual_exe_time: 35460, task_app_start_time:775225822339865, task_sched_time:775226064937244
app_id: 1, app_name: TX_api-aarch64, task_id: 73, task_name: DASH_FFT, resource_name: cpu1, ref_start_time: 775226065521314, ref_stop_time: 775226065546064, actual_exe_time: 24750, task_app_start_time:775225822339865, task_sched_time:775226065505654
app_id: 1, app_name: TX_api-aarch64, task_id: 74, task_name: DASH_FFT, resource_name: cpu2, ref_start_time: 775226066075984, ref_stop_time: 775226066097524, actual_exe_time: 21540, task_app_start_time:775225822339865, task_sched_time:775226066069414
app_id: 3, app_name: TX_api-aarch64, task_id: 70, task_name: DASH_FFT, resource_name: fft1, ref_start_time: 775226071444035, ref_stop_time: 775226071479585, actual_exe_time: 35550, task_app_start_time:775225842345218, task_sched_time:775226071437045
app_id: 4, app_name: pulse_doppler_api-aarch64, task_id: 474, task_name: DASH_ZIP, resource_name: zip1, ref_start_time: 775226071445715, ref_stop_time: 775226071493715, actual_exe_time: 48000, task_app_start_time:775225802583541, task_sched_time:775226062091593
app_id: 4, app_name: pulse_doppler_api-aarch64, task_id: 475, task_name: DASH_FFT, resource_name: fft2, ref_start_time: 775226071533075, ref_stop_time: 775226071579275, actual_exe_time: 46200, task_app_start_time:775225802583541, task_sched_time:775226071522125
app_id: 4, app_name: pulse_doppler_api-aarch64, task_id: 476, task_name: DASH_FFT, resource_name: cpu1, ref_start_time: 775226071667925, ref_stop_time: 775226071689075, actual_exe_time: 21150, task_app_start_time:775225802583541, task_sched_time:775226071663905
app_id: 4, app_name: pulse_doppler_api-aarch64, task_id: 477, task_name: DASH_FFT, resource_name: cpu2, ref_start_time: 775226071865565, ref_stop_time: 775226071889445, actual_exe_time: 23880, task_app_start_time:775225802583541, task_sched_time:775226071859175
app_id: 2, app_name: TX_api-aarch64, task_id: 86, task_name: DASH_FFT, resource_name: cpu3, ref_start_time: 775226074468965, ref_stop_time: 775226074491345, actual_exe_time: 22380, task_app_start_time:775225832344986, task_sched_time:775226063330953
app_id: 1, app_name: TX_api-aarch64, task_id: 75, task_name: DASH_FFT, resource_name: cpu3, ref_start_time: 775226074509045, ref_stop_time: 775226074530495, actual_exe_time: 21450, task_app_start_time:775225822339865, task_sched_time:775226066624324
app_id: 4, app_name: pulse_doppler_api-aarch64, task_id: 478, task_name: DASH_ZIP, resource_name: cpu3, ref_start_time: 775226074545435, ref_stop_time: 775226074566255, actual_exe_time: 20820, task_app_start_time:775225802583541, task_sched_time:775226071954935
app_id: 4, app_name: pulse_doppler_api-aarch64, task_id: 479, task_name: DASH_FFT, resource_name: fft1, ref_start_time: 775226074654395, ref_stop_time: 775226074689075, actual_exe_time: 34680, task_app_start_time:775225802583541, task_sched_time:775226074647315
app_id: 4, app_name: pulse_doppler_api-aarch64, task_id: 480, task_name: DASH_FFT, resource_name: fft2, ref_start_time: 775226074836855, ref_stop_time: 775226074866135, actual_exe_time: 29280, task_app_start_time:775225802583541, task_sched_time:775226074827975
app_id: 1, app_name: TX_api-aarch64, task_id: 76, task_name: DASH_FFT, resource_name: cpu2, ref_start_time: 775226075070705, ref_stop_time: 775226075092935, actual_exe_time: 22230, task_app_start_time:775225822339865, task_sched_time:775226075060805
app_id: 2, app_name: TX_api-aarch64, task_id: 87, task_name: DASH_FFT, resource_name: cpu1, ref_start_time: 775226075077785, ref_stop_time: 775226075105205, actual_exe_time: 27420, task_app_start_time:775225832344986, task_sched_time:775226075002725
app_id: 4, app_name: pulse_doppler_api-aarch64, task_id: 481, task_name: DASH_FFT, resource_name: cpu3, ref_start_time: 775226075139015, ref_stop_time: 775226075159115, actual_exe_time: 20100, task_app_start_time:775225802583541, task_sched_time:775226075136405
app_id: 4, app_name: pulse_doppler_api-aarch64, task_id: 482, task_name: DASH_ZIP, resource_name: zip1, ref_start_time: 775226075221215, ref_stop_time: 775226075260425, actual_exe_time: 39210, task_app_start_time:775225802583541, task_sched_time:775226075213475
app_id: 4, app_name: pulse_doppler_api-aarch64, task_id: 483, task_name: DASH_FFT, resource_name: cpu1, ref_start_time: 775226075358825, ref_stop_time: 775226075380095, actual_exe_time: 21270, task_app_start_time:775225802583541, task_sched_time:775226075352765
app_id: 2, app_name: TX_api-aarch64, task_id: 88, task_name: DASH_FFT, resource_name: cpu2, ref_start_time: 775226075528775, ref_stop_time: 775226075563605, actual_exe_time: 34830, task_app_start_time:775225832344986, task_sched_time:775226075520075
app_id: 1, app_name: TX_api-aarch64, task_id: 77, task_name: DASH_FFT, resource_name: cpu3, ref_start_time: 775226075644125, ref_stop_time: 775226075665545, actual_exe_time: 21420, task_app_start_time:775225822339865, task_sched_time:775226075637885
app_id: 4, app_name: pulse_doppler_api-aarch64, task_id: 484, task_name: DASH_FFT, resource_name: fft1, ref_start_time: 775226075744745, ref_stop_time: 775226075770005, actual_exe_time: 25260, task_app_start_time:775225802583541, task_sched_time:775226075740815
app_id: 4, app_name: pulse_doppler_api-aarch64, task_id: 485, task_name: DASH_FFT, resource_name: fft2, ref_start_time: 775226075821365, ref_stop_time: 775226075849505, actual_exe_time: 28140, task_app_start_time:775225802583541, task_sched_time:775226075813055
app_id: 4, app_name: pulse_doppler_api-aarch64, task_id: 486, task_name: DASH_ZIP, resource_name: zip1, ref_start_time: 775226075938215, ref_stop_time: 775226075977395, actual_exe_time: 39180, task_app_start_time:775225802583541, task_sched_time:775226075935305
app_id: 2, app_name: TX_api-aarch64, task_id: 89, task_name: DASH_FFT, resource_name: cpu1, ref_start_time: 775226076085005, ref_stop_time: 775226076106395, actual_exe_time: 21390, task_app_start_time:775225832344986, task_sched_time:775226076076845
app_id: 4, app_name: pulse_doppler_api-aarch64, task_id: 487, task_name: DASH_FFT, resource_name: cpu2, ref_start_time: 775226076142485, ref_stop_time: 775226076167115, actual_exe_time: 24630, task_app_start_time:775225802583541, task_sched_time:775226076135285
app_id: 1, app_name: TX_api-aarch64, task_id: 78, task_name: DASH_FFT, resource_name: cpu3, ref_start_time: 775226076244575, ref_stop_time: 775226076267525, actual_exe_time: 22950, task_app_start_time:775225822339865, task_sched_time:775226076241635
app_id: 4, app_name: pulse_doppler_api-aarch64, task_id: 488, task_name: DASH_FFT, resource_name: fft1, ref_start_time: 775226076257355, ref_stop_time: 775226076284955, actual_exe_time: 27600, task_app_start_time:775225802583541, task_sched_time:775226076250185
app_id: 4, app_name: pulse_doppler_api-aarch64, task_id: 489, task_name: DASH_FFT, resource_name: cpu1, ref_start_time: 775226079608626, ref_stop_time: 775226079629836, actual_exe_time: 21210, task_app_start_time:775225802583541, task_sched_time:775226079591076
app_id: 4, app_name: pulse_doppler_api-aarch64, task_id: 490, task_name: DASH_ZIP, resource_name: cpu2, ref_start_time: 775226079666706, ref_stop_time: 775226079690946, actual_exe_time: 24240, task_app_start_time:775225802583541, task_sched_time:775226079658966
app_id: 4, app_name: pulse_doppler_api-aarch64, task_id: 491, task_name: DASH_FFT, resource_name: cpu3, ref_start_time: 775226079720976, ref_stop_time: 775226079742216, actual_exe_time: 21240, task_app_start_time:775225802583541, task_sched_time:775226079716356
app_id: 4, app_name: pulse_doppler_api-aarch64, task_id: 492, task_name: DASH_FFT, resource_name: fft1, ref_start_time: 775226079859966, ref_stop_time: 775226079885316, actual_exe_time: 25350, task_app_start_time:775225802583541, task_sched_time:775226079852316
app_id: 1, app_name: TX_api-aarch64, task_id: 79, task_name: DASH_FFT, resource_name: fft2, ref_start_time: 775226081286556, ref_stop_time: 775226081321566, actual_exe_time: 35010, task_app_start_time:775225822339865, task_sched_time:775226076789976
app_id: 4, app_name: pulse_doppler_api-aarch64, task_id: 493, task_name: DASH_FFT, resource_name: fft2, ref_start_time: 775226081348476, ref_stop_time: 775226081376796, actual_exe_time: 28320, task_app_start_time:775225802583541, task_sched_time:775226079911506
app_id: 4, app_name: pulse_doppler_api-aarch64, task_id: 494, task_name: DASH_ZIP, resource_name: zip1, ref_start_time: 775226081419756, ref_stop_time: 775226081458936, actual_exe_time: 39180, task_app_start_time:775225802583541, task_sched_time:775226081403946
app_id: 4, app_name: pulse_doppler_api-aarch64, task_id: 495, task_name: DASH_FFT, resource_name: cpu1, ref_start_time: 775226081487766, ref_stop_time: 775226081509366, actual_exe_time: 21600, task_app_start_time:775225802583541, task_sched_time:775226081485486
app_id: 4, app_name: pulse_doppler_api-aarch64, task_id: 496, task_name: DASH_FFT, resource_name: cpu2, ref_start_time: 775226081606656, ref_stop_time: 775226081728246, actual_exe_time: 121590, task_app_start_time:775225802583541, task_sched_time:775226081595076
app_id: 4, app_name: pulse_doppler_api-aarch64, task_id: 497, task_name: DASH_FFT, resource_name: cpu3, ref_start_time: 775226081718916, ref_stop_time: 775226081738776, actual_exe_time: 19860, task_app_start_time:775225802583541, task_sched_time:775226081714806
app_id: 4, app_name: pulse_doppler_api-aarch64, task_id: 498, task_name: DASH_ZIP, resource_name: zip1, ref_start_time: 775226081772796, ref_stop_time: 775226081811226, actual_exe_time: 38430, task_app_start_time:775225802583541, task_sched_time:775226081769856
app_id: 3, app_name: TX_api-aarch64, task_id: 71, task_name: DASH_FFT, resource_name: cpu2, ref_start_time: 775226082457696, ref_stop_time: 775226082479926, actual_exe_time: 22230, task_app_start_time:775225842345218, task_sched_time:775226082446086
app_id: 3, app_name: TX_api-aarch64, task_id: 72, task_name: DASH_FFT, resource_name: cpu3, ref_start_time: 775226083022267, ref_stop_time: 775226083046957, actual_exe_time: 24690, task_app_start_time:775225842345218, task_sched_time:775226083014617
app_id: 3, app_name: TX_api-aarch64, task_id: 73, task_name: DASH_FFT, resource_name: fft2, ref_start_time: 775226084550737, ref_stop_time: 775226084585657, actual_exe_time: 34920, task_app_start_time:775225842345218, task_sched_time:775226084542157
app_id: 0, app_name: TX_api-aarch64, task_id: 80, task_name: DASH_FFT, resource_name: fft1, ref_start_time: 775226089530228, ref_stop_time: 775226089566018, actual_exe_time: 35790, task_app_start_time:775225812328473, task_sched_time:775226084156207
app_id: 0, app_name: TX_api-aarch64, task_id: 81, task_name: DASH_FFT, resource_name: cpu2, ref_start_time: 775226092081578, ref_stop_time: 775226092103838, actual_exe_time: 22260, task_app_start_time:775225812328473, task_sched_time:775226092077558
app_id: 0, app_name: TX_api-aarch64, task_id: 82, task_name: DASH_FFT, resource_name: cpu3, ref_start_time: 775226092507968, ref_stop_time: 775226092532178, actual_exe_time: 24210, task_app_start_time:775225812328473, task_sched_time:775226092499838
app_id: 0, app_name: TX_api-aarch64, task_id: 83, task_name: DASH_FFT, resource_name: fft1, ref_start_time: 775226092927548, ref_stop_time: 775226092962258, actual_exe_time: 34710, task_app_start_time:775225812328473, task_sched_time:775226092924788
app_id: 0, app_name: TX_api-aarch64, task_id: 84, task_name: DASH_FFT, resource_name: fft2, ref_start_time: 775226093362638, ref_stop_time: 775226093397618, actual_exe_time: 34980, task_app_start_time:775225812328473, task_sched_time:775226093355558
app_id: 4, app_name: pulse_doppler_api-aarch64, task_id: 499, task_name: DASH_FFT, resource_name: cpu1, ref_start_time: 775226093435028, ref_stop_time: 775226093457168, actual_exe_time: 22140, task_app_start_time:775225802583541, task_sched_time:775226081840746
app_id: 3, app_name: TX_api-aarch64, task_id: 74, task_name: DASH_FFT, resource_name: cpu1, ref_start_time: 775226093494218, ref_stop_time: 775226093515128, actual_exe_time: 20910, task_app_start_time:775225842345218, task_sched_time:775226084986907
app_id: 4, app_name: pulse_doppler_api-aarch64, task_id: 500, task_name: DASH_FFT, resource_name: cpu1, ref_start_time: 775226093548998, ref_stop_time: 775226093569098, actual_exe_time: 20100, task_app_start_time:775225802583541, task_sched_time:775226093539788
app_id: 4, app_name: pulse_doppler_api-aarch64, task_id: 501, task_name: DASH_FFT, resource_name: cpu2, ref_start_time: 775226093607288, ref_stop_time: 775226093728518, actual_exe_time: 121230, task_app_start_time:775225802583541, task_sched_time:775226093595708
app_id: 4, app_name: pulse_doppler_api-aarch64, task_id: 502, task_name: DASH_ZIP, resource_name: cpu3, ref_start_time: 775226093732298, ref_stop_time: 775226093755518, actual_exe_time: 23220, task_app_start_time:775225802583541, task_sched_time:775226093717448
app_id: 0, app_name: TX_api-aarch64, task_id: 85, task_name: DASH_FFT, resource_name: fft1, ref_start_time: 775226093747688, ref_stop_time: 775226093783028, actual_exe_time: 35340, task_app_start_time:775225812328473, task_sched_time:775226093726088
app_id: 4, app_name: pulse_doppler_api-aarch64, task_id: 503, task_name: DASH_FFT, resource_name: fft2, ref_start_time: 775226093838318, ref_stop_time: 775226093982738, actual_exe_time: 144420, task_app_start_time:775225802583541, task_sched_time:775226093834298
app_id: 4, app_name: pulse_doppler_api-aarch64, task_id: 504, task_name: DASH_FFT, resource_name: cpu1, ref_start_time: 775226093980428, ref_stop_time: 775226094000738, actual_exe_time: 20310, task_app_start_time:775225802583541, task_sched_time:775226093977428
app_id: 4, app_name: pulse_doppler_api-aarch64, task_id: 505, task_name: DASH_FFT, resource_name: cpu2, ref_start_time: 775226094093918, ref_stop_time: 775226094242508, actual_exe_time: 148590, task_app_start_time:775225802583541, task_sched_time:775226094088788
app_id: 4, app_name: pulse_doppler_api-aarch64, task_id: 506, task_name: DASH_ZIP, resource_name: cpu3, ref_start_time: 775226094175068, ref_stop_time: 775226094196428, actual_exe_time: 21360, task_app_start_time:775225802583541, task_sched_time:775226094167688
app_id: 3, app_name: TX_api-aarch64, task_id: 75, task_name: DASH_FFT, resource_name: cpu1, ref_start_time: 775226094474228, ref_stop_time: 775226094494868, actual_exe_time: 20640, task_app_start_time:775225842345218, task_sched_time:775226094471078
app_id: 2, app_name: TX_api-aarch64, task_id: 90, task_name: DASH_FFT, resource_name: cpu3, ref_start_time: 775226095201308, ref_stop_time: 775226095223388, actual_exe_time: 22080, task_app_start_time:775225832344986, task_sched_time:775226095195278
app_id: 3, app_name: TX_api-aarch64, task_id: 76, task_name: DASH_FFT, resource_name: cpu2, ref_start_time: 775226095204638, ref_stop_time: 775226095232208, actual_exe_time: 27570, task_app_start_time:775225842345218, task_sched_time:775226094638388
app_id: 0, app_name: TX_api-aarch64, task_id: 86, task_name: DASH_FFT, resource_name: fft2, ref_start_time: 775226095241418, ref_stop_time: 775226095275918, actual_exe_time: 34500, task_app_start_time:775225812328473, task_sched_time:775226094331788
app_id: 0, app_name: TX_api-aarch64, task_id: 87, task_name: DASH_FFT, resource_name: fft2, ref_start_time: 775226095901569, ref_stop_time: 775226095936459, actual_exe_time: 34890, task_app_start_time:775225812328473, task_sched_time:775226095896409
app_id: 0, app_name: TX_api-aarch64, task_id: 88, task_name: DASH_FFT, resource_name: cpu1, ref_start_time: 775226096338309, ref_stop_time: 775226096359399, actual_exe_time: 21090, task_app_start_time:775225812328473, task_sched_time:775226096335249
app_id: 0, app_name: TX_api-aarch64, task_id: 89, task_name: DASH_FFT, resource_name: cpu2, ref_start_time: 775226096762809, ref_stop_time: 775226096784319, actual_exe_time: 21510, task_app_start_time:775225812328473, task_sched_time:775226096755639
app_id: 4, app_name: pulse_doppler_api-aarch64, task_id: 507, task_name: DASH_FFT, resource_name: fft1, ref_start_time: 775226099514229, ref_stop_time: 775226099549239, actual_exe_time: 35010, task_app_start_time:775225802583541, task_sched_time:775226094223128
app_id: 3, app_name: TX_api-aarch64, task_id: 77, task_name: DASH_FFT, resource_name: fft1, ref_start_time: 775226099617909, ref_stop_time: 775226099652829, actual_exe_time: 34920, task_app_start_time:775225842345218, task_sched_time:775226095609999
app_id: 4, app_name: pulse_doppler_api-aarch64, task_id: 508, task_name: DASH_FFT, resource_name: fft1, ref_start_time: 775226099698249, ref_stop_time: 775226099723419, actual_exe_time: 25170, task_app_start_time:775225802583541, task_sched_time:775226099641189
app_id: 4, app_name: pulse_doppler_api-aarch64, task_id: 509, task_name: DASH_FFT, resource_name: fft2, ref_start_time: 775226099762599, ref_stop_time: 775226099862589, actual_exe_time: 99990, task_app_start_time:775225802583541, task_sched_time:775226099751679
app_id: 4, app_name: pulse_doppler_api-aarch64, task_id: 510, task_name: DASH_ZIP, resource_name: zip1, ref_start_time: 775226099855089, ref_stop_time: 775226099896099, actual_exe_time: 41010, task_app_start_time:775225802583541, task_sched_time:775226099851039
app_id: 4, app_name: pulse_doppler_api-aarch64, task_id: 511, task_name: DASH_FFT, resource_name: cpu1, ref_start_time: 775226099937349, ref_stop_time: 775226099958859, actual_exe_time: 21510, task_app_start_time:775225802583541, task_sched_time:775226099921569
app_id: 2, app_name: TX_api-aarch64, task_id: 91, task_name: DASH_FFT, resource_name: cpu3, ref_start_time: 775226100984319, ref_stop_time: 775226101007419, actual_exe_time: 23100, task_app_start_time:775225832344986, task_sched_time:775226097182419
app_id: 2, app_name: TX_api-aarch64, task_id: 92, task_name: DASH_FFT, resource_name: cpu3, ref_start_time: 775226103717680, ref_stop_time: 775226103740390, actual_exe_time: 22710, task_app_start_time:775225832344986, task_sched_time:775226103710150
app_id: 2, app_name: TX_api-aarch64, task_id: 93, task_name: DASH_FFT, resource_name: fft1, ref_start_time: 775226103880880, ref_stop_time: 775226103916640, actual_exe_time: 35760, task_app_start_time:775225832344986, task_sched_time:775226103878030
app_id: 2, app_name: TX_api-aarch64, task_id: 94, task_name: DASH_FFT, resource_name: fft2, ref_start_time: 775226104062770, ref_stop_time: 775226104101680, actual_exe_time: 38910, task_app_start_time:775225832344986, task_sched_time:775226104058480
app_id: 2, app_name: TX_api-aarch64, task_id: 95, task_name: DASH_FFT, resource_name: cpu1, ref_start_time: 775226104251320, ref_stop_time: 775226104272770, actual_exe_time: 21450, task_app_start_time:775225832344986, task_sched_time:775226104240100
app_id: 3, app_name: TX_api-aarch64, task_id: 78, task_name: DASH_FFT, resource_name: cpu2, ref_start_time: 775226105971160, ref_stop_time: 775226105995010, actual_exe_time: 23850, task_app_start_time:775225842345218, task_sched_time:775226100218779
app_id: 2, app_name: TX_api-aarch64, task_id: 96, task_name: DASH_FFT, resource_name: cpu2, ref_start_time: 775226106018710, ref_stop_time: 775226106043400, actual_exe_time: 24690, task_app_start_time:775225832344986, task_sched_time:775226104409930
app_id: 2, app_name: TX_api-aarch64, task_id: 97, task_name: DASH_FFT, resource_name: fft1, ref_start_time: 775226106189560, ref_stop_time: 775226106224900, actual_exe_time: 35340, task_app_start_time:775225832344986, task_sched_time:775226106179000
app_id: 2, app_name: TX_api-aarch64, task_id: 98, task_name: DASH_FFT, resource_name: fft2, ref_start_time: 775226106591740, ref_stop_time: 775226106630020, actual_exe_time: 38280, task_app_start_time:775225832344986, task_sched_time:775226106579560
app_id: 2, app_name: TX_api-aarch64, task_id: 99, task_name: DASH_FFT, resource_name: cpu1, ref_start_time: 775226107157960, ref_stop_time: 775226107179890, actual_exe_time: 21930, task_app_start_time:775225832344986, task_sched_time:775226107155380
app_id: 1, app_name: TX_api-aarch64, task_id: 80, task_name: DASH_FFT, resource_name: cpu3, ref_start_time: 775226109099291, ref_stop_time: 775226109121701, actual_exe_time: 22410, task_app_start_time:775225822339865, task_sched_time:775226105865530
app_id: 1, app_name: TX_api-aarch64, task_id: 81, task_name: DASH_FFT, resource_name: cpu3, ref_start_time: 775226111482221, ref_stop_time: 775226111503281, actual_exe_time: 21060, task_app_start_time:775225822339865, task_sched_time:775226111479791
app_id: 1, app_name: TX_api-aarch64, task_id: 82, task_name: DASH_FFT, resource_name: fft1, ref_start_time: 775226112050571, ref_stop_time: 775226112088941, actual_exe_time: 38370, task_app_start_time:775225822339865, task_sched_time:775226112044901
app_id: 1, app_name: TX_api-aarch64, task_id: 83, task_name: DASH_FFT, resource_name: fft2, ref_start_time: 775226112617721, ref_stop_time: 775226112653781, actual_exe_time: 36060, task_app_start_time:775225822339865, task_sched_time:775226112614271
app_id: 1, app_name: TX_api-aarch64, task_id: 84, task_name: DASH_FFT, resource_name: cpu1, ref_start_time: 775226113198401, ref_stop_time: 775226113222941, actual_exe_time: 24540, task_app_start_time:775225822339865, task_sched_time:775226113187901
app_id: 3, app_name: TX_api-aarch64, task_id: 79, task_name: DASH_FFT, resource_name: cpu2, ref_start_time: 775226114424292, ref_stop_time: 775226114447752, actual_exe_time: 23460, task_app_start_time:775225842345218, task_sched_time:775226107699970
app_id: 1, app_name: TX_api-aarch64, task_id: 85, task_name: DASH_FFT, resource_name: cpu2, ref_start_time: 775226114466532, ref_stop_time: 775226114487682, actual_exe_time: 21150, task_app_start_time:775225822339865, task_sched_time:775226113746981
app_id: 0, app_name: TX_api-aarch64, task_id: 90, task_name: DASH_FFT, resource_name: fft1, ref_start_time: 775226119736842, ref_stop_time: 775226119773622, actual_exe_time: 36780, task_app_start_time:775225812328473, task_sched_time:775226119730302
app_id: 0, app_name: TX_api-aarch64, task_id: 91, task_name: DASH_FFT, resource_name: fft2, ref_start_time: 775226119920232, ref_stop_time: 775226119956112, actual_exe_time: 35880, task_app_start_time:775225812328473, task_sched_time:775226119913452
app_id: 0, app_name: TX_api-aarch64, task_id: 92, task_name: DASH_FFT, resource_name: cpu1, ref_start_time: 775226120100622, ref_stop_time: 775226120123242, actual_exe_time: 22620, task_app_start_time:775225812328473, task_sched_time:775226120093692
app_id: 0, app_name: TX_api-aarch64, task_id: 93, task_name: DASH_FFT, resource_name: cpu2, ref_start_time: 775226120263073, ref_stop_time: 775226120285063, actual_exe_time: 21990, task_app_start_time:775225812328473, task_sched_time:775226120260553
app_id: 1, app_name: TX_api-aarch64, task_id: 86, task_name: DASH_FFT, resource_name: cpu3, ref_start_time: 775226122907363, ref_stop_time: 775226122931033, actual_exe_time: 23670, task_app_start_time:775225822339865, task_sched_time:775226115022252
app_id: 0, app_name: TX_api-aarch64, task_id: 94, task_name: DASH_FFT, resource_name: cpu3, ref_start_time: 775226122953953, ref_stop_time: 775226122978493, actual_exe_time: 24540, task_app_start_time:775225812328473, task_sched_time:775226120420543
app_id: 1, app_name: TX_api-aarch64, task_id: 87, task_name: DASH_FFT, resource_name: fft1, ref_start_time: 775226123470703, ref_stop_time: 775226123509463, actual_exe_time: 38760, task_app_start_time:775225822339865, task_sched_time:775226123461913
app_id: 0, app_name: TX_api-aarch64, task_id: 95, task_name: DASH_FFT, resource_name: fft2, ref_start_time: 775226123588783, ref_stop_time: 775226123625263, actual_exe_time: 36480, task_app_start_time:775225812328473, task_sched_time:775226123488673
app_id: 1, app_name: TX_api-aarch64, task_id: 88, task_name: DASH_FFT, resource_name: cpu1, ref_start_time: 775226124057473, ref_stop_time: 775226124082043, actual_exe_time: 24570, task_app_start_time:775225822339865, task_sched_time:775226124045023
app_id: 0, app_name: TX_api-aarch64, task_id: 96, task_name: DASH_FFT, resource_name: cpu2, ref_start_time: 775226124292733, ref_stop_time: 775226124314423, actual_exe_time: 21690, task_app_start_time:775225812328473, task_sched_time:775226124158453
app_id: 1, app_name: TX_api-aarch64, task_id: 89, task_name: DASH_FFT, resource_name: cpu3, ref_start_time: 775226124617213, ref_stop_time: 775226124639293, actual_exe_time: 22080, task_app_start_time:775225822339865, task_sched_time:775226124610013
app_id: 0, app_name: TX_api-aarch64, task_id: 97, task_name: DASH_FFT, resource_name: fft1, ref_start_time: 775226124845183, ref_stop_time: 775226124880253, actual_exe_time: 35070, task_app_start_time:775225812328473, task_sched_time:775226124842303
app_id: 0, app_name: TX_api-aarch64, task_id: 98, task_name: DASH_FFT, resource_name: fft2, ref_start_time: 775226125425803, ref_stop_time: 775226125460513, actual_exe_time: 34710, task_app_start_time:775225812328473, task_sched_time:775226125415273
app_id: 0, app_name: TX_api-aarch64, task_id: 99, task_name: DASH_FFT, resource_name: cpu1, ref_start_time: 775226127575034, ref_stop_time: 775226127614814, actual_exe_time: 39780, task_app_start_time:775225812328473, task_sched_time:775226125990673
app_id: 3, app_name: TX_api-aarch64, task_id: 80, task_name: DASH_FFT, resource_name: cpu2, ref_start_time: 775226134037545, ref_stop_time: 775226134060795, actual_exe_time: 23250, task_app_start_time:775225842345218, task_sched_time:775226134032385
app_id: 3, app_name: TX_api-aarch64, task_id: 81, task_name: DASH_FFT, resource_name: cpu3, ref_start_time: 775226138500945, ref_stop_time: 775226138526625, actual_exe_time: 25680, task_app_start_time:775225842345218, task_sched_time:775226138494435
app_id: 3, app_name: TX_api-aarch64, task_id: 82, task_name: DASH_FFT, resource_name: fft1, ref_start_time: 775226142388316, ref_stop_time: 775226142424106, actual_exe_time: 35790, task_app_start_time:775225842345218, task_sched_time:775226139050366
app_id: 3, app_name: TX_api-aarch64, task_id: 83, task_name: DASH_FFT, resource_name: fft2, ref_start_time: 775226145648237, ref_stop_time: 775226145684387, actual_exe_time: 36150, task_app_start_time:775225842345218, task_sched_time:775226145641247
app_id: 3, app_name: TX_api-aarch64, task_id: 84, task_name: DASH_FFT, resource_name: cpu1, ref_start_time: 775226146001277, ref_stop_time: 775226146024017, actual_exe_time: 22740, task_app_start_time:775225842345218, task_sched_time:775226145987807
app_id: 3, app_name: TX_api-aarch64, task_id: 85, task_name: DASH_FFT, resource_name: cpu2, ref_start_time: 775226146433007, ref_stop_time: 775226146454667, actual_exe_time: 21660, task_app_start_time:775225842345218, task_sched_time:775226146423677
app_id: 3, app_name: TX_api-aarch64, task_id: 86, task_name: DASH_FFT, resource_name: cpu3, ref_start_time: 775226146858707, ref_stop_time: 775226146883757, actual_exe_time: 25050, task_app_start_time:775225842345218, task_sched_time:775226146848267
app_id: 3, app_name: TX_api-aarch64, task_id: 87, task_name: DASH_FFT, resource_name: fft1, ref_start_time: 775226147284467, ref_stop_time: 775226147319567, actual_exe_time: 35100, task_app_start_time:775225842345218, task_sched_time:775226147276907
app_id: 3, app_name: TX_api-aarch64, task_id: 88, task_name: DASH_FFT, resource_name: fft2, ref_start_time: 775226147727837, ref_stop_time: 775226147762847, actual_exe_time: 35010, task_app_start_time:775225842345218, task_sched_time:775226147717937
app_id: 3, app_name: TX_api-aarch64, task_id: 89, task_name: DASH_FFT, resource_name: cpu1, ref_start_time: 775226148933417, ref_stop_time: 775226148955977, actual_exe_time: 22560, task_app_start_time:775225842345218, task_sched_time:775226148163857
app_id: 1, app_name: TX_api-aarch64, task_id: 90, task_name: DASH_FFT, resource_name: cpu2, ref_start_time: 775226148949377, ref_stop_time: 775226148970857, actual_exe_time: 21480, task_app_start_time:775225822339865, task_sched_time:775226148942507
app_id: 1, app_name: TX_api-aarch64, task_id: 91, task_name: DASH_FFT, resource_name: cpu3, ref_start_time: 775226152747828, ref_stop_time: 775226152770778, actual_exe_time: 22950, task_app_start_time:775225822339865, task_sched_time:775226151773368
app_id: 1, app_name: TX_api-aarch64, task_id: 92, task_name: DASH_FFT, resource_name: fft1, ref_start_time: 775226153309758, ref_stop_time: 775226153348098, actual_exe_time: 38340, task_app_start_time:775225822339865, task_sched_time:775226153303968
app_id: 1, app_name: TX_api-aarch64, task_id: 93, task_name: DASH_FFT, resource_name: fft2, ref_start_time: 775226153879308, ref_stop_time: 775226153914198, actual_exe_time: 34890, task_app_start_time:775225822339865, task_sched_time:775226153874808
app_id: 1, app_name: TX_api-aarch64, task_id: 94, task_name: DASH_FFT, resource_name: cpu1, ref_start_time: 775226154450328, ref_stop_time: 775226154475048, actual_exe_time: 24720, task_app_start_time:775225822339865, task_sched_time:775226154442738
app_id: 1, app_name: TX_api-aarch64, task_id: 95, task_name: DASH_FFT, resource_name: cpu2, ref_start_time: 775226155002898, ref_stop_time: 775226155024018, actual_exe_time: 21120, task_app_start_time:775225822339865, task_sched_time:775226154995308
app_id: 1, app_name: TX_api-aarch64, task_id: 96, task_name: DASH_FFT, resource_name: cpu3, ref_start_time: 775226155565368, ref_stop_time: 775226155587208, actual_exe_time: 21840, task_app_start_time:775225822339865, task_sched_time:775226155552828
app_id: 1, app_name: TX_api-aarch64, task_id: 97, task_name: DASH_FFT, resource_name: fft1, ref_start_time: 775226156127148, ref_stop_time: 775226156165398, actual_exe_time: 38250, task_app_start_time:775225822339865, task_sched_time:775226156111428
app_id: 1, app_name: TX_api-aarch64, task_id: 98, task_name: DASH_FFT, resource_name: fft2, ref_start_time: 775226156697718, ref_stop_time: 775226156733148, actual_exe_time: 35430, task_app_start_time:775225822339865, task_sched_time:775226156688538
app_id: 1, app_name: TX_api-aarch64, task_id: 99, task_name: DASH_FFT, resource_name: cpu1, ref_start_time: 775226157284728, ref_stop_time: 775226157309268, actual_exe_time: 24540, task_app_start_time:775225822339865, task_sched_time:775226157270868
app_id: 3, app_name: TX_api-aarch64, task_id: 90, task_name: DASH_FFT, resource_name: cpu2, ref_start_time: 775226167083360, ref_stop_time: 775226167105170, actual_exe_time: 21810, task_app_start_time:775225842345218, task_sched_time:775226167076760
app_id: 3, app_name: TX_api-aarch64, task_id: 91, task_name: DASH_FFT, resource_name: cpu3, ref_start_time: 775226169078540, ref_stop_time: 775226169103410, actual_exe_time: 24870, task_app_start_time:775225842345218, task_sched_time:775226169065760
app_id: 3, app_name: TX_api-aarch64, task_id: 92, task_name: DASH_FFT, resource_name: fft1, ref_start_time: 775226169947221, ref_stop_time: 775226169982471, actual_exe_time: 35250, task_app_start_time:775225842345218, task_sched_time:775226169499950
app_id: 3, app_name: TX_api-aarch64, task_id: 93, task_name: DASH_FFT, resource_name: fft2, ref_start_time: 775226170383811, ref_stop_time: 775226170418251, actual_exe_time: 34440, task_app_start_time:775225842345218, task_sched_time:775226170380031
app_id: 3, app_name: TX_api-aarch64, task_id: 94, task_name: DASH_FFT, resource_name: cpu1, ref_start_time: 775226170827091, ref_stop_time: 775226170849321, actual_exe_time: 22230, task_app_start_time:775225842345218, task_sched_time:775226170817101
app_id: 3, app_name: TX_api-aarch64, task_id: 95, task_name: DASH_FFT, resource_name: cpu2, ref_start_time: 775226171248981, ref_stop_time: 775226171269981, actual_exe_time: 21000, task_app_start_time:775225842345218, task_sched_time:775226171243281
app_id: 3, app_name: TX_api-aarch64, task_id: 96, task_name: DASH_FFT, resource_name: cpu3, ref_start_time: 775226171689321, ref_stop_time: 775226171713981, actual_exe_time: 24660, task_app_start_time:775225842345218, task_sched_time:775226171678401
app_id: 3, app_name: TX_api-aarch64, task_id: 97, task_name: DASH_FFT, resource_name: fft1, ref_start_time: 775226172128821, ref_stop_time: 775226172164101, actual_exe_time: 35280, task_app_start_time:775225842345218, task_sched_time:775226172125191
app_id: 3, app_name: TX_api-aarch64, task_id: 98, task_name: DASH_FFT, resource_name: fft2, ref_start_time: 775226172568141, ref_stop_time: 775226172603061, actual_exe_time: 34920, task_app_start_time:775225842345218, task_sched_time:775226172559411
app_id: 3, app_name: TX_api-aarch64, task_id: 99, task_name: DASH_FFT, resource_name: cpu1, ref_start_time: 775226173007191, ref_stop_time: 775226173028611, actual_exe_time: 21420, task_app_start_time:775225842345218, task_sched_time:775226172999841
