app_id: 0, app_name: SAR_api-aarch64, task_id: 0, task_name: DASH_FFT, resource_name: cpu1, ref_start_time: 73866607818742, ref_stop_time: 73866608059372, actual_exe_time: 240630, task_app_start_time:73865913473941, task_sched_time:73866607813432
app_id: 0, app_name: SAR_api-aarch64, task_id: 1, task_name: DASH_FFT, resource_name: cpu2, ref_start_time: 73866608770222, ref_stop_time: 73866608922022, actual_exe_time: 151800, task_app_start_time:73865913473941, task_sched_time:73866608766502
app_id: 0, app_name: SAR_api-aarch64, task_id: 2, task_name: DASH_ZIP, resource_name: cpu3, ref_start_time: 73866609255952, ref_stop_time: 73866609350033, actual_exe_time: 94081, task_app_start_time:73865913473941, task_sched_time:73866609250762
app_id: 0, app_name: SAR_api-aarch64, task_id: 3, task_name: DASH_FFT, resource_name: fft1, ref_start_time: 73866610087943, ref_stop_time: 73866610229363, actual_exe_time: 141420, task_app_start_time:73865913473941, task_sched_time:73866610084283
app_id: 0, app_name: SAR_api-aarch64, task_id: 4, task_name: DASH_FFT, resource_name: fft2, ref_start_time: 73866610757423, ref_stop_time: 73866610844063, actual_exe_time: 86640, task_app_start_time:73865913473941, task_sched_time:73866610754213
app_id: 0, app_name: SAR_api-aarch64, task_id: 5, task_name: DASH_ZIP, resource_name: zip1, ref_start_time: 73866611483183, ref_stop_time: 73866611630993, actual_exe_time: 147810, task_app_start_time:73865913473941, task_sched_time:73866611478593
app_id: 0, app_name: SAR_api-aarch64, task_id: 6, task_name: DASH_FFT, resource_name: cpu1, ref_start_time: 73866612291623, ref_stop_time: 73866612386723, actual_exe_time: 95100, task_app_start_time:73865913473941, task_sched_time:73866612286973
app_id: 0, app_name: SAR_api-aarch64, task_id: 7, task_name: DASH_FFT, resource_name: cpu2, ref_start_time: 73866612965723, ref_stop_time: 73866613056863, actual_exe_time: 91140, task_app_start_time:73865913473941, task_sched_time:73866612957113
app_id: 0, app_name: SAR_api-aarch64, task_id: 8, task_name: DASH_ZIP, resource_name: cpu3, ref_start_time: 73866613692683, ref_stop_time: 73866613766813, actual_exe_time: 74130, task_app_start_time:73865913473941, task_sched_time:73866613689353
app_id: 0, app_name: SAR_api-aarch64, task_id: 9, task_name: DASH_FFT, resource_name: fft1, ref_start_time: 73866614369003, ref_stop_time: 73866614475473, actual_exe_time: 106470, task_app_start_time:73865913473941, task_sched_time:73866614360903
app_id: 0, app_name: SAR_api-aarch64, task_id: 10, task_name: DASH_FFT, resource_name: fft2, ref_start_time: 73866615059273, ref_stop_time: 73866615131213, actual_exe_time: 71940, task_app_start_time:73865913473941, task_sched_time:73866615050873
app_id: 0, app_name: SAR_api-aarch64, task_id: 11, task_name: DASH_ZIP, resource_name: zip1, ref_start_time: 73866615568854, ref_stop_time: 73866615684774, actual_exe_time: 115920, task_app_start_time:73865913473941, task_sched_time:73866615565554
app_id: 0, app_name: SAR_api-aarch64, task_id: 12, task_name: DASH_FFT, resource_name: cpu1, ref_start_time: 73866616445004, ref_stop_time: 73866616535094, actual_exe_time: 90090, task_app_start_time:73865913473941, task_sched_time:73866616434714
app_id: 0, app_name: SAR_api-aarch64, task_id: 13, task_name: DASH_FFT, resource_name: cpu2, ref_start_time: 73866616934904, ref_stop_time: 73866617024544, actual_exe_time: 89640, task_app_start_time:73865913473941, task_sched_time:73866616932384
app_id: 0, app_name: SAR_api-aarch64, task_id: 14, task_name: DASH_ZIP, resource_name: cpu3, ref_start_time: 73866617640114, ref_stop_time: 73866617714184, actual_exe_time: 74070, task_app_start_time:73865913473941, task_sched_time:73866617630484
app_id: 0, app_name: SAR_api-aarch64, task_id: 15, task_name: DASH_FFT, resource_name: fft1, ref_start_time: 73866618199914, ref_stop_time: 73866618304734, actual_exe_time: 104820, task_app_start_time:73865913473941, task_sched_time:73866618188514
app_id: 0, app_name: SAR_api-aarch64, task_id: 16, task_name: DASH_FFT, resource_name: fft2, ref_start_time: 73866618788604, ref_stop_time: 73866618857664, actual_exe_time: 69060, task_app_start_time:73865913473941, task_sched_time:73866618785694
app_id: 0, app_name: SAR_api-aarch64, task_id: 17, task_name: DASH_ZIP, resource_name: zip1, ref_start_time: 73866619317864, ref_stop_time: 73866619433694, actual_exe_time: 115830, task_app_start_time:73865913473941, task_sched_time:73866619313514
app_id: 0, app_name: SAR_api-aarch64, task_id: 18, task_name: DASH_FFT, resource_name: cpu1, ref_start_time: 73866620160624, ref_stop_time: 73866620250204, actual_exe_time: 89580, task_app_start_time:73865913473941, task_sched_time:73866620148354
app_id: 0, app_name: SAR_api-aarch64, task_id: 19, task_name: DASH_FFT, resource_name: cpu2, ref_start_time: 73866620635224, ref_stop_time: 73866620726004, actual_exe_time: 90780, task_app_start_time:73865913473941, task_sched_time:73866620627904
app_id: 0, app_name: SAR_api-aarch64, task_id: 20, task_name: DASH_ZIP, resource_name: cpu3, ref_start_time: 73866621372414, ref_stop_time: 73866621446394, actual_exe_time: 73980, task_app_start_time:73865913473941, task_sched_time:73866621365364
app_id: 0, app_name: SAR_api-aarch64, task_id: 21, task_name: DASH_FFT, resource_name: fft1, ref_start_time: 73866621843895, ref_stop_time: 73866621948295, actual_exe_time: 104400, task_app_start_time:73865913473941, task_sched_time:73866621835765
app_id: 0, app_name: SAR_api-aarch64, task_id: 22, task_name: DASH_FFT, resource_name: fft2, ref_start_time: 73866622495585, ref_stop_time: 73866622566595, actual_exe_time: 71010, task_app_start_time:73865913473941, task_sched_time:73866622490785
app_id: 0, app_name: SAR_api-aarch64, task_id: 23, task_name: DASH_ZIP, resource_name: zip1, ref_start_time: 73866623166865, ref_stop_time: 73866623283415, actual_exe_time: 116550, task_app_start_time:73865913473941, task_sched_time:73866623161705
app_id: 0, app_name: SAR_api-aarch64, task_id: 24, task_name: DASH_FFT, resource_name: cpu1, ref_start_time: 73866623864965, ref_stop_time: 73866623955025, actual_exe_time: 90060, task_app_start_time:73865913473941, task_sched_time:73866623859535
app_id: 0, app_name: SAR_api-aarch64, task_id: 25, task_name: DASH_FFT, resource_name: cpu2, ref_start_time: 73866624449335, ref_stop_time: 73866624539635, actual_exe_time: 90300, task_app_start_time:73865913473941, task_sched_time:73866624445975
app_id: 0, app_name: SAR_api-aarch64, task_id: 26, task_name: DASH_ZIP, resource_name: cpu3, ref_start_time: 73866625112215, ref_stop_time: 73866625185715, actual_exe_time: 73500, task_app_start_time:73865913473941, task_sched_time:73866625104325
app_id: 0, app_name: SAR_api-aarch64, task_id: 27, task_name: DASH_FFT, resource_name: fft1, ref_start_time: 73866625665745, ref_stop_time: 73866625770085, actual_exe_time: 104340, task_app_start_time:73865913473941, task_sched_time:73866625657225
app_id: 0, app_name: SAR_api-aarch64, task_id: 28, task_name: DASH_FFT, resource_name: fft2, ref_start_time: 73866626249905, ref_stop_time: 73866626319775, actual_exe_time: 69870, task_app_start_time:73865913473941, task_sched_time:73866626242705
app_id: 0, app_name: SAR_api-aarch64, task_id: 29, task_name: DASH_ZIP, resource_name: zip1, ref_start_time: 73866626824285, ref_stop_time: 73866626940985, actual_exe_time: 116700, task_app_start_time:73865913473941, task_sched_time:73866626818315
app_id: 0, app_name: SAR_api-aarch64, task_id: 30, task_name: DASH_FFT, resource_name: cpu1, ref_start_time: 73866627592585, ref_stop_time: 73866627681505, actual_exe_time: 88920, task_app_start_time:73865913473941, task_sched_time:73866627589525
app_id: 0, app_name: SAR_api-aarch64, task_id: 31, task_name: DASH_FFT, resource_name: cpu2, ref_start_time: 73866628290566, ref_stop_time: 73866628388786, actual_exe_time: 98220, task_app_start_time:73865913473941, task_sched_time:73866628286876
app_id: 0, app_name: SAR_api-aarch64, task_id: 32, task_name: DASH_ZIP, resource_name: cpu3, ref_start_time: 73866628805426, ref_stop_time: 73866628879076, actual_exe_time: 73650, task_app_start_time:73865913473941, task_sched_time:73866628797206
app_id: 0, app_name: SAR_api-aarch64, task_id: 33, task_name: DASH_FFT, resource_name: fft1, ref_start_time: 73866629207636, ref_stop_time: 73866629320886, actual_exe_time: 113250, task_app_start_time:73865913473941, task_sched_time:73866629200196
app_id: 0, app_name: SAR_api-aarch64, task_id: 34, task_name: DASH_FFT, resource_name: fft2, ref_start_time: 73866629911526, ref_stop_time: 73866629981426, actual_exe_time: 69900, task_app_start_time:73865913473941, task_sched_time:73866629903366
app_id: 0, app_name: SAR_api-aarch64, task_id: 35, task_name: DASH_ZIP, resource_name: zip1, ref_start_time: 73866630641966, ref_stop_time: 73866630758156, actual_exe_time: 116190, task_app_start_time:73865913473941, task_sched_time:73866630633236
app_id: 0, app_name: SAR_api-aarch64, task_id: 36, task_name: DASH_FFT, resource_name: cpu1, ref_start_time: 73866631330706, ref_stop_time: 73866631420556, actual_exe_time: 89850, task_app_start_time:73865913473941, task_sched_time:73866631325276
app_id: 0, app_name: SAR_api-aarch64, task_id: 37, task_name: DASH_FFT, resource_name: cpu2, ref_start_time: 73866631906436, ref_stop_time: 73866631996766, actual_exe_time: 90330, task_app_start_time:73865913473941, task_sched_time:73866631901486
app_id: 0, app_name: SAR_api-aarch64, task_id: 38, task_name: DASH_ZIP, resource_name: cpu3, ref_start_time: 73866632505626, ref_stop_time: 73866632579336, actual_exe_time: 73710, task_app_start_time:73865913473941, task_sched_time:73866632497226
app_id: 0, app_name: SAR_api-aarch64, task_id: 39, task_name: DASH_FFT, resource_name: fft1, ref_start_time: 73866633123416, ref_stop_time: 73866633234086, actual_exe_time: 110670, task_app_start_time:73865913473941, task_sched_time:73866633117176
app_id: 0, app_name: SAR_api-aarch64, task_id: 40, task_name: DASH_FFT, resource_name: fft2, ref_start_time: 73866633693866, ref_stop_time: 73866633763586, actual_exe_time: 69720, task_app_start_time:73865913473941, task_sched_time:73866633688466
app_id: 0, app_name: SAR_api-aarch64, task_id: 41, task_name: DASH_ZIP, resource_name: zip1, ref_start_time: 73866634313067, ref_stop_time: 73866634429137, actual_exe_time: 116070, task_app_start_time:73865913473941, task_sched_time:73866634303587
app_id: 0, app_name: SAR_api-aarch64, task_id: 42, task_name: DASH_FFT, resource_name: cpu1, ref_start_time: 73866635087487, ref_stop_time: 73866635176647, actual_exe_time: 89160, task_app_start_time:73865913473941, task_sched_time:73866635079507
app_id: 0, app_name: SAR_api-aarch64, task_id: 43, task_name: DASH_FFT, resource_name: cpu2, ref_start_time: 73866635441847, ref_stop_time: 73866635531967, actual_exe_time: 90120, task_app_start_time:73865913473941, task_sched_time:73866635434107
app_id: 0, app_name: SAR_api-aarch64, task_id: 44, task_name: DASH_ZIP, resource_name: cpu3, ref_start_time: 73866636154527, ref_stop_time: 73866636227967, actual_exe_time: 73440, task_app_start_time:73865913473941, task_sched_time:73866636146007
app_id: 0, app_name: SAR_api-aarch64, task_id: 45, task_name: DASH_FFT, resource_name: fft1, ref_start_time: 73866636662277, ref_stop_time: 73866636766497, actual_exe_time: 104220, task_app_start_time:73865913473941, task_sched_time:73866636649197
app_id: 0, app_name: SAR_api-aarch64, task_id: 46, task_name: DASH_FFT, resource_name: fft2, ref_start_time: 73866637273557, ref_stop_time: 73866637343817, actual_exe_time: 70260, task_app_start_time:73865913473941, task_sched_time:73866637270257
app_id: 0, app_name: SAR_api-aarch64, task_id: 47, task_name: DASH_ZIP, resource_name: zip1, ref_start_time: 73866637934427, ref_stop_time: 73866638051637, actual_exe_time: 117210, task_app_start_time:73865913473941, task_sched_time:73866637926267
app_id: 0, app_name: SAR_api-aarch64, task_id: 48, task_name: DASH_FFT, resource_name: cpu1, ref_start_time: 73866638558337, ref_stop_time: 73866638647617, actual_exe_time: 89280, task_app_start_time:73865913473941, task_sched_time:73866638553207
app_id: 0, app_name: SAR_api-aarch64, task_id: 49, task_name: DASH_FFT, resource_name: cpu2, ref_start_time: 73866639015507, ref_stop_time: 73866639105177, actual_exe_time: 89670, task_app_start_time:73865913473941, task_sched_time:73866639006687
app_id: 0, app_name: SAR_api-aarch64, task_id: 50, task_name: DASH_ZIP, resource_name: cpu3, ref_start_time: 73866639652857, ref_stop_time: 73866639726357, actual_exe_time: 73500, task_app_start_time:73865913473941, task_sched_time:73866639647517
app_id: 0, app_name: SAR_api-aarch64, task_id: 51, task_name: DASH_FFT, resource_name: fft1, ref_start_time: 73866640162107, ref_stop_time: 73866640265457, actual_exe_time: 103350, task_app_start_time:73865913473941, task_sched_time:73866640151787
app_id: 0, app_name: SAR_api-aarch64, task_id: 52, task_name: DASH_FFT, resource_name: fft2, ref_start_time: 73866640750018, ref_stop_time: 73866640818718, actual_exe_time: 68700, task_app_start_time:73865913473941, task_sched_time:73866640743028
app_id: 0, app_name: SAR_api-aarch64, task_id: 53, task_name: DASH_ZIP, resource_name: zip1, ref_start_time: 73866641284198, ref_stop_time: 73866641402488, actual_exe_time: 118290, task_app_start_time:73865913473941, task_sched_time:73866641275918
app_id: 0, app_name: SAR_api-aarch64, task_id: 54, task_name: DASH_FFT, resource_name: cpu1, ref_start_time: 73866642011488, ref_stop_time: 73866642100348, actual_exe_time: 88860, task_app_start_time:73865913473941, task_sched_time:73866642005608
app_id: 0, app_name: SAR_api-aarch64, task_id: 55, task_name: DASH_FFT, resource_name: cpu2, ref_start_time: 73866642496618, ref_stop_time: 73866642587278, actual_exe_time: 90660, task_app_start_time:73865913473941, task_sched_time:73866642493138
app_id: 0, app_name: SAR_api-aarch64, task_id: 56, task_name: DASH_ZIP, resource_name: cpu3, ref_start_time: 73866643249198, ref_stop_time: 73866643322848, actual_exe_time: 73650, task_app_start_time:73865913473941, task_sched_time:73866643243948
app_id: 0, app_name: SAR_api-aarch64, task_id: 57, task_name: DASH_FFT, resource_name: fft1, ref_start_time: 73866643842778, ref_stop_time: 73866643946728, actual_exe_time: 103950, task_app_start_time:73865913473941, task_sched_time:73866643839778
app_id: 0, app_name: SAR_api-aarch64, task_id: 58, task_name: DASH_FFT, resource_name: fft2, ref_start_time: 73866644486698, ref_stop_time: 73866644557738, actual_exe_time: 71040, task_app_start_time:73865913473941, task_sched_time:73866644482648
app_id: 0, app_name: SAR_api-aarch64, task_id: 59, task_name: DASH_ZIP, resource_name: zip1, ref_start_time: 73866645045988, ref_stop_time: 73866645163348, actual_exe_time: 117360, task_app_start_time:73865913473941, task_sched_time:73866645036328
app_id: 0, app_name: SAR_api-aarch64, task_id: 60, task_name: DASH_FFT, resource_name: cpu1, ref_start_time: 73866645750958, ref_stop_time: 73866645840358, actual_exe_time: 89400, task_app_start_time:73865913473941, task_sched_time:73866645739678
app_id: 0, app_name: SAR_api-aarch64, task_id: 61, task_name: DASH_FFT, resource_name: cpu2, ref_start_time: 73866646340368, ref_stop_time: 73866646429828, actual_exe_time: 89460, task_app_start_time:73865913473941, task_sched_time:73866646335958
app_id: 0, app_name: SAR_api-aarch64, task_id: 62, task_name: DASH_ZIP, resource_name: cpu3, ref_start_time: 73866646898159, ref_stop_time: 73866646971689, actual_exe_time: 73530, task_app_start_time:73865913473941, task_sched_time:73866646893839
app_id: 0, app_name: SAR_api-aarch64, task_id: 63, task_name: DASH_FFT, resource_name: fft1, ref_start_time: 73866647293379, ref_stop_time: 73866647397599, actual_exe_time: 104220, task_app_start_time:73865913473941, task_sched_time:73866647288789
app_id: 0, app_name: SAR_api-aarch64, task_id: 64, task_name: DASH_FFT, resource_name: fft2, ref_start_time: 73866648080429, ref_stop_time: 73866648149639, actual_exe_time: 69210, task_app_start_time:73865913473941, task_sched_time:73866648076439
app_id: 0, app_name: SAR_api-aarch64, task_id: 65, task_name: DASH_ZIP, resource_name: zip1, ref_start_time: 73866648825839, ref_stop_time: 73866648942509, actual_exe_time: 116670, task_app_start_time:73865913473941, task_sched_time:73866648821579
app_id: 0, app_name: SAR_api-aarch64, task_id: 66, task_name: DASH_FFT, resource_name: cpu1, ref_start_time: 73866649535129, ref_stop_time: 73866649624949, actual_exe_time: 89820, task_app_start_time:73865913473941, task_sched_time:73866649522379
app_id: 0, app_name: SAR_api-aarch64, task_id: 67, task_name: DASH_FFT, resource_name: cpu2, ref_start_time: 73866650106899, ref_stop_time: 73866650196959, actual_exe_time: 90060, task_app_start_time:73865913473941, task_sched_time:73866650100869
app_id: 0, app_name: SAR_api-aarch64, task_id: 68, task_name: DASH_ZIP, resource_name: cpu3, ref_start_time: 73866650701589, ref_stop_time: 73866650775179, actual_exe_time: 73590, task_app_start_time:73865913473941, task_sched_time:73866650694929
app_id: 0, app_name: SAR_api-aarch64, task_id: 69, task_name: DASH_FFT, resource_name: fft1, ref_start_time: 73866651284069, ref_stop_time: 73866651387989, actual_exe_time: 103920, task_app_start_time:73865913473941, task_sched_time:73866651277949
app_id: 0, app_name: SAR_api-aarch64, task_id: 70, task_name: DASH_FFT, resource_name: fft2, ref_start_time: 73866651870359, ref_stop_time: 73866651939059, actual_exe_time: 68700, task_app_start_time:73865913473941, task_sched_time:73866651861269
app_id: 0, app_name: SAR_api-aarch64, task_id: 71, task_name: DASH_ZIP, resource_name: zip1, ref_start_time: 73866652356449, ref_stop_time: 73866652472249, actual_exe_time: 115800, task_app_start_time:73865913473941, task_sched_time:73866652348109
app_id: 0, app_name: SAR_api-aarch64, task_id: 72, task_name: DASH_FFT, resource_name: cpu1, ref_start_time: 73866653322600, ref_stop_time: 73866653412270, actual_exe_time: 89670, task_app_start_time:73865913473941, task_sched_time:73866653317920
app_id: 0, app_name: SAR_api-aarch64, task_id: 73, task_name: DASH_FFT, resource_name: cpu2, ref_start_time: 73866654011100, ref_stop_time: 73866654108360, actual_exe_time: 97260, task_app_start_time:73865913473941, task_sched_time:73866654001650
app_id: 0, app_name: SAR_api-aarch64, task_id: 74, task_name: DASH_ZIP, resource_name: cpu3, ref_start_time: 73866654646500, ref_stop_time: 73866654720150, actual_exe_time: 73650, task_app_start_time:73865913473941, task_sched_time:73866654641970
app_id: 0, app_name: SAR_api-aarch64, task_id: 75, task_name: DASH_FFT, resource_name: fft1, ref_start_time: 73866655252800, ref_stop_time: 73866655356180, actual_exe_time: 103380, task_app_start_time:73865913473941, task_sched_time:73866655241730
app_id: 0, app_name: SAR_api-aarch64, task_id: 76, task_name: DASH_FFT, resource_name: fft2, ref_start_time: 73866655890840, ref_stop_time: 73866655959780, actual_exe_time: 68940, task_app_start_time:73865913473941, task_sched_time:73866655887540
app_id: 0, app_name: SAR_api-aarch64, task_id: 77, task_name: DASH_ZIP, resource_name: zip1, ref_start_time: 73866656554230, ref_stop_time: 73866656669670, actual_exe_time: 115440, task_app_start_time:73865913473941, task_sched_time:73866656544930
app_id: 0, app_name: SAR_api-aarch64, task_id: 78, task_name: DASH_FFT, resource_name: cpu1, ref_start_time: 73866657392670, ref_stop_time: 73866657482970, actual_exe_time: 90300, task_app_start_time:73865913473941, task_sched_time:73866657380910
app_id: 0, app_name: SAR_api-aarch64, task_id: 79, task_name: DASH_FFT, resource_name: cpu2, ref_start_time: 73866658101570, ref_stop_time: 73866658191300, actual_exe_time: 89730, task_app_start_time:73865913473941, task_sched_time:73866658093650
app_id: 0, app_name: SAR_api-aarch64, task_id: 80, task_name: DASH_ZIP, resource_name: cpu3, ref_start_time: 73866658525350, ref_stop_time: 73866658599150, actual_exe_time: 73800, task_app_start_time:73865913473941, task_sched_time:73866658517880
app_id: 0, app_name: SAR_api-aarch64, task_id: 81, task_name: DASH_FFT, resource_name: fft1, ref_start_time: 73866659268511, ref_stop_time: 73866659372641, actual_exe_time: 104130, task_app_start_time:73865913473941, task_sched_time:73866659259871
app_id: 0, app_name: SAR_api-aarch64, task_id: 82, task_name: DASH_FFT, resource_name: fft2, ref_start_time: 73866659876881, ref_stop_time: 73866659946241, actual_exe_time: 69360, task_app_start_time:73865913473941, task_sched_time:73866659872441
app_id: 0, app_name: SAR_api-aarch64, task_id: 83, task_name: DASH_ZIP, resource_name: zip1, ref_start_time: 73866660476761, ref_stop_time: 73866660593701, actual_exe_time: 116940, task_app_start_time:73865913473941, task_sched_time:73866660472741
app_id: 0, app_name: SAR_api-aarch64, task_id: 84, task_name: DASH_FFT, resource_name: cpu1, ref_start_time: 73866661146631, ref_stop_time: 73866661243561, actual_exe_time: 96930, task_app_start_time:73865913473941, task_sched_time:73866661142281
app_id: 0, app_name: SAR_api-aarch64, task_id: 85, task_name: DASH_FFT, resource_name: cpu2, ref_start_time: 73866661774981, ref_stop_time: 73866661863961, actual_exe_time: 88980, task_app_start_time:73865913473941, task_sched_time:73866661769911
app_id: 0, app_name: SAR_api-aarch64, task_id: 86, task_name: DASH_ZIP, resource_name: cpu3, ref_start_time: 73866662372041, ref_stop_time: 73866662445871, actual_exe_time: 73830, task_app_start_time:73865913473941, task_sched_time:73866662369521
app_id: 0, app_name: SAR_api-aarch64, task_id: 87, task_name: DASH_FFT, resource_name: fft1, ref_start_time: 73866662990401, ref_stop_time: 73866663095611, actual_exe_time: 105210, task_app_start_time:73865913473941, task_sched_time:73866662979661
app_id: 0, app_name: SAR_api-aarch64, task_id: 88, task_name: DASH_FFT, resource_name: fft2, ref_start_time: 73866663454261, ref_stop_time: 73866663522961, actual_exe_time: 68700, task_app_start_time:73865913473941, task_sched_time:73866663447961
app_id: 0, app_name: SAR_api-aarch64, task_id: 89, task_name: DASH_ZIP, resource_name: zip1, ref_start_time: 73866664166371, ref_stop_time: 73866664281871, actual_exe_time: 115500, task_app_start_time:73865913473941, task_sched_time:73866664159831
app_id: 0, app_name: SAR_api-aarch64, task_id: 90, task_name: DASH_FFT, resource_name: cpu1, ref_start_time: 73866664945231, ref_stop_time: 73866665034301, actual_exe_time: 89070, task_app_start_time:73865913473941, task_sched_time:73866664933501
app_id: 0, app_name: SAR_api-aarch64, task_id: 91, task_name: DASH_FFT, resource_name: cpu2, ref_start_time: 73866665494952, ref_stop_time: 73866665585762, actual_exe_time: 90810, task_app_start_time:73865913473941, task_sched_time:73866665486702
app_id: 0, app_name: SAR_api-aarch64, task_id: 92, task_name: DASH_ZIP, resource_name: cpu3, ref_start_time: 73866666137792, ref_stop_time: 73866666211382, actual_exe_time: 73590, task_app_start_time:73865913473941, task_sched_time:73866666129422
app_id: 0, app_name: SAR_api-aarch64, task_id: 93, task_name: DASH_FFT, resource_name: fft1, ref_start_time: 73866666673922, ref_stop_time: 73866666779552, actual_exe_time: 105630, task_app_start_time:73865913473941, task_sched_time:73866666665432
app_id: 0, app_name: SAR_api-aarch64, task_id: 94, task_name: DASH_FFT, resource_name: fft2, ref_start_time: 73866667262132, ref_stop_time: 73866667329962, actual_exe_time: 67830, task_app_start_time:73865913473941, task_sched_time:73866667253552
app_id: 0, app_name: SAR_api-aarch64, task_id: 95, task_name: DASH_ZIP, resource_name: zip1, ref_start_time: 73866667911002, ref_stop_time: 73866668026742, actual_exe_time: 115740, task_app_start_time:73865913473941, task_sched_time:73866667906712
app_id: 0, app_name: SAR_api-aarch64, task_id: 96, task_name: DASH_FFT, resource_name: cpu1, ref_start_time: 73866668737982, ref_stop_time: 73866668827622, actual_exe_time: 89640, task_app_start_time:73865913473941, task_sched_time:73866668732072
app_id: 0, app_name: SAR_api-aarch64, task_id: 97, task_name: DASH_FFT, resource_name: cpu2, ref_start_time: 73866669260282, ref_stop_time: 73866669358712, actual_exe_time: 98430, task_app_start_time:73865913473941, task_sched_time:73866669252242
app_id: 0, app_name: SAR_api-aarch64, task_id: 98, task_name: DASH_ZIP, resource_name: cpu3, ref_start_time: 73866670063862, ref_stop_time: 73866670137542, actual_exe_time: 73680, task_app_start_time:73865913473941, task_sched_time:73866670057922
app_id: 0, app_name: SAR_api-aarch64, task_id: 99, task_name: DASH_FFT, resource_name: fft1, ref_start_time: 73866670697312, ref_stop_time: 73866670801472, actual_exe_time: 104160, task_app_start_time:73865913473941, task_sched_time:73866670690532
app_id: 0, app_name: SAR_api-aarch64, task_id: 100, task_name: DASH_FFT, resource_name: fft2, ref_start_time: 73866671289692, ref_stop_time: 73866671358452, actual_exe_time: 68760, task_app_start_time:73865913473941, task_sched_time:73866671285702
app_id: 0, app_name: SAR_api-aarch64, task_id: 101, task_name: DASH_ZIP, resource_name: zip1, ref_start_time: 73866671844693, ref_stop_time: 73866671962803, actual_exe_time: 118110, task_app_start_time:73865913473941, task_sched_time:73866671835783
app_id: 0, app_name: SAR_api-aarch64, task_id: 102, task_name: DASH_FFT, resource_name: cpu1, ref_start_time: 73866672482163, ref_stop_time: 73866672570813, actual_exe_time: 88650, task_app_start_time:73865913473941, task_sched_time:73866672469623
app_id: 0, app_name: SAR_api-aarch64, task_id: 103, task_name: DASH_FFT, resource_name: cpu2, ref_start_time: 73866672858963, ref_stop_time: 73866672948813, actual_exe_time: 89850, task_app_start_time:73865913473941, task_sched_time:73866672853383
app_id: 0, app_name: SAR_api-aarch64, task_id: 104, task_name: DASH_ZIP, resource_name: cpu3, ref_start_time: 73866674010783, ref_stop_time: 73866674084553, actual_exe_time: 73770, task_app_start_time:73865913473941, task_sched_time:73866674007483
app_id: 0, app_name: SAR_api-aarch64, task_id: 105, task_name: DASH_FFT, resource_name: fft1, ref_start_time: 73866674708673, ref_stop_time: 73866674813643, actual_exe_time: 104970, task_app_start_time:73865913473941, task_sched_time:73866674703063
app_id: 0, app_name: SAR_api-aarch64, task_id: 106, task_name: DASH_FFT, resource_name: fft2, ref_start_time: 73866675165693, ref_stop_time: 73866675233913, actual_exe_time: 68220, task_app_start_time:73865913473941, task_sched_time:73866675159243
app_id: 0, app_name: SAR_api-aarch64, task_id: 107, task_name: DASH_ZIP, resource_name: zip1, ref_start_time: 73866675868053, ref_stop_time: 73866675984963, actual_exe_time: 116910, task_app_start_time:73865913473941, task_sched_time:73866675865593
app_id: 0, app_name: SAR_api-aarch64, task_id: 108, task_name: DASH_FFT, resource_name: cpu1, ref_start_time: 73866676603653, ref_stop_time: 73866676693023, actual_exe_time: 89370, task_app_start_time:73865913473941, task_sched_time:73866676599333
app_id: 0, app_name: SAR_api-aarch64, task_id: 109, task_name: DASH_FFT, resource_name: cpu2, ref_start_time: 73866677207223, ref_stop_time: 73866677304603, actual_exe_time: 97380, task_app_start_time:73865913473941, task_sched_time:73866677200833
app_id: 0, app_name: SAR_api-aarch64, task_id: 110, task_name: DASH_ZIP, resource_name: cpu3, ref_start_time: 73866677879344, ref_stop_time: 73866677953144, actual_exe_time: 73800, task_app_start_time:73865913473941, task_sched_time:73866677872864
app_id: 0, app_name: SAR_api-aarch64, task_id: 111, task_name: DASH_FFT, resource_name: fft1, ref_start_time: 73866678423694, ref_stop_time: 73866678528874, actual_exe_time: 105180, task_app_start_time:73865913473941, task_sched_time:73866678417304
app_id: 0, app_name: SAR_api-aarch64, task_id: 112, task_name: DASH_FFT, resource_name: fft2, ref_start_time: 73866679010074, ref_stop_time: 73866679078984, actual_exe_time: 68910, task_app_start_time:73865913473941, task_sched_time:73866679005094
app_id: 0, app_name: SAR_api-aarch64, task_id: 113, task_name: DASH_ZIP, resource_name: zip1, ref_start_time: 73866679679704, ref_stop_time: 73866679796494, actual_exe_time: 116790, task_app_start_time:73865913473941, task_sched_time:73866679673194
app_id: 0, app_name: SAR_api-aarch64, task_id: 114, task_name: DASH_FFT, resource_name: cpu1, ref_start_time: 73866680392774, ref_stop_time: 73866680481724, actual_exe_time: 88950, task_app_start_time:73865913473941, task_sched_time:73866680380744
app_id: 0, app_name: SAR_api-aarch64, task_id: 115, task_name: DASH_FFT, resource_name: cpu2, ref_start_time: 73866680799064, ref_stop_time: 73866680897374, actual_exe_time: 98310, task_app_start_time:73865913473941, task_sched_time:73866680789764
app_id: 0, app_name: SAR_api-aarch64, task_id: 116, task_name: DASH_ZIP, resource_name: cpu3, ref_start_time: 73866682002004, ref_stop_time: 73866682079344, actual_exe_time: 77340, task_app_start_time:73865913473941, task_sched_time:73866681995014
app_id: 0, app_name: SAR_api-aarch64, task_id: 117, task_name: DASH_FFT, resource_name: fft1, ref_start_time: 73866682748044, ref_stop_time: 73866682853464, actual_exe_time: 105420, task_app_start_time:73865913473941, task_sched_time:73866682735294
app_id: 0, app_name: SAR_api-aarch64, task_id: 118, task_name: DASH_FFT, resource_name: fft2, ref_start_time: 73866683281384, ref_stop_time: 73866683350954, actual_exe_time: 69570, task_app_start_time:73865913473941, task_sched_time:73866683275684
app_id: 0, app_name: SAR_api-aarch64, task_id: 119, task_name: DASH_ZIP, resource_name: zip1, ref_start_time: 73866683779144, ref_stop_time: 73866683896474, actual_exe_time: 117330, task_app_start_time:73865913473941, task_sched_time:73866683769664
app_id: 0, app_name: SAR_api-aarch64, task_id: 120, task_name: DASH_FFT, resource_name: cpu1, ref_start_time: 73866684443675, ref_stop_time: 73866684533195, actual_exe_time: 89520, task_app_start_time:73865913473941, task_sched_time:73866684438335
app_id: 0, app_name: SAR_api-aarch64, task_id: 121, task_name: DASH_FFT, resource_name: cpu2, ref_start_time: 73866685037225, ref_stop_time: 73866685127495, actual_exe_time: 90270, task_app_start_time:73865913473941, task_sched_time:73866685028105
app_id: 0, app_name: SAR_api-aarch64, task_id: 122, task_name: DASH_ZIP, resource_name: cpu3, ref_start_time: 73866685294715, ref_stop_time: 73866685377575, actual_exe_time: 82860, task_app_start_time:73865913473941, task_sched_time:73866685291175
app_id: 0, app_name: SAR_api-aarch64, task_id: 123, task_name: DASH_FFT, resource_name: fft1, ref_start_time: 73866685977335, ref_stop_time: 73866686082215, actual_exe_time: 104880, task_app_start_time:73865913473941, task_sched_time:73866685972625
app_id: 0, app_name: SAR_api-aarch64, task_id: 124, task_name: DASH_FFT, resource_name: fft2, ref_start_time: 73866686677325, ref_stop_time: 73866686746625, actual_exe_time: 69300, task_app_start_time:73865913473941, task_sched_time:73866686672075
app_id: 0, app_name: SAR_api-aarch64, task_id: 125, task_name: DASH_ZIP, resource_name: zip1, ref_start_time: 73866687344015, ref_stop_time: 73866687460565, actual_exe_time: 116550, task_app_start_time:73865913473941, task_sched_time:73866687338735
app_id: 0, app_name: SAR_api-aarch64, task_id: 126, task_name: DASH_FFT, resource_name: cpu1, ref_start_time: 73866688046555, ref_stop_time: 73866688135355, actual_exe_time: 88800, task_app_start_time:73865913473941, task_sched_time:73866688042985
app_id: 0, app_name: SAR_api-aarch64, task_id: 127, task_name: DASH_FFT, resource_name: cpu2, ref_start_time: 73866688611935, ref_stop_time: 73866688702535, actual_exe_time: 90600, task_app_start_time:73865913473941, task_sched_time:73866688606115
app_id: 0, app_name: SAR_api-aarch64, task_id: 128, task_name: DASH_ZIP, resource_name: cpu3, ref_start_time: 73866689225645, ref_stop_time: 73866689308655, actual_exe_time: 83010, task_app_start_time:73865913473941, task_sched_time:73866689219015
app_id: 0, app_name: SAR_api-aarch64, task_id: 129, task_name: DASH_FFT, resource_name: fft1, ref_start_time: 73866689893895, ref_stop_time: 73866690007355, actual_exe_time: 113460, task_app_start_time:73865913473941, task_sched_time:73866689882855
app_id: 0, app_name: SAR_api-aarch64, task_id: 130, task_name: DASH_FFT, resource_name: fft2, ref_start_time: 73866690487506, ref_stop_time: 73866690555906, actual_exe_time: 68400, task_app_start_time:73865913473941, task_sched_time:73866690481986
app_id: 0, app_name: SAR_api-aarch64, task_id: 131, task_name: DASH_ZIP, resource_name: zip1, ref_start_time: 73866691000086, ref_stop_time: 73866691115466, actual_exe_time: 115380, task_app_start_time:73865913473941, task_sched_time:73866690995736
app_id: 0, app_name: SAR_api-aarch64, task_id: 132, task_name: DASH_FFT, resource_name: cpu1, ref_start_time: 73866691750506, ref_stop_time: 73866691839486, actual_exe_time: 88980, task_app_start_time:73865913473941, task_sched_time:73866691745136
app_id: 0, app_name: SAR_api-aarch64, task_id: 133, task_name: DASH_FFT, resource_name: cpu2, ref_start_time: 73866692351436, ref_stop_time: 73866692440866, actual_exe_time: 89430, task_app_start_time:73865913473941, task_sched_time:73866692344716
app_id: 0, app_name: SAR_api-aarch64, task_id: 134, task_name: DASH_ZIP, resource_name: cpu3, ref_start_time: 73866692994996, ref_stop_time: 73866693068316, actual_exe_time: 73320, task_app_start_time:73865913473941, task_sched_time:73866692986686
app_id: 0, app_name: SAR_api-aarch64, task_id: 135, task_name: DASH_FFT, resource_name: fft1, ref_start_time: 73866693476436, ref_stop_time: 73866693583086, actual_exe_time: 106650, task_app_start_time:73865913473941, task_sched_time:73866693469476
app_id: 0, app_name: SAR_api-aarch64, task_id: 136, task_name: DASH_FFT, resource_name: fft2, ref_start_time: 73866694088196, ref_stop_time: 73866694156566, actual_exe_time: 68370, task_app_start_time:73865913473941, task_sched_time:73866694081776
app_id: 0, app_name: SAR_api-aarch64, task_id: 137, task_name: DASH_ZIP, resource_name: zip1, ref_start_time: 73866694699446, ref_stop_time: 73866694816656, actual_exe_time: 117210, task_app_start_time:73865913473941, task_sched_time:73866694695816
app_id: 0, app_name: SAR_api-aarch64, task_id: 138, task_name: DASH_FFT, resource_name: cpu1, ref_start_time: 73866695358366, ref_stop_time: 73866695446596, actual_exe_time: 88230, task_app_start_time:73865913473941, task_sched_time:73866695346306
app_id: 0, app_name: SAR_api-aarch64, task_id: 139, task_name: DASH_FFT, resource_name: cpu2, ref_start_time: 73866695859726, ref_stop_time: 73866695949846, actual_exe_time: 90120, task_app_start_time:73865913473941, task_sched_time:73866695850786
app_id: 0, app_name: SAR_api-aarch64, task_id: 140, task_name: DASH_ZIP, resource_name: cpu3, ref_start_time: 73866696375187, ref_stop_time: 73866696448687, actual_exe_time: 73500, task_app_start_time:73865913473941, task_sched_time:73866696371497
app_id: 0, app_name: SAR_api-aarch64, task_id: 141, task_name: DASH_FFT, resource_name: fft1, ref_start_time: 73866696948847, ref_stop_time: 73866697053127, actual_exe_time: 104280, task_app_start_time:73865913473941, task_sched_time:73866696936907
app_id: 0, app_name: SAR_api-aarch64, task_id: 142, task_name: DASH_FFT, resource_name: fft2, ref_start_time: 73866697602577, ref_stop_time: 73866697672357, actual_exe_time: 69780, task_app_start_time:73865913473941, task_sched_time:73866697599127
app_id: 0, app_name: SAR_api-aarch64, task_id: 143, task_name: DASH_ZIP, resource_name: zip1, ref_start_time: 73866697983907, ref_stop_time: 73866698099677, actual_exe_time: 115770, task_app_start_time:73865913473941, task_sched_time:73866697981147
app_id: 0, app_name: SAR_api-aarch64, task_id: 144, task_name: DASH_FFT, resource_name: cpu1, ref_start_time: 73866698744137, ref_stop_time: 73866698833297, actual_exe_time: 89160, task_app_start_time:73865913473941, task_sched_time:73866698735107
app_id: 0, app_name: SAR_api-aarch64, task_id: 145, task_name: DASH_FFT, resource_name: cpu2, ref_start_time: 73866699318937, ref_stop_time: 73866699409267, actual_exe_time: 90330, task_app_start_time:73865913473941, task_sched_time:73866699313207
app_id: 0, app_name: SAR_api-aarch64, task_id: 146, task_name: DASH_ZIP, resource_name: cpu3, ref_start_time: 73866699954757, ref_stop_time: 73866700028317, actual_exe_time: 73560, task_app_start_time:73865913473941, task_sched_time:73866699948577
app_id: 0, app_name: SAR_api-aarch64, task_id: 147, task_name: DASH_FFT, resource_name: fft1, ref_start_time: 73866700496797, ref_stop_time: 73866700601887, actual_exe_time: 105090, task_app_start_time:73865913473941, task_sched_time:73866700484707
app_id: 0, app_name: SAR_api-aarch64, task_id: 148, task_name: DASH_FFT, resource_name: fft2, ref_start_time: 73866701084647, ref_stop_time: 73866701154637, actual_exe_time: 69990, task_app_start_time:73865913473941, task_sched_time:73866701080297
app_id: 0, app_name: SAR_api-aarch64, task_id: 149, task_name: DASH_ZIP, resource_name: zip1, ref_start_time: 73866701651437, ref_stop_time: 73866701767297, actual_exe_time: 115860, task_app_start_time:73865913473941, task_sched_time:73866701641807
app_id: 0, app_name: SAR_api-aarch64, task_id: 150, task_name: DASH_FFT, resource_name: cpu1, ref_start_time: 73866702401107, ref_stop_time: 73866702490567, actual_exe_time: 89460, task_app_start_time:73865913473941, task_sched_time:73866702388567
app_id: 0, app_name: SAR_api-aarch64, task_id: 151, task_name: DASH_FFT, resource_name: cpu2, ref_start_time: 73866702992618, ref_stop_time: 73866703082588, actual_exe_time: 89970, task_app_start_time:73865913473941, task_sched_time:73866702983498
app_id: 0, app_name: SAR_api-aarch64, task_id: 152, task_name: DASH_ZIP, resource_name: cpu3, ref_start_time: 73866703761878, ref_stop_time: 73866703835258, actual_exe_time: 73380, task_app_start_time:73865913473941, task_sched_time:73866703758368
app_id: 0, app_name: SAR_api-aarch64, task_id: 153, task_name: DASH_FFT, resource_name: fft1, ref_start_time: 73866704453798, ref_stop_time: 73866704557898, actual_exe_time: 104100, task_app_start_time:73865913473941, task_sched_time:73866704449538
app_id: 0, app_name: SAR_api-aarch64, task_id: 154, task_name: DASH_FFT, resource_name: fft2, ref_start_time: 73866705132608, ref_stop_time: 73866705202388, actual_exe_time: 69780, task_app_start_time:73865913473941, task_sched_time:73866705126098
app_id: 0, app_name: SAR_api-aarch64, task_id: 155, task_name: DASH_ZIP, resource_name: zip1, ref_start_time: 73866705633008, ref_stop_time: 73866705748988, actual_exe_time: 115980, task_app_start_time:73865913473941, task_sched_time:73866705623858
app_id: 0, app_name: SAR_api-aarch64, task_id: 156, task_name: DASH_FFT, resource_name: cpu1, ref_start_time: 73866706677578, ref_stop_time: 73866706767758, actual_exe_time: 90180, task_app_start_time:73865913473941, task_sched_time:73866706671098
app_id: 0, app_name: SAR_api-aarch64, task_id: 157, task_name: DASH_FFT, resource_name: cpu2, ref_start_time: 73866707359598, ref_stop_time: 73866707456858, actual_exe_time: 97260, task_app_start_time:73865913473941, task_sched_time:73866707355518
app_id: 0, app_name: SAR_api-aarch64, task_id: 158, task_name: DASH_ZIP, resource_name: cpu3, ref_start_time: 73866707902988, ref_stop_time: 73866707976698, actual_exe_time: 73710, task_app_start_time:73865913473941, task_sched_time:73866707895128
app_id: 0, app_name: SAR_api-aarch64, task_id: 159, task_name: DASH_FFT, resource_name: fft1, ref_start_time: 73866708512978, ref_stop_time: 73866708616898, actual_exe_time: 103920, task_app_start_time:73865913473941, task_sched_time:73866708503678
app_id: 0, app_name: SAR_api-aarch64, task_id: 160, task_name: DASH_FFT, resource_name: fft2, ref_start_time: 73866709088559, ref_stop_time: 73866709158159, actual_exe_time: 69600, task_app_start_time:73865913473941, task_sched_time:73866709079349
app_id: 0, app_name: SAR_api-aarch64, task_id: 161, task_name: DASH_ZIP, resource_name: zip1, ref_start_time: 73866709684419, ref_stop_time: 73866709800099, actual_exe_time: 115680, task_app_start_time:73865913473941, task_sched_time:73866709675449
app_id: 0, app_name: SAR_api-aarch64, task_id: 162, task_name: DASH_FFT, resource_name: cpu1, ref_start_time: 73866710451639, ref_stop_time: 73866710541399, actual_exe_time: 89760, task_app_start_time:73865913473941, task_sched_time:73866710445579
app_id: 0, app_name: SAR_api-aarch64, task_id: 163, task_name: DASH_FFT, resource_name: cpu2, ref_start_time: 73866711014169, ref_stop_time: 73866711105129, actual_exe_time: 90960, task_app_start_time:73865913473941, task_sched_time:73866711009669
app_id: 0, app_name: SAR_api-aarch64, task_id: 164, task_name: DASH_ZIP, resource_name: cpu3, ref_start_time: 73866711622929, ref_stop_time: 73866711696549, actual_exe_time: 73620, task_app_start_time:73865913473941, task_sched_time:73866711619329
app_id: 0, app_name: SAR_api-aarch64, task_id: 165, task_name: DASH_FFT, resource_name: fft1, ref_start_time: 73866712221909, ref_stop_time: 73866712326129, actual_exe_time: 104220, task_app_start_time:73865913473941, task_sched_time:73866712213539
app_id: 0, app_name: SAR_api-aarch64, task_id: 166, task_name: DASH_FFT, resource_name: fft2, ref_start_time: 73866712645479, ref_stop_time: 73866712715829, actual_exe_time: 70350, task_app_start_time:73865913473941, task_sched_time:73866712638249
app_id: 0, app_name: SAR_api-aarch64, task_id: 167, task_name: DASH_ZIP, resource_name: zip1, ref_start_time: 73866713360409, ref_stop_time: 73866713476989, actual_exe_time: 116580, task_app_start_time:73865913473941, task_sched_time:73866713355729
app_id: 0, app_name: SAR_api-aarch64, task_id: 168, task_name: DASH_FFT, resource_name: cpu1, ref_start_time: 73866713866899, ref_stop_time: 73866713955969, actual_exe_time: 89070, task_app_start_time:73865913473941, task_sched_time:73866713861859
app_id: 0, app_name: SAR_api-aarch64, task_id: 169, task_name: DASH_FFT, resource_name: cpu2, ref_start_time: 73866714509259, ref_stop_time: 73866714599799, actual_exe_time: 90540, task_app_start_time:73865913473941, task_sched_time:73866714501099
app_id: 0, app_name: SAR_api-aarch64, task_id: 170, task_name: DASH_ZIP, resource_name: cpu3, ref_start_time: 73866715170880, ref_stop_time: 73866715244620, actual_exe_time: 73740, task_app_start_time:73865913473941, task_sched_time:73866715168390
app_id: 0, app_name: SAR_api-aarch64, task_id: 171, task_name: DASH_FFT, resource_name: fft1, ref_start_time: 73866715606840, ref_stop_time: 73866715710610, actual_exe_time: 103770, task_app_start_time:73865913473941, task_sched_time:73866715597720
app_id: 0, app_name: SAR_api-aarch64, task_id: 172, task_name: DASH_FFT, resource_name: fft2, ref_start_time: 73866716142490, ref_stop_time: 73866716213860, actual_exe_time: 71370, task_app_start_time:73865913473941, task_sched_time:73866716139160
app_id: 0, app_name: SAR_api-aarch64, task_id: 173, task_name: DASH_ZIP, resource_name: zip1, ref_start_time: 73866716785900, ref_stop_time: 73866716902360, actual_exe_time: 116460, task_app_start_time:73865913473941, task_sched_time:73866716781700
app_id: 0, app_name: SAR_api-aarch64, task_id: 174, task_name: DASH_FFT, resource_name: cpu1, ref_start_time: 73866717525370, ref_stop_time: 73866717620830, actual_exe_time: 95460, task_app_start_time:73865913473941, task_sched_time:73866717518470
app_id: 0, app_name: SAR_api-aarch64, task_id: 175, task_name: DASH_FFT, resource_name: cpu2, ref_start_time: 73866718105600, ref_stop_time: 73866718195120, actual_exe_time: 89520, task_app_start_time:73865913473941, task_sched_time:73866718102060
app_id: 0, app_name: SAR_api-aarch64, task_id: 176, task_name: DASH_ZIP, resource_name: cpu3, ref_start_time: 73866718738660, ref_stop_time: 73866718812370, actual_exe_time: 73710, task_app_start_time:73865913473941, task_sched_time:73866718732330
app_id: 0, app_name: SAR_api-aarch64, task_id: 177, task_name: DASH_FFT, resource_name: fft1, ref_start_time: 73866719086810, ref_stop_time: 73866719193460, actual_exe_time: 106650, task_app_start_time:73865913473941, task_sched_time:73866719080120
app_id: 0, app_name: SAR_api-aarch64, task_id: 178, task_name: DASH_FFT, resource_name: fft2, ref_start_time: 73866719929450, ref_stop_time: 73866719998450, actual_exe_time: 69000, task_app_start_time:73865913473941, task_sched_time:73866719924500
app_id: 0, app_name: SAR_api-aarch64, task_id: 179, task_name: DASH_ZIP, resource_name: zip1, ref_start_time: 73866720557770, ref_stop_time: 73866720674320, actual_exe_time: 116550, task_app_start_time:73865913473941, task_sched_time:73866720554080
app_id: 0, app_name: SAR_api-aarch64, task_id: 180, task_name: DASH_FFT, resource_name: cpu1, ref_start_time: 73866721274051, ref_stop_time: 73866721373441, actual_exe_time: 99390, task_app_start_time:73865913473941, task_sched_time:73866721263401
app_id: 0, app_name: SAR_api-aarch64, task_id: 181, task_name: DASH_FFT, resource_name: cpu2, ref_start_time: 73866721855421, ref_stop_time: 73866721945001, actual_exe_time: 89580, task_app_start_time:73865913473941, task_sched_time:73866721852391
app_id: 0, app_name: SAR_api-aarch64, task_id: 182, task_name: DASH_ZIP, resource_name: cpu3, ref_start_time: 73866722521511, ref_stop_time: 73866722595161, actual_exe_time: 73650, task_app_start_time:73865913473941, task_sched_time:73866722514341
app_id: 0, app_name: SAR_api-aarch64, task_id: 183, task_name: DASH_FFT, resource_name: fft1, ref_start_time: 73866723068291, ref_stop_time: 73866723173441, actual_exe_time: 105150, task_app_start_time:73865913473941, task_sched_time:73866723059711
app_id: 0, app_name: SAR_api-aarch64, task_id: 184, task_name: DASH_FFT, resource_name: fft2, ref_start_time: 73866723652181, ref_stop_time: 73866723723191, actual_exe_time: 71010, task_app_start_time:73865913473941, task_sched_time:73866723648041
app_id: 0, app_name: SAR_api-aarch64, task_id: 185, task_name: DASH_ZIP, resource_name: zip1, ref_start_time: 73866724057031, ref_stop_time: 73866724172831, actual_exe_time: 115800, task_app_start_time:73865913473941, task_sched_time:73866724051841
app_id: 0, app_name: SAR_api-aarch64, task_id: 186, task_name: DASH_FFT, resource_name: cpu1, ref_start_time: 73866724994111, ref_stop_time: 73866725082701, actual_exe_time: 88590, task_app_start_time:73865913473941, task_sched_time:73866724988831
app_id: 0, app_name: SAR_api-aarch64, task_id: 187, task_name: DASH_FFT, resource_name: cpu2, ref_start_time: 73866725600471, ref_stop_time: 73866725690201, actual_exe_time: 89730, task_app_start_time:73865913473941, task_sched_time:73866725596451
app_id: 0, app_name: SAR_api-aarch64, task_id: 188, task_name: DASH_ZIP, resource_name: cpu3, ref_start_time: 73866726100931, ref_stop_time: 73866726174461, actual_exe_time: 73530, task_app_start_time:73865913473941, task_sched_time:73866726094421
app_id: 0, app_name: SAR_api-aarch64, task_id: 189, task_name: DASH_FFT, resource_name: fft1, ref_start_time: 73866726524321, ref_stop_time: 73866726628061, actual_exe_time: 103740, task_app_start_time:73865913473941, task_sched_time:73866726516701
app_id: 0, app_name: SAR_api-aarch64, task_id: 190, task_name: DASH_FFT, resource_name: fft2, ref_start_time: 73866727108301, ref_stop_time: 73866727176851, actual_exe_time: 68550, task_app_start_time:73865913473941, task_sched_time:73866727105301
app_id: 0, app_name: SAR_api-aarch64, task_id: 191, task_name: DASH_ZIP, resource_name: zip1, ref_start_time: 73866727722762, ref_stop_time: 73866727839702, actual_exe_time: 116940, task_app_start_time:73865913473941, task_sched_time:73866727714872
app_id: 0, app_name: SAR_api-aarch64, task_id: 192, task_name: DASH_FFT, resource_name: cpu1, ref_start_time: 73866728369382, ref_stop_time: 73866728458422, actual_exe_time: 89040, task_app_start_time:73865913473941, task_sched_time:73866728362062
app_id: 0, app_name: SAR_api-aarch64, task_id: 193, task_name: DASH_FFT, resource_name: cpu2, ref_start_time: 73866728923152, ref_stop_time: 73866729013632, actual_exe_time: 90480, task_app_start_time:73865913473941, task_sched_time:73866728919042
app_id: 0, app_name: SAR_api-aarch64, task_id: 194, task_name: DASH_ZIP, resource_name: cpu3, ref_start_time: 73866729404022, ref_stop_time: 73866729477732, actual_exe_time: 73710, task_app_start_time:73865913473941, task_sched_time:73866729396402
app_id: 0, app_name: SAR_api-aarch64, task_id: 195, task_name: DASH_FFT, resource_name: fft1, ref_start_time: 73866730074822, ref_stop_time: 73866730179042, actual_exe_time: 104220, task_app_start_time:73865913473941, task_sched_time:73866730069812
app_id: 0, app_name: SAR_api-aarch64, task_id: 196, task_name: DASH_FFT, resource_name: fft2, ref_start_time: 73866730769982, ref_stop_time: 73866730839732, actual_exe_time: 69750, task_app_start_time:73865913473941, task_sched_time:73866730763202
app_id: 0, app_name: SAR_api-aarch64, task_id: 197, task_name: DASH_ZIP, resource_name: zip1, ref_start_time: 73866731297772, ref_stop_time: 73866731413452, actual_exe_time: 115680, task_app_start_time:73865913473941, task_sched_time:73866731293452
app_id: 0, app_name: SAR_api-aarch64, task_id: 198, task_name: DASH_FFT, resource_name: cpu1, ref_start_time: 73866731944482, ref_stop_time: 73866732033402, actual_exe_time: 88920, task_app_start_time:73865913473941, task_sched_time:73866731933202
app_id: 0, app_name: SAR_api-aarch64, task_id: 199, task_name: DASH_FFT, resource_name: cpu2, ref_start_time: 73866732569382, ref_stop_time: 73866732668052, actual_exe_time: 98670, task_app_start_time:73865913473941, task_sched_time:73866732566382
app_id: 0, app_name: SAR_api-aarch64, task_id: 200, task_name: DASH_ZIP, resource_name: cpu3, ref_start_time: 73866733229412, ref_stop_time: 73866733409232, actual_exe_time: 179820, task_app_start_time:73865913473941, task_sched_time:73866733225692
app_id: 0, app_name: SAR_api-aarch64, task_id: 201, task_name: DASH_FFT, resource_name: fft1, ref_start_time: 73866733770703, ref_stop_time: 73866733875763, actual_exe_time: 105060, task_app_start_time:73865913473941, task_sched_time:73866733766593
app_id: 0, app_name: SAR_api-aarch64, task_id: 202, task_name: DASH_FFT, resource_name: fft2, ref_start_time: 73866734259643, ref_stop_time: 73866734328253, actual_exe_time: 68610, task_app_start_time:73865913473941, task_sched_time:73866734252173
app_id: 0, app_name: SAR_api-aarch64, task_id: 203, task_name: DASH_ZIP, resource_name: zip1, ref_start_time: 73866734883343, ref_stop_time: 73866735000703, actual_exe_time: 117360, task_app_start_time:73865913473941, task_sched_time:73866734879683
app_id: 0, app_name: SAR_api-aarch64, task_id: 204, task_name: DASH_FFT, resource_name: cpu1, ref_start_time: 73866735549523, ref_stop_time: 73866735638443, actual_exe_time: 88920, task_app_start_time:73865913473941, task_sched_time:73866735546253
app_id: 0, app_name: SAR_api-aarch64, task_id: 205, task_name: DASH_FFT, resource_name: cpu2, ref_start_time: 73866736179373, ref_stop_time: 73866736269103, actual_exe_time: 89730, task_app_start_time:73865913473941, task_sched_time:73866736170193
app_id: 0, app_name: SAR_api-aarch64, task_id: 206, task_name: DASH_ZIP, resource_name: cpu3, ref_start_time: 73866736752013, ref_stop_time: 73866736825603, actual_exe_time: 73590, task_app_start_time:73865913473941, task_sched_time:73866736742923
app_id: 0, app_name: SAR_api-aarch64, task_id: 207, task_name: DASH_FFT, resource_name: fft1, ref_start_time: 73866737147173, ref_stop_time: 73866737252023, actual_exe_time: 104850, task_app_start_time:73865913473941, task_sched_time:73866737133433
app_id: 0, app_name: SAR_api-aarch64, task_id: 208, task_name: DASH_FFT, resource_name: fft2, ref_start_time: 73866737891473, ref_stop_time: 73866737961883, actual_exe_time: 70410, task_app_start_time:73865913473941, task_sched_time:73866737883403
app_id: 0, app_name: SAR_api-aarch64, task_id: 209, task_name: DASH_ZIP, resource_name: zip1, ref_start_time: 73866738551233, ref_stop_time: 73866738667543, actual_exe_time: 116310, task_app_start_time:73865913473941, task_sched_time:73866738541933
app_id: 0, app_name: SAR_api-aarch64, task_id: 210, task_name: DASH_FFT, resource_name: cpu1, ref_start_time: 73866739062973, ref_stop_time: 73866739152013, actual_exe_time: 89040, task_app_start_time:73865913473941, task_sched_time:73866739054933
app_id: 0, app_name: SAR_api-aarch64, task_id: 211, task_name: DASH_FFT, resource_name: cpu2, ref_start_time: 73866739443793, ref_stop_time: 73866739534483, actual_exe_time: 90690, task_app_start_time:73865913473941, task_sched_time:73866739438513
app_id: 0, app_name: SAR_api-aarch64, task_id: 212, task_name: DASH_ZIP, resource_name: cpu3, ref_start_time: 73866740214464, ref_stop_time: 73866740288084, actual_exe_time: 73620, task_app_start_time:73865913473941, task_sched_time:73866740207864
app_id: 0, app_name: SAR_api-aarch64, task_id: 213, task_name: DASH_FFT, resource_name: fft1, ref_start_time: 73866740894204, ref_stop_time: 73866740998214, actual_exe_time: 104010, task_app_start_time:73865913473941, task_sched_time:73866740888924
app_id: 0, app_name: SAR_api-aarch64, task_id: 214, task_name: DASH_FFT, resource_name: fft2, ref_start_time: 73866741485084, ref_stop_time: 73866741556244, actual_exe_time: 71160, task_app_start_time:73865913473941, task_sched_time:73866741476174
app_id: 0, app_name: SAR_api-aarch64, task_id: 215, task_name: DASH_ZIP, resource_name: zip1, ref_start_time: 73866742134134, ref_stop_time: 73866742250594, actual_exe_time: 116460, task_app_start_time:73865913473941, task_sched_time:73866742126514
app_id: 0, app_name: SAR_api-aarch64, task_id: 216, task_name: DASH_FFT, resource_name: cpu1, ref_start_time: 73866742642964, ref_stop_time: 73866742732904, actual_exe_time: 89940, task_app_start_time:73865913473941, task_sched_time:73866742629494
app_id: 0, app_name: SAR_api-aarch64, task_id: 217, task_name: DASH_FFT, resource_name: cpu2, ref_start_time: 73866743405894, ref_stop_time: 73866743497124, actual_exe_time: 91230, task_app_start_time:73865913473941, task_sched_time:73866743400554
app_id: 0, app_name: SAR_api-aarch64, task_id: 218, task_name: DASH_ZIP, resource_name: cpu3, ref_start_time: 73866744125894, ref_stop_time: 73866744199634, actual_exe_time: 73740, task_app_start_time:73865913473941, task_sched_time:73866744116444
app_id: 0, app_name: SAR_api-aarch64, task_id: 219, task_name: DASH_FFT, resource_name: fft1, ref_start_time: 73866744648254, ref_stop_time: 73866744760634, actual_exe_time: 112380, task_app_start_time:73865913473941, task_sched_time:73866744642524
app_id: 0, app_name: SAR_api-aarch64, task_id: 220, task_name: DASH_FFT, resource_name: fft2, ref_start_time: 73866745236464, ref_stop_time: 73866745317854, actual_exe_time: 81390, task_app_start_time:73865913473941, task_sched_time:73866745231694
app_id: 0, app_name: SAR_api-aarch64, task_id: 221, task_name: DASH_ZIP, resource_name: zip1, ref_start_time: 73866745907954, ref_stop_time: 73866746023664, actual_exe_time: 115710, task_app_start_time:73865913473941, task_sched_time:73866745900694
app_id: 0, app_name: SAR_api-aarch64, task_id: 222, task_name: DASH_FFT, resource_name: cpu1, ref_start_time: 73866746557305, ref_stop_time: 73866746647845, actual_exe_time: 90540, task_app_start_time:73865913473941, task_sched_time:73866746549745
app_id: 0, app_name: SAR_api-aarch64, task_id: 223, task_name: DASH_FFT, resource_name: cpu2, ref_start_time: 73866747150735, ref_stop_time: 73866747240765, actual_exe_time: 90030, task_app_start_time:73865913473941, task_sched_time:73866747146655
app_id: 0, app_name: SAR_api-aarch64, task_id: 224, task_name: DASH_ZIP, resource_name: cpu3, ref_start_time: 73866747843255, ref_stop_time: 73866747916545, actual_exe_time: 73290, task_app_start_time:73865913473941, task_sched_time:73866747833745
app_id: 0, app_name: SAR_api-aarch64, task_id: 225, task_name: DASH_FFT, resource_name: fft1, ref_start_time: 73866748304775, ref_stop_time: 73866748408905, actual_exe_time: 104130, task_app_start_time:73865913473941, task_sched_time:73866748299735
app_id: 0, app_name: SAR_api-aarch64, task_id: 226, task_name: DASH_FFT, resource_name: fft2, ref_start_time: 73866748948635, ref_stop_time: 73866749019015, actual_exe_time: 70380, task_app_start_time:73865913473941, task_sched_time:73866748941915
app_id: 0, app_name: SAR_api-aarch64, task_id: 227, task_name: DASH_ZIP, resource_name: zip1, ref_start_time: 73866749494155, ref_stop_time: 73866749611665, actual_exe_time: 117510, task_app_start_time:73865913473941, task_sched_time:73866749489805
app_id: 0, app_name: SAR_api-aarch64, task_id: 228, task_name: DASH_FFT, resource_name: cpu1, ref_start_time: 73866750189495, ref_stop_time: 73866750279135, actual_exe_time: 89640, task_app_start_time:73865913473941, task_sched_time:73866750183225
app_id: 0, app_name: SAR_api-aarch64, task_id: 229, task_name: DASH_FFT, resource_name: cpu2, ref_start_time: 73866750784995, ref_stop_time: 73866750874515, actual_exe_time: 89520, task_app_start_time:73865913473941, task_sched_time:73866750777915
app_id: 0, app_name: SAR_api-aarch64, task_id: 230, task_name: DASH_ZIP, resource_name: cpu3, ref_start_time: 73866751425855, ref_stop_time: 73866751499475, actual_exe_time: 73620, task_app_start_time:73865913473941, task_sched_time:73866751419615
app_id: 0, app_name: SAR_api-aarch64, task_id: 231, task_name: DASH_FFT, resource_name: fft1, ref_start_time: 73866752028675, ref_stop_time: 73866752132385, actual_exe_time: 103710, task_app_start_time:73865913473941, task_sched_time:73866752023335
app_id: 0, app_name: SAR_api-aarch64, task_id: 232, task_name: DASH_FFT, resource_name: fft2, ref_start_time: 73866752540416, ref_stop_time: 73866752609596, actual_exe_time: 69180, task_app_start_time:73865913473941, task_sched_time:73866752533936
app_id: 0, app_name: SAR_api-aarch64, task_id: 233, task_name: DASH_ZIP, resource_name: zip1, ref_start_time: 73866753142606, ref_stop_time: 73866753259036, actual_exe_time: 116430, task_app_start_time:73865913473941, task_sched_time:73866753138886
app_id: 0, app_name: SAR_api-aarch64, task_id: 234, task_name: DASH_FFT, resource_name: cpu1, ref_start_time: 73866753877726, ref_stop_time: 73866753967846, actual_exe_time: 90120, task_app_start_time:73865913473941, task_sched_time:73866753867106
app_id: 0, app_name: SAR_api-aarch64, task_id: 235, task_name: DASH_FFT, resource_name: cpu2, ref_start_time: 73866754448446, ref_stop_time: 73866754539496, actual_exe_time: 91050, task_app_start_time:73865913473941, task_sched_time:73866754440016
app_id: 0, app_name: SAR_api-aarch64, task_id: 236, task_name: DASH_ZIP, resource_name: cpu3, ref_start_time: 73866755166076, ref_stop_time: 73866755240356, actual_exe_time: 74280, task_app_start_time:73865913473941, task_sched_time:73866755156596
app_id: 0, app_name: SAR_api-aarch64, task_id: 237, task_name: DASH_FFT, resource_name: fft1, ref_start_time: 73866755718376, ref_stop_time: 73866755822536, actual_exe_time: 104160, task_app_start_time:73865913473941, task_sched_time:73866755714836
app_id: 0, app_name: SAR_api-aarch64, task_id: 238, task_name: DASH_FFT, resource_name: fft2, ref_start_time: 73866756364576, ref_stop_time: 73866756432316, actual_exe_time: 67740, task_app_start_time:73865913473941, task_sched_time:73866756354736
app_id: 0, app_name: SAR_api-aarch64, task_id: 239, task_name: DASH_ZIP, resource_name: zip1, ref_start_time: 73866757033546, ref_stop_time: 73866757151506, actual_exe_time: 117960, task_app_start_time:73865913473941, task_sched_time:73866757026196
app_id: 0, app_name: SAR_api-aarch64, task_id: 240, task_name: DASH_FFT, resource_name: cpu1, ref_start_time: 73866758030806, ref_stop_time: 73866758120626, actual_exe_time: 89820, task_app_start_time:73865913473941, task_sched_time:73866758023366
app_id: 0, app_name: SAR_api-aarch64, task_id: 241, task_name: DASH_FFT, resource_name: cpu2, ref_start_time: 73866758631137, ref_stop_time: 73866758728247, actual_exe_time: 97110, task_app_start_time:73865913473941, task_sched_time:73866758624657
app_id: 0, app_name: SAR_api-aarch64, task_id: 242, task_name: DASH_ZIP, resource_name: cpu3, ref_start_time: 73866759437297, ref_stop_time: 73866759511307, actual_exe_time: 74010, task_app_start_time:73865913473941, task_sched_time:73866759432587
app_id: 0, app_name: SAR_api-aarch64, task_id: 243, task_name: DASH_FFT, resource_name: fft1, ref_start_time: 73866759900317, ref_stop_time: 73866760004957, actual_exe_time: 104640, task_app_start_time:73865913473941, task_sched_time:73866759893807
app_id: 0, app_name: SAR_api-aarch64, task_id: 244, task_name: DASH_FFT, resource_name: fft2, ref_start_time: 73866760515707, ref_stop_time: 73866760586387, actual_exe_time: 70680, task_app_start_time:73865913473941, task_sched_time:73866760509737
app_id: 0, app_name: SAR_api-aarch64, task_id: 245, task_name: DASH_ZIP, resource_name: zip1, ref_start_time: 73866761143487, ref_stop_time: 73866761260817, actual_exe_time: 117330, task_app_start_time:73865913473941, task_sched_time:73866761139227
app_id: 0, app_name: SAR_api-aarch64, task_id: 246, task_name: DASH_FFT, resource_name: cpu1, ref_start_time: 73866761945057, ref_stop_time: 73866762034637, actual_exe_time: 89580, task_app_start_time:73865913473941, task_sched_time:73866761935697
app_id: 0, app_name: SAR_api-aarch64, task_id: 247, task_name: DASH_FFT, resource_name: cpu2, ref_start_time: 73866762515537, ref_stop_time: 73866762606437, actual_exe_time: 90900, task_app_start_time:73865913473941, task_sched_time:73866762511157
app_id: 0, app_name: SAR_api-aarch64, task_id: 248, task_name: DASH_ZIP, resource_name: cpu3, ref_start_time: 73866763035797, ref_stop_time: 73866763109717, actual_exe_time: 73920, task_app_start_time:73865913473941, task_sched_time:73866763030097
app_id: 0, app_name: SAR_api-aarch64, task_id: 249, task_name: DASH_FFT, resource_name: fft1, ref_start_time: 73866763638467, ref_stop_time: 73866763742537, actual_exe_time: 104070, task_app_start_time:73865913473941, task_sched_time:73866763634147
app_id: 0, app_name: SAR_api-aarch64, task_id: 250, task_name: DASH_FFT, resource_name: fft2, ref_start_time: 73866764204207, ref_stop_time: 73866764272457, actual_exe_time: 68250, task_app_start_time:73865913473941, task_sched_time:73866764201267
app_id: 0, app_name: SAR_api-aarch64, task_id: 251, task_name: DASH_ZIP, resource_name: zip1, ref_start_time: 73866764845938, ref_stop_time: 73866764962548, actual_exe_time: 116610, task_app_start_time:73865913473941, task_sched_time:73866764836428
app_id: 0, app_name: SAR_api-aarch64, task_id: 252, task_name: DASH_FFT, resource_name: cpu1, ref_start_time: 73866765258468, ref_stop_time: 73866765357018, actual_exe_time: 98550, task_app_start_time:73865913473941, task_sched_time:73866765252948
app_id: 0, app_name: SAR_api-aarch64, task_id: 253, task_name: DASH_FFT, resource_name: cpu2, ref_start_time: 73866765959898, ref_stop_time: 73866766049388, actual_exe_time: 89490, task_app_start_time:73865913473941, task_sched_time:73866765955908
app_id: 0, app_name: SAR_api-aarch64, task_id: 254, task_name: DASH_ZIP, resource_name: cpu3, ref_start_time: 73866766647798, ref_stop_time: 73866766721718, actual_exe_time: 73920, task_app_start_time:73865913473941, task_sched_time:73866766641678
app_id: 0, app_name: SAR_api-aarch64, task_id: 255, task_name: DASH_FFT, resource_name: fft1, ref_start_time: 73866767238198, ref_stop_time: 73866767343138, actual_exe_time: 104940, task_app_start_time:73865913473941, task_sched_time:73866767234898
app_id: 0, app_name: SAR_api-aarch64, task_id: 256, task_name: DASH_FFT, resource_name: fft2, ref_start_time: 73866767869968, ref_stop_time: 73866767939868, actual_exe_time: 69900, task_app_start_time:73865913473941, task_sched_time:73866767866068
app_id: 0, app_name: SAR_api-aarch64, task_id: 257, task_name: DASH_ZIP, resource_name: zip1, ref_start_time: 73866768544578, ref_stop_time: 73866768660078, actual_exe_time: 115500, task_app_start_time:73865913473941, task_sched_time:73866768533988
app_id: 0, app_name: SAR_api-aarch64, task_id: 258, task_name: DASH_FFT, resource_name: cpu1, ref_start_time: 73866769108578, ref_stop_time: 73866769197978, actual_exe_time: 89400, task_app_start_time:73865913473941, task_sched_time:73866769104378
app_id: 0, app_name: SAR_api-aarch64, task_id: 259, task_name: DASH_FFT, resource_name: cpu2, ref_start_time: 73866769680738, ref_stop_time: 73866769770438, actual_exe_time: 89700, task_app_start_time:73865913473941, task_sched_time:73866769672728
app_id: 0, app_name: SAR_api-aarch64, task_id: 260, task_name: DASH_ZIP, resource_name: cpu3, ref_start_time: 73866770074548, ref_stop_time: 73866770148138, actual_exe_time: 73590, task_app_start_time:73865913473941, task_sched_time:73866770068008
app_id: 0, app_name: SAR_api-aarch64, task_id: 261, task_name: DASH_FFT, resource_name: fft1, ref_start_time: 73866770548068, ref_stop_time: 73866770652858, actual_exe_time: 104790, task_app_start_time:73865913473941, task_sched_time:73866770540328
app_id: 0, app_name: SAR_api-aarch64, task_id: 262, task_name: DASH_FFT, resource_name: fft2, ref_start_time: 73866771290539, ref_stop_time: 73866771362089, actual_exe_time: 71550, task_app_start_time:73865913473941, task_sched_time:73866771283729
app_id: 0, app_name: SAR_api-aarch64, task_id: 263, task_name: DASH_ZIP, resource_name: zip1, ref_start_time: 73866772016029, ref_stop_time: 73866772131439, actual_exe_time: 115410, task_app_start_time:73865913473941, task_sched_time:73866772006819
app_id: 0, app_name: SAR_api-aarch64, task_id: 264, task_name: DASH_FFT, resource_name: cpu1, ref_start_time: 73866772778359, ref_stop_time: 73866772873939, actual_exe_time: 95580, task_app_start_time:73865913473941, task_sched_time:73866772770259
app_id: 0, app_name: SAR_api-aarch64, task_id: 265, task_name: DASH_FFT, resource_name: cpu2, ref_start_time: 73866773387179, ref_stop_time: 73866773479399, actual_exe_time: 92220, task_app_start_time:73865913473941, task_sched_time:73866773379739
app_id: 0, app_name: SAR_api-aarch64, task_id: 266, task_name: DASH_ZIP, resource_name: cpu3, ref_start_time: 73866774015289, ref_stop_time: 73866774088999, actual_exe_time: 73710, task_app_start_time:73865913473941, task_sched_time:73866774011059
app_id: 0, app_name: SAR_api-aarch64, task_id: 267, task_name: DASH_FFT, resource_name: fft1, ref_start_time: 73866774572809, ref_stop_time: 73866774677209, actual_exe_time: 104400, task_app_start_time:73865913473941, task_sched_time:73866774559639
app_id: 0, app_name: SAR_api-aarch64, task_id: 268, task_name: DASH_FFT, resource_name: fft2, ref_start_time: 73866775154779, ref_stop_time: 73866775225399, actual_exe_time: 70620, task_app_start_time:73865913473941, task_sched_time:73866775146739
app_id: 0, app_name: SAR_api-aarch64, task_id: 269, task_name: DASH_ZIP, resource_name: zip1, ref_start_time: 73866775896739, ref_stop_time: 73866776012479, actual_exe_time: 115740, task_app_start_time:73865913473941, task_sched_time:73866775886989
app_id: 0, app_name: SAR_api-aarch64, task_id: 270, task_name: DASH_FFT, resource_name: cpu1, ref_start_time: 73866776552449, ref_stop_time: 73866776642209, actual_exe_time: 89760, task_app_start_time:73865913473941, task_sched_time:73866776546959
app_id: 0, app_name: SAR_api-aarch64, task_id: 271, task_name: DASH_FFT, resource_name: cpu2, ref_start_time: 73866777218450, ref_stop_time: 73866777317030, actual_exe_time: 98580, task_app_start_time:73865913473941, task_sched_time:73866777210530
app_id: 0, app_name: SAR_api-aarch64, task_id: 272, task_name: DASH_ZIP, resource_name: cpu3, ref_start_time: 73866777884780, ref_stop_time: 73866777958490, actual_exe_time: 73710, task_app_start_time:73865913473941, task_sched_time:73866777880820
app_id: 0, app_name: SAR_api-aarch64, task_id: 273, task_name: DASH_FFT, resource_name: fft1, ref_start_time: 73866778412300, ref_stop_time: 73866778517420, actual_exe_time: 105120, task_app_start_time:73865913473941, task_sched_time:73866778408640
app_id: 0, app_name: SAR_api-aarch64, task_id: 274, task_name: DASH_FFT, resource_name: fft2, ref_start_time: 73866778905200, ref_stop_time: 73866778973510, actual_exe_time: 68310, task_app_start_time:73865913473941, task_sched_time:73866778900160
app_id: 0, app_name: SAR_api-aarch64, task_id: 275, task_name: DASH_ZIP, resource_name: zip1, ref_start_time: 73866779551610, ref_stop_time: 73866779668520, actual_exe_time: 116910, task_app_start_time:73865913473941, task_sched_time:73866779544470
app_id: 0, app_name: SAR_api-aarch64, task_id: 276, task_name: DASH_FFT, resource_name: cpu1, ref_start_time: 73866780262430, ref_stop_time: 73866780351260, actual_exe_time: 88830, task_app_start_time:73865913473941, task_sched_time:73866780251780
app_id: 0, app_name: SAR_api-aarch64, task_id: 277, task_name: DASH_FFT, resource_name: cpu2, ref_start_time: 73866780851840, ref_stop_time: 73866780941870, actual_exe_time: 90030, task_app_start_time:73865913473941, task_sched_time:73866780847310
app_id: 0, app_name: SAR_api-aarch64, task_id: 278, task_name: DASH_ZIP, resource_name: cpu3, ref_start_time: 73866781475450, ref_stop_time: 73866781549130, actual_exe_time: 73680, task_app_start_time:73865913473941, task_sched_time:73866781470110
app_id: 0, app_name: SAR_api-aarch64, task_id: 279, task_name: DASH_FFT, resource_name: fft1, ref_start_time: 73866781942370, ref_stop_time: 73866782046050, actual_exe_time: 103680, task_app_start_time:73865913473941, task_sched_time:73866781934180
app_id: 0, app_name: SAR_api-aarch64, task_id: 280, task_name: DASH_FFT, resource_name: fft2, ref_start_time: 73866782652890, ref_stop_time: 73866782724740, actual_exe_time: 71850, task_app_start_time:73865913473941, task_sched_time:73866782649350
app_id: 0, app_name: SAR_api-aarch64, task_id: 281, task_name: DASH_ZIP, resource_name: zip1, ref_start_time: 73866784046121, ref_stop_time: 73866784162401, actual_exe_time: 116280, task_app_start_time:73865913473941, task_sched_time:73866784036671
app_id: 0, app_name: SAR_api-aarch64, task_id: 282, task_name: DASH_FFT, resource_name: cpu1, ref_start_time: 73866784544181, ref_stop_time: 73866784637181, actual_exe_time: 93000, task_app_start_time:73865913473941, task_sched_time:73866784530591
app_id: 0, app_name: SAR_api-aarch64, task_id: 283, task_name: DASH_FFT, resource_name: cpu2, ref_start_time: 73866785125581, ref_stop_time: 73866785236371, actual_exe_time: 110790, task_app_start_time:73865913473941, task_sched_time:73866785116521
app_id: 0, app_name: SAR_api-aarch64, task_id: 284, task_name: DASH_ZIP, resource_name: cpu3, ref_start_time: 73866785821161, ref_stop_time: 73866785894931, actual_exe_time: 73770, task_app_start_time:73865913473941, task_sched_time:73866785813331
app_id: 0, app_name: SAR_api-aarch64, task_id: 285, task_name: DASH_FFT, resource_name: fft1, ref_start_time: 73866786304431, ref_stop_time: 73866786408861, actual_exe_time: 104430, task_app_start_time:73865913473941, task_sched_time:73866786295461
app_id: 0, app_name: SAR_api-aarch64, task_id: 286, task_name: DASH_FFT, resource_name: fft2, ref_start_time: 73866786906561, ref_stop_time: 73866786975801, actual_exe_time: 69240, task_app_start_time:73865913473941, task_sched_time:73866786898701
app_id: 0, app_name: SAR_api-aarch64, task_id: 287, task_name: DASH_ZIP, resource_name: zip1, ref_start_time: 73866787517091, ref_stop_time: 73866787633881, actual_exe_time: 116790, task_app_start_time:73865913473941, task_sched_time:73866787510941
app_id: 0, app_name: SAR_api-aarch64, task_id: 288, task_name: DASH_FFT, resource_name: cpu1, ref_start_time: 73866788393151, ref_stop_time: 73866788482551, actual_exe_time: 89400, task_app_start_time:73865913473941, task_sched_time:73866788389461
app_id: 0, app_name: SAR_api-aarch64, task_id: 289, task_name: DASH_FFT, resource_name: cpu2, ref_start_time: 73866788974881, ref_stop_time: 73866789065691, actual_exe_time: 90810, task_app_start_time:73865913473941, task_sched_time:73866788967861
app_id: 0, app_name: SAR_api-aarch64, task_id: 290, task_name: DASH_ZIP, resource_name: cpu3, ref_start_time: 73866789417231, ref_stop_time: 73866789490941, actual_exe_time: 73710, task_app_start_time:73865913473941, task_sched_time:73866789412881
app_id: 0, app_name: SAR_api-aarch64, task_id: 291, task_name: DASH_FFT, resource_name: fft1, ref_start_time: 73866789903142, ref_stop_time: 73866790008082, actual_exe_time: 104940, task_app_start_time:73865913473941, task_sched_time:73866789898642
app_id: 0, app_name: SAR_api-aarch64, task_id: 292, task_name: DASH_FFT, resource_name: fft2, ref_start_time: 73866790610392, ref_stop_time: 73866790679302, actual_exe_time: 68910, task_app_start_time:73865913473941, task_sched_time:73866790602982
app_id: 0, app_name: SAR_api-aarch64, task_id: 293, task_name: DASH_ZIP, resource_name: zip1, ref_start_time: 73866791272582, ref_stop_time: 73866791388742, actual_exe_time: 116160, task_app_start_time:73865913473941, task_sched_time:73866791263252
app_id: 0, app_name: SAR_api-aarch64, task_id: 294, task_name: DASH_FFT, resource_name: cpu1, ref_start_time: 73866791859442, ref_stop_time: 73866791948452, actual_exe_time: 89010, task_app_start_time:73865913473941, task_sched_time:73866791852572
app_id: 0, app_name: SAR_api-aarch64, task_id: 295, task_name: DASH_FFT, resource_name: cpu2, ref_start_time: 73866792451822, ref_stop_time: 73866792541432, actual_exe_time: 89610, task_app_start_time:73865913473941, task_sched_time:73866792448402
app_id: 0, app_name: SAR_api-aarch64, task_id: 296, task_name: DASH_ZIP, resource_name: cpu3, ref_start_time: 73866793155472, ref_stop_time: 73866793229212, actual_exe_time: 73740, task_app_start_time:73865913473941, task_sched_time:73866793147822
app_id: 0, app_name: SAR_api-aarch64, task_id: 297, task_name: DASH_FFT, resource_name: fft1, ref_start_time: 73866793794052, ref_stop_time: 73866793900642, actual_exe_time: 106590, task_app_start_time:73865913473941, task_sched_time:73866793781032
app_id: 0, app_name: SAR_api-aarch64, task_id: 298, task_name: DASH_FFT, resource_name: fft2, ref_start_time: 73866794434852, ref_stop_time: 73866794504782, actual_exe_time: 69930, task_app_start_time:73865913473941, task_sched_time:73866794427712
app_id: 0, app_name: SAR_api-aarch64, task_id: 299, task_name: DASH_ZIP, resource_name: zip1, ref_start_time: 73866795061432, ref_stop_time: 73866795176812, actual_exe_time: 115380, task_app_start_time:73865913473941, task_sched_time:73866795056632
app_id: 0, app_name: SAR_api-aarch64, task_id: 300, task_name: DASH_FFT, resource_name: cpu1, ref_start_time: 73866795992633, ref_stop_time: 73866796081463, actual_exe_time: 88830, task_app_start_time:73865913473941, task_sched_time:73866795982463
app_id: 0, app_name: SAR_api-aarch64, task_id: 301, task_name: DASH_FFT, resource_name: cpu2, ref_start_time: 73866796487273, ref_stop_time: 73866796577753, actual_exe_time: 90480, task_app_start_time:73865913473941, task_sched_time:73866796481993
app_id: 0, app_name: SAR_api-aarch64, task_id: 302, task_name: DASH_ZIP, resource_name: cpu3, ref_start_time: 73866797139383, ref_stop_time: 73866797212883, actual_exe_time: 73500, task_app_start_time:73865913473941, task_sched_time:73866797134013
app_id: 0, app_name: SAR_api-aarch64, task_id: 303, task_name: DASH_FFT, resource_name: fft1, ref_start_time: 73866797690693, ref_stop_time: 73866797794943, actual_exe_time: 104250, task_app_start_time:73865913473941, task_sched_time:73866797685773
app_id: 0, app_name: SAR_api-aarch64, task_id: 304, task_name: DASH_FFT, resource_name: fft2, ref_start_time: 73866798274343, ref_stop_time: 73866798343253, actual_exe_time: 68910, task_app_start_time:73865913473941, task_sched_time:73866798267023
app_id: 0, app_name: SAR_api-aarch64, task_id: 305, task_name: DASH_ZIP, resource_name: zip1, ref_start_time: 73866798860603, ref_stop_time: 73866798976223, actual_exe_time: 115620, task_app_start_time:73865913473941, task_sched_time:73866798854753
app_id: 0, app_name: SAR_api-aarch64, task_id: 306, task_name: DASH_FFT, resource_name: cpu1, ref_start_time: 73866799611773, ref_stop_time: 73866799700543, actual_exe_time: 88770, task_app_start_time:73865913473941, task_sched_time:73866799601303
app_id: 0, app_name: SAR_api-aarch64, task_id: 307, task_name: DASH_FFT, resource_name: cpu2, ref_start_time: 73866800176643, ref_stop_time: 73866800265833, actual_exe_time: 89190, task_app_start_time:73865913473941, task_sched_time:73866800174033
app_id: 0, app_name: SAR_api-aarch64, task_id: 308, task_name: DASH_ZIP, resource_name: cpu3, ref_start_time: 73866800609303, ref_stop_time: 73866800682833, actual_exe_time: 73530, task_app_start_time:73865913473941, task_sched_time:73866800603783
app_id: 0, app_name: SAR_api-aarch64, task_id: 309, task_name: DASH_FFT, resource_name: fft1, ref_start_time: 73866801366263, ref_stop_time: 73866801477773, actual_exe_time: 111510, task_app_start_time:73865913473941, task_sched_time:73866801355853
app_id: 0, app_name: SAR_api-aarch64, task_id: 310, task_name: DASH_FFT, resource_name: fft2, ref_start_time: 73866801975534, ref_stop_time: 73866802045464, actual_exe_time: 69930, task_app_start_time:73865913473941, task_sched_time:73866801969864
app_id: 0, app_name: SAR_api-aarch64, task_id: 311, task_name: DASH_ZIP, resource_name: zip1, ref_start_time: 73866802635054, ref_stop_time: 73866802752234, actual_exe_time: 117180, task_app_start_time:73865913473941, task_sched_time:73866802632264
app_id: 0, app_name: SAR_api-aarch64, task_id: 312, task_name: DASH_FFT, resource_name: cpu1, ref_start_time: 73866803342394, ref_stop_time: 73866803430894, actual_exe_time: 88500, task_app_start_time:73865913473941, task_sched_time:73866803329074
app_id: 0, app_name: SAR_api-aarch64, task_id: 313, task_name: DASH_FFT, resource_name: cpu2, ref_start_time: 73866803947974, ref_stop_time: 73866804039234, actual_exe_time: 91260, task_app_start_time:73865913473941, task_sched_time:73866803938974
app_id: 0, app_name: SAR_api-aarch64, task_id: 314, task_name: DASH_ZIP, resource_name: cpu3, ref_start_time: 73866804494964, ref_stop_time: 73866804568404, actual_exe_time: 73440, task_app_start_time:73865913473941, task_sched_time:73866804491454
app_id: 0, app_name: SAR_api-aarch64, task_id: 315, task_name: DASH_FFT, resource_name: fft1, ref_start_time: 73866805038024, ref_stop_time: 73866805141824, actual_exe_time: 103800, task_app_start_time:73865913473941, task_sched_time:73866805032114
app_id: 0, app_name: SAR_api-aarch64, task_id: 316, task_name: DASH_FFT, resource_name: fft2, ref_start_time: 73866805628754, ref_stop_time: 73866805697904, actual_exe_time: 69150, task_app_start_time:73865913473941, task_sched_time:73866805622694
app_id: 0, app_name: SAR_api-aarch64, task_id: 317, task_name: DASH_ZIP, resource_name: zip1, ref_start_time: 73866806391264, ref_stop_time: 73866806508414, actual_exe_time: 117150, task_app_start_time:73865913473941, task_sched_time:73866806386434
app_id: 0, app_name: SAR_api-aarch64, task_id: 318, task_name: DASH_FFT, resource_name: cpu1, ref_start_time: 73866807288354, ref_stop_time: 73866807377364, actual_exe_time: 89010, task_app_start_time:73865913473941, task_sched_time:73866807283374
app_id: 0, app_name: SAR_api-aarch64, task_id: 319, task_name: DASH_FFT, resource_name: cpu2, ref_start_time: 73866807925524, ref_stop_time: 73866808015254, actual_exe_time: 89730, task_app_start_time:73865913473941, task_sched_time:73866807920424
app_id: 0, app_name: SAR_api-aarch64, task_id: 320, task_name: DASH_ZIP, resource_name: cpu3, ref_start_time: 73866808416145, ref_stop_time: 73866808489495, actual_exe_time: 73350, task_app_start_time:73865913473941, task_sched_time:73866808412005
app_id: 0, app_name: SAR_api-aarch64, task_id: 321, task_name: DASH_FFT, resource_name: fft1, ref_start_time: 73866809222695, ref_stop_time: 73866809335885, actual_exe_time: 113190, task_app_start_time:73865913473941, task_sched_time:73866809210545
app_id: 0, app_name: SAR_api-aarch64, task_id: 322, task_name: DASH_FFT, resource_name: fft2, ref_start_time: 73866809749345, ref_stop_time: 73866809819905, actual_exe_time: 70560, task_app_start_time:73865913473941, task_sched_time:73866809744155
app_id: 0, app_name: SAR_api-aarch64, task_id: 323, task_name: DASH_ZIP, resource_name: zip1, ref_start_time: 73866810377995, ref_stop_time: 73866810495175, actual_exe_time: 117180, task_app_start_time:73865913473941, task_sched_time:73866810373375
app_id: 0, app_name: SAR_api-aarch64, task_id: 324, task_name: DASH_FFT, resource_name: cpu1, ref_start_time: 73866811008595, ref_stop_time: 73866811098385, actual_exe_time: 89790, task_app_start_time:73865913473941, task_sched_time:73866811005385
app_id: 0, app_name: SAR_api-aarch64, task_id: 325, task_name: DASH_FFT, resource_name: cpu2, ref_start_time: 73866811509835, ref_stop_time: 73866811607395, actual_exe_time: 97560, task_app_start_time:73865913473941, task_sched_time:73866811504615
app_id: 0, app_name: SAR_api-aarch64, task_id: 326, task_name: DASH_ZIP, resource_name: cpu3, ref_start_time: 73866812287915, ref_stop_time: 73866812361445, actual_exe_time: 73530, task_app_start_time:73865913473941, task_sched_time:73866812279395
app_id: 0, app_name: SAR_api-aarch64, task_id: 327, task_name: DASH_FFT, resource_name: fft1, ref_start_time: 73866812839795, ref_stop_time: 73866812943145, actual_exe_time: 103350, task_app_start_time:73865913473941, task_sched_time:73866812833255
app_id: 0, app_name: SAR_api-aarch64, task_id: 328, task_name: DASH_FFT, resource_name: fft2, ref_start_time: 73866813348985, ref_stop_time: 73866813418555, actual_exe_time: 69570, task_app_start_time:73865913473941, task_sched_time:73866813345085
app_id: 0, app_name: SAR_api-aarch64, task_id: 329, task_name: DASH_ZIP, resource_name: zip1, ref_start_time: 73866814008025, ref_stop_time: 73866814123885, actual_exe_time: 115860, task_app_start_time:73865913473941, task_sched_time:73866814002865
app_id: 0, app_name: SAR_api-aarch64, task_id: 330, task_name: DASH_FFT, resource_name: cpu1, ref_start_time: 73866814697846, ref_stop_time: 73866814788716, actual_exe_time: 90870, task_app_start_time:73865913473941, task_sched_time:73866814690586
app_id: 0, app_name: SAR_api-aarch64, task_id: 331, task_name: DASH_FFT, resource_name: cpu2, ref_start_time: 73866815465246, ref_stop_time: 73866815556536, actual_exe_time: 91290, task_app_start_time:73865913473941, task_sched_time:73866815458136
app_id: 0, app_name: SAR_api-aarch64, task_id: 332, task_name: DASH_ZIP, resource_name: cpu3, ref_start_time: 73866816197366, ref_stop_time: 73866816270866, actual_exe_time: 73500, task_app_start_time:73865913473941, task_sched_time:73866816191396
app_id: 0, app_name: SAR_api-aarch64, task_id: 333, task_name: DASH_FFT, resource_name: fft1, ref_start_time: 73866816746396, ref_stop_time: 73866816851216, actual_exe_time: 104820, task_app_start_time:73865913473941, task_sched_time:73866816735056
app_id: 0, app_name: SAR_api-aarch64, task_id: 334, task_name: DASH_FFT, resource_name: fft2, ref_start_time: 73866817268216, ref_stop_time: 73866817339556, actual_exe_time: 71340, task_app_start_time:73865913473941, task_sched_time:73866817259126
app_id: 0, app_name: SAR_api-aarch64, task_id: 335, task_name: DASH_ZIP, resource_name: zip1, ref_start_time: 73866817767086, ref_stop_time: 73866817883546, actual_exe_time: 116460, task_app_start_time:73865913473941, task_sched_time:73866817761746
app_id: 0, app_name: SAR_api-aarch64, task_id: 336, task_name: DASH_FFT, resource_name: cpu1, ref_start_time: 73866818409596, ref_stop_time: 73866818498636, actual_exe_time: 89040, task_app_start_time:73865913473941, task_sched_time:73866818401886
app_id: 0, app_name: SAR_api-aarch64, task_id: 337, task_name: DASH_FFT, resource_name: cpu2, ref_start_time: 73866818887376, ref_stop_time: 73866818977436, actual_exe_time: 90060, task_app_start_time:73865913473941, task_sched_time:73866818883656
app_id: 0, app_name: SAR_api-aarch64, task_id: 338, task_name: DASH_ZIP, resource_name: cpu3, ref_start_time: 73866819515066, ref_stop_time: 73866819588506, actual_exe_time: 73440, task_app_start_time:73865913473941, task_sched_time:73866819508406
app_id: 0, app_name: SAR_api-aarch64, task_id: 339, task_name: DASH_FFT, resource_name: fft1, ref_start_time: 73866819902876, ref_stop_time: 73866820008536, actual_exe_time: 105660, task_app_start_time:73865913473941, task_sched_time:73866819891446
app_id: 0, app_name: SAR_api-aarch64, task_id: 340, task_name: DASH_FFT, resource_name: fft2, ref_start_time: 73866820651497, ref_stop_time: 73866820720437, actual_exe_time: 68940, task_app_start_time:73865913473941, task_sched_time:73866820644027
app_id: 0, app_name: SAR_api-aarch64, task_id: 341, task_name: DASH_ZIP, resource_name: zip1, ref_start_time: 73866821238267, ref_stop_time: 73866821356077, actual_exe_time: 117810, task_app_start_time:73865913473941, task_sched_time:73866821233797
app_id: 0, app_name: SAR_api-aarch64, task_id: 342, task_name: DASH_FFT, resource_name: cpu1, ref_start_time: 73866822023937, ref_stop_time: 73866822112947, actual_exe_time: 89010, task_app_start_time:73865913473941, task_sched_time:73866822015537
app_id: 0, app_name: SAR_api-aarch64, task_id: 343, task_name: DASH_FFT, resource_name: cpu2, ref_start_time: 73866822475707, ref_stop_time: 73866822565017, actual_exe_time: 89310, task_app_start_time:73865913473941, task_sched_time:73866822467127
app_id: 0, app_name: SAR_api-aarch64, task_id: 344, task_name: DASH_ZIP, resource_name: cpu3, ref_start_time: 73866823110327, ref_stop_time: 73866823183737, actual_exe_time: 73410, task_app_start_time:73865913473941, task_sched_time:73866823103307
app_id: 0, app_name: SAR_api-aarch64, task_id: 345, task_name: DASH_FFT, resource_name: fft1, ref_start_time: 73866823639917, ref_stop_time: 73866823745157, actual_exe_time: 105240, task_app_start_time:73865913473941, task_sched_time:73866823634787
app_id: 0, app_name: SAR_api-aarch64, task_id: 346, task_name: DASH_FFT, resource_name: fft2, ref_start_time: 73866824230797, ref_stop_time: 73866824299317, actual_exe_time: 68520, task_app_start_time:73865913473941, task_sched_time:73866824222787
app_id: 0, app_name: SAR_api-aarch64, task_id: 347, task_name: DASH_ZIP, resource_name: zip1, ref_start_time: 73866824774847, ref_stop_time: 73866824892687, actual_exe_time: 117840, task_app_start_time:73865913473941, task_sched_time:73866824772327
app_id: 0, app_name: SAR_api-aarch64, task_id: 348, task_name: DASH_FFT, resource_name: cpu1, ref_start_time: 73866825395787, ref_stop_time: 73866825484737, actual_exe_time: 88950, task_app_start_time:73865913473941, task_sched_time:73866825390417
app_id: 0, app_name: SAR_api-aarch64, task_id: 349, task_name: DASH_FFT, resource_name: cpu2, ref_start_time: 73866825989187, ref_stop_time: 73866826078497, actual_exe_time: 89310, task_app_start_time:73865913473941, task_sched_time:73866825980907
app_id: 0, app_name: SAR_api-aarch64, task_id: 350, task_name: DASH_ZIP, resource_name: cpu3, ref_start_time: 73866826487427, ref_stop_time: 73866826561017, actual_exe_time: 73590, task_app_start_time:73865913473941, task_sched_time:73866826479657
app_id: 0, app_name: SAR_api-aarch64, task_id: 351, task_name: DASH_FFT, resource_name: fft1, ref_start_time: 73866826969198, ref_stop_time: 73866827073148, actual_exe_time: 103950, task_app_start_time:73865913473941, task_sched_time:73866826964698
app_id: 0, app_name: SAR_api-aarch64, task_id: 352, task_name: DASH_FFT, resource_name: fft2, ref_start_time: 73866827631208, ref_stop_time: 73866827699878, actual_exe_time: 68670, task_app_start_time:73865913473941, task_sched_time:73866827623768
app_id: 0, app_name: SAR_api-aarch64, task_id: 353, task_name: DASH_ZIP, resource_name: zip1, ref_start_time: 73866828303298, ref_stop_time: 73866828420238, actual_exe_time: 116940, task_app_start_time:73865913473941, task_sched_time:73866828297688
app_id: 0, app_name: SAR_api-aarch64, task_id: 354, task_name: DASH_FFT, resource_name: cpu1, ref_start_time: 73866828912268, ref_stop_time: 73866829007488, actual_exe_time: 95220, task_app_start_time:73865913473941, task_sched_time:73866828898828
app_id: 0, app_name: SAR_api-aarch64, task_id: 355, task_name: DASH_FFT, resource_name: cpu2, ref_start_time: 73866829507018, ref_stop_time: 73866829596358, actual_exe_time: 89340, task_app_start_time:73865913473941, task_sched_time:73866829502908
app_id: 0, app_name: SAR_api-aarch64, task_id: 356, task_name: DASH_ZIP, resource_name: cpu3, ref_start_time: 73866830134438, ref_stop_time: 73866830208178, actual_exe_time: 73740, task_app_start_time:73865913473941, task_sched_time:73866830125588
app_id: 0, app_name: SAR_api-aarch64, task_id: 357, task_name: DASH_FFT, resource_name: fft1, ref_start_time: 73866830664268, ref_stop_time: 73866830769838, actual_exe_time: 105570, task_app_start_time:73865913473941, task_sched_time:73866830658928
app_id: 0, app_name: SAR_api-aarch64, task_id: 358, task_name: DASH_FFT, resource_name: fft2, ref_start_time: 73866831329098, ref_stop_time: 73866831401068, actual_exe_time: 71970, task_app_start_time:73865913473941, task_sched_time:73866831319738
app_id: 0, app_name: SAR_api-aarch64, task_id: 359, task_name: DASH_ZIP, resource_name: zip1, ref_start_time: 73866831831928, ref_stop_time: 73866831947458, actual_exe_time: 115530, task_app_start_time:73865913473941, task_sched_time:73866831826438
app_id: 0, app_name: SAR_api-aarch64, task_id: 360, task_name: DASH_FFT, resource_name: cpu1, ref_start_time: 73866832426198, ref_stop_time: 73866832514908, actual_exe_time: 88710, task_app_start_time:73865913473941, task_sched_time:73866832420288
app_id: 0, app_name: SAR_api-aarch64, task_id: 361, task_name: DASH_FFT, resource_name: cpu2, ref_start_time: 73866832801048, ref_stop_time: 73866832890958, actual_exe_time: 89910, task_app_start_time:73865913473941, task_sched_time:73866832791388
app_id: 0, app_name: SAR_api-aarch64, task_id: 362, task_name: DASH_ZIP, resource_name: cpu3, ref_start_time: 73866833587469, ref_stop_time: 73866833661209, actual_exe_time: 73740, task_app_start_time:73865913473941, task_sched_time:73866833578409
app_id: 0, app_name: SAR_api-aarch64, task_id: 363, task_name: DASH_FFT, resource_name: fft1, ref_start_time: 73866834109859, ref_stop_time: 73866834214169, actual_exe_time: 104310, task_app_start_time:73865913473941, task_sched_time:73866834101399
app_id: 0, app_name: SAR_api-aarch64, task_id: 364, task_name: DASH_FFT, resource_name: fft2, ref_start_time: 73866834671549, ref_stop_time: 73866834741449, actual_exe_time: 69900, task_app_start_time:73865913473941, task_sched_time:73866834666959
app_id: 0, app_name: SAR_api-aarch64, task_id: 365, task_name: DASH_ZIP, resource_name: zip1, ref_start_time: 73866835339739, ref_stop_time: 73866835456739, actual_exe_time: 117000, task_app_start_time:73865913473941, task_sched_time:73866835330289
app_id: 0, app_name: SAR_api-aarch64, task_id: 366, task_name: DASH_FFT, resource_name: cpu1, ref_start_time: 73866836037569, ref_stop_time: 73866836126489, actual_exe_time: 88920, task_app_start_time:73865913473941, task_sched_time:73866836028719
app_id: 0, app_name: SAR_api-aarch64, task_id: 367, task_name: DASH_FFT, resource_name: cpu2, ref_start_time: 73866836596289, ref_stop_time: 73866836686199, actual_exe_time: 89910, task_app_start_time:73865913473941, task_sched_time:73866836588729
app_id: 0, app_name: SAR_api-aarch64, task_id: 368, task_name: DASH_ZIP, resource_name: cpu3, ref_start_time: 73866837117629, ref_stop_time: 73866837191219, actual_exe_time: 73590, task_app_start_time:73865913473941, task_sched_time:73866837109499
app_id: 0, app_name: SAR_api-aarch64, task_id: 369, task_name: DASH_FFT, resource_name: fft1, ref_start_time: 73866837760229, ref_stop_time: 73866837864509, actual_exe_time: 104280, task_app_start_time:73865913473941, task_sched_time:73866837747659
app_id: 0, app_name: SAR_api-aarch64, task_id: 370, task_name: DASH_FFT, resource_name: fft2, ref_start_time: 73866838148819, ref_stop_time: 73866838226219, actual_exe_time: 77400, task_app_start_time:73865913473941, task_sched_time:73866838141559
app_id: 0, app_name: SAR_api-aarch64, task_id: 371, task_name: DASH_ZIP, resource_name: zip1, ref_start_time: 73866838971359, ref_stop_time: 73866839088629, actual_exe_time: 117270, task_app_start_time:73865913473941, task_sched_time:73866838967249
app_id: 0, app_name: SAR_api-aarch64, task_id: 372, task_name: DASH_FFT, resource_name: cpu1, ref_start_time: 73866839685450, ref_stop_time: 73866839774220, actual_exe_time: 88770, task_app_start_time:73865913473941, task_sched_time:73866839674920
app_id: 0, app_name: SAR_api-aarch64, task_id: 373, task_name: DASH_FFT, resource_name: cpu2, ref_start_time: 73866840279090, ref_stop_time: 73866840368400, actual_exe_time: 89310, task_app_start_time:73865913473941, task_sched_time:73866840274080
app_id: 0, app_name: SAR_api-aarch64, task_id: 374, task_name: DASH_ZIP, resource_name: cpu3, ref_start_time: 73866840895320, ref_stop_time: 73866840968790, actual_exe_time: 73470, task_app_start_time:73865913473941, task_sched_time:73866840888480
app_id: 0, app_name: SAR_api-aarch64, task_id: 375, task_name: DASH_FFT, resource_name: fft1, ref_start_time: 73866841517370, ref_stop_time: 73866841622610, actual_exe_time: 105240, task_app_start_time:73865913473941, task_sched_time:73866841511070
app_id: 0, app_name: SAR_api-aarch64, task_id: 376, task_name: DASH_FFT, resource_name: fft2, ref_start_time: 73866842152560, ref_stop_time: 73866842222100, actual_exe_time: 69540, task_app_start_time:73865913473941, task_sched_time:73866842148000
app_id: 0, app_name: SAR_api-aarch64, task_id: 377, task_name: DASH_ZIP, resource_name: zip1, ref_start_time: 73866842828460, ref_stop_time: 73866842944020, actual_exe_time: 115560, task_app_start_time:73865913473941, task_sched_time:73866842823330
app_id: 0, app_name: SAR_api-aarch64, task_id: 378, task_name: DASH_FFT, resource_name: cpu1, ref_start_time: 73866843571530, ref_stop_time: 73866843662130, actual_exe_time: 90600, task_app_start_time:73865913473941, task_sched_time:73866843556110
app_id: 0, app_name: SAR_api-aarch64, task_id: 379, task_name: DASH_FFT, resource_name: cpu2, ref_start_time: 73866844218420, ref_stop_time: 73866844307940, actual_exe_time: 89520, task_app_start_time:73865913473941, task_sched_time:73866844211130
app_id: 0, app_name: SAR_api-aarch64, task_id: 380, task_name: DASH_ZIP, resource_name: cpu3, ref_start_time: 73866845016420, ref_stop_time: 73866845091360, actual_exe_time: 74940, task_app_start_time:73865913473941, task_sched_time:73866844901880
app_id: 0, app_name: SAR_api-aarch64, task_id: 381, task_name: DASH_FFT, resource_name: fft1, ref_start_time: 73866845633191, ref_stop_time: 73866845739241, actual_exe_time: 106050, task_app_start_time:73865913473941, task_sched_time:73866845582701
app_id: 0, app_name: SAR_api-aarch64, task_id: 382, task_name: DASH_FFT, resource_name: fft2, ref_start_time: 73866846285091, ref_stop_time: 73866846352741, actual_exe_time: 67650, task_app_start_time:73865913473941, task_sched_time:73866846207781
app_id: 0, app_name: SAR_api-aarch64, task_id: 383, task_name: DASH_ZIP, resource_name: zip1, ref_start_time: 73866847078681, ref_stop_time: 73866847197001, actual_exe_time: 118320, task_app_start_time:73865913473941, task_sched_time:73866847032511
app_id: 0, app_name: SAR_api-aarch64, task_id: 384, task_name: DASH_FFT, resource_name: cpu1, ref_start_time: 73866847892401, ref_stop_time: 73866847983781, actual_exe_time: 91380, task_app_start_time:73865913473941, task_sched_time:73866847884031
app_id: 0, app_name: SAR_api-aarch64, task_id: 385, task_name: DASH_FFT, resource_name: cpu2, ref_start_time: 73866848536891, ref_stop_time: 73866848626231, actual_exe_time: 89340, task_app_start_time:73865913473941, task_sched_time:73866848529841
app_id: 0, app_name: SAR_api-aarch64, task_id: 386, task_name: DASH_ZIP, resource_name: cpu3, ref_start_time: 73866849108301, ref_stop_time: 73866849182251, actual_exe_time: 73950, task_app_start_time:73865913473941, task_sched_time:73866849098791
app_id: 0, app_name: SAR_api-aarch64, task_id: 387, task_name: DASH_FFT, resource_name: fft1, ref_start_time: 73866849839311, ref_stop_time: 73866849944761, actual_exe_time: 105450, task_app_start_time:73865913473941, task_sched_time:73866849829381
app_id: 0, app_name: SAR_api-aarch64, task_id: 388, task_name: DASH_FFT, resource_name: fft2, ref_start_time: 73866850313521, ref_stop_time: 73866850382161, actual_exe_time: 68640, task_app_start_time:73865913473941, task_sched_time:73866850306171
app_id: 0, app_name: SAR_api-aarch64, task_id: 389, task_name: DASH_ZIP, resource_name: zip1, ref_start_time: 73866851001751, ref_stop_time: 73866851119171, actual_exe_time: 117420, task_app_start_time:73865913473941, task_sched_time:73866850998061
app_id: 0, app_name: SAR_api-aarch64, task_id: 390, task_name: DASH_FFT, resource_name: cpu1, ref_start_time: 73866851604961, ref_stop_time: 73866851694512, actual_exe_time: 89551, task_app_start_time:73865913473941, task_sched_time:73866851591281
app_id: 0, app_name: SAR_api-aarch64, task_id: 391, task_name: DASH_FFT, resource_name: cpu2, ref_start_time: 73866852209432, ref_stop_time: 73866852299522, actual_exe_time: 90090, task_app_start_time:73865913473941, task_sched_time:73866852205442
app_id: 0, app_name: SAR_api-aarch64, task_id: 392, task_name: DASH_ZIP, resource_name: cpu3, ref_start_time: 73866852841382, ref_stop_time: 73866852914822, actual_exe_time: 73440, task_app_start_time:73865913473941, task_sched_time:73866852832772
app_id: 0, app_name: SAR_api-aarch64, task_id: 393, task_name: DASH_FFT, resource_name: fft1, ref_start_time: 73866853442702, ref_stop_time: 73866853547492, actual_exe_time: 104790, task_app_start_time:73865913473941, task_sched_time:73866853439852
app_id: 0, app_name: SAR_api-aarch64, task_id: 394, task_name: DASH_FFT, resource_name: fft2, ref_start_time: 73866853994522, ref_stop_time: 73866854063102, actual_exe_time: 68580, task_app_start_time:73865913473941, task_sched_time:73866853988582
app_id: 0, app_name: SAR_api-aarch64, task_id: 395, task_name: DASH_ZIP, resource_name: zip1, ref_start_time: 73866854373302, ref_stop_time: 73866854488772, actual_exe_time: 115470, task_app_start_time:73865913473941, task_sched_time:73866854369822
app_id: 0, app_name: SAR_api-aarch64, task_id: 396, task_name: DASH_FFT, resource_name: cpu1, ref_start_time: 73866855136592, ref_stop_time: 73866855233162, actual_exe_time: 96570, task_app_start_time:73865913473941, task_sched_time:73866855123542
app_id: 0, app_name: SAR_api-aarch64, task_id: 397, task_name: DASH_FFT, resource_name: cpu2, ref_start_time: 73866855711782, ref_stop_time: 73866855801452, actual_exe_time: 89670, task_app_start_time:73865913473941, task_sched_time:73866855706202
app_id: 0, app_name: SAR_api-aarch64, task_id: 398, task_name: DASH_ZIP, resource_name: cpu3, ref_start_time: 73866856345652, ref_stop_time: 73866856418972, actual_exe_time: 73320, task_app_start_time:73865913473941, task_sched_time:73866856337762
app_id: 0, app_name: SAR_api-aarch64, task_id: 399, task_name: DASH_FFT, resource_name: fft1, ref_start_time: 73866856821632, ref_stop_time: 73866856925522, actual_exe_time: 103890, task_app_start_time:73865913473941, task_sched_time:73866856808642
app_id: 0, app_name: SAR_api-aarch64, task_id: 400, task_name: DASH_FFT, resource_name: fft2, ref_start_time: 73866857202092, ref_stop_time: 73866857273222, actual_exe_time: 71130, task_app_start_time:73865913473941, task_sched_time:73866857193872
app_id: 0, app_name: SAR_api-aarch64, task_id: 401, task_name: DASH_ZIP, resource_name: zip1, ref_start_time: 73866857952663, ref_stop_time: 73866858069693, actual_exe_time: 117030, task_app_start_time:73865913473941, task_sched_time:73866857948253
app_id: 0, app_name: SAR_api-aarch64, task_id: 402, task_name: DASH_FFT, resource_name: cpu1, ref_start_time: 73866858604113, ref_stop_time: 73866858693933, actual_exe_time: 89820, task_app_start_time:73865913473941, task_sched_time:73866858591903
app_id: 0, app_name: SAR_api-aarch64, task_id: 403, task_name: DASH_FFT, resource_name: cpu2, ref_start_time: 73866859128543, ref_stop_time: 73866859218213, actual_exe_time: 89670, task_app_start_time:73865913473941, task_sched_time:73866859123053
app_id: 0, app_name: SAR_api-aarch64, task_id: 404, task_name: DASH_ZIP, resource_name: cpu3, ref_start_time: 73866859630443, ref_stop_time: 73866859704093, actual_exe_time: 73650, task_app_start_time:73865913473941, task_sched_time:73866859623483
app_id: 0, app_name: SAR_api-aarch64, task_id: 405, task_name: DASH_FFT, resource_name: fft1, ref_start_time: 73866860009193, ref_stop_time: 73866860114433, actual_exe_time: 105240, task_app_start_time:73865913473941, task_sched_time:73866860000913
app_id: 0, app_name: SAR_api-aarch64, task_id: 406, task_name: DASH_FFT, resource_name: fft2, ref_start_time: 73866860738793, ref_stop_time: 73866860807313, actual_exe_time: 68520, task_app_start_time:73865913473941, task_sched_time:73866860729583
app_id: 0, app_name: SAR_api-aarch64, task_id: 407, task_name: DASH_ZIP, resource_name: zip1, ref_start_time: 73866861340893, ref_stop_time: 73866861459363, actual_exe_time: 118470, task_app_start_time:73865913473941, task_sched_time:73866861324933
app_id: 0, app_name: SAR_api-aarch64, task_id: 408, task_name: DASH_FFT, resource_name: cpu1, ref_start_time: 73866862084203, ref_stop_time: 73866862173513, actual_exe_time: 89310, task_app_start_time:73865913473941, task_sched_time:73866862079013
app_id: 0, app_name: SAR_api-aarch64, task_id: 409, task_name: DASH_FFT, resource_name: cpu2, ref_start_time: 73866862608303, ref_stop_time: 73866862698213, actual_exe_time: 89910, task_app_start_time:73865913473941, task_sched_time:73866862602993
app_id: 0, app_name: SAR_api-aarch64, task_id: 410, task_name: DASH_ZIP, resource_name: cpu3, ref_start_time: 73866863190573, ref_stop_time: 73866863264133, actual_exe_time: 73560, task_app_start_time:73865913473941, task_sched_time:73866863187513
app_id: 0, app_name: SAR_api-aarch64, task_id: 411, task_name: DASH_FFT, resource_name: fft1, ref_start_time: 73866863692773, ref_stop_time: 73866863796993, actual_exe_time: 104220, task_app_start_time:73865913473941, task_sched_time:73866863683293
app_id: 0, app_name: SAR_api-aarch64, task_id: 412, task_name: DASH_FFT, resource_name: fft2, ref_start_time: 73866864212374, ref_stop_time: 73866864280894, actual_exe_time: 68520, task_app_start_time:73865913473941, task_sched_time:73866864209734
app_id: 0, app_name: SAR_api-aarch64, task_id: 413, task_name: DASH_ZIP, resource_name: zip1, ref_start_time: 73866864653074, ref_stop_time: 73866864769474, actual_exe_time: 116400, task_app_start_time:73865913473941, task_sched_time:73866864643984
app_id: 0, app_name: SAR_api-aarch64, task_id: 414, task_name: DASH_FFT, resource_name: cpu1, ref_start_time: 73866865386634, ref_stop_time: 73866865476334, actual_exe_time: 89700, task_app_start_time:73865913473941, task_sched_time:73866865381474
app_id: 0, app_name: SAR_api-aarch64, task_id: 415, task_name: DASH_FFT, resource_name: cpu2, ref_start_time: 73866865927354, ref_stop_time: 73866866016964, actual_exe_time: 89610, task_app_start_time:73865913473941, task_sched_time:73866865920544
app_id: 0, app_name: SAR_api-aarch64, task_id: 416, task_name: DASH_ZIP, resource_name: cpu3, ref_start_time: 73866866412364, ref_stop_time: 73866866485954, actual_exe_time: 73590, task_app_start_time:73865913473941, task_sched_time:73866866408764
app_id: 0, app_name: SAR_api-aarch64, task_id: 417, task_name: DASH_FFT, resource_name: fft1, ref_start_time: 73866866861764, ref_stop_time: 73866866966404, actual_exe_time: 104640, task_app_start_time:73865913473941, task_sched_time:73866866852344
app_id: 0, app_name: SAR_api-aarch64, task_id: 418, task_name: DASH_FFT, resource_name: fft2, ref_start_time: 73866867522094, ref_stop_time: 73866867599074, actual_exe_time: 76980, task_app_start_time:73865913473941, task_sched_time:73866867512974
app_id: 0, app_name: SAR_api-aarch64, task_id: 419, task_name: DASH_ZIP, resource_name: zip1, ref_start_time: 73866868140214, ref_stop_time: 73866868259614, actual_exe_time: 119400, task_app_start_time:73865913473941, task_sched_time:73866868134664
app_id: 0, app_name: SAR_api-aarch64, task_id: 420, task_name: DASH_FFT, resource_name: cpu1, ref_start_time: 73866868902034, ref_stop_time: 73866868991464, actual_exe_time: 89430, task_app_start_time:73865913473941, task_sched_time:73866868898674
app_id: 0, app_name: SAR_api-aarch64, task_id: 421, task_name: DASH_FFT, resource_name: cpu2, ref_start_time: 73866869440474, ref_stop_time: 73866869530024, actual_exe_time: 89550, task_app_start_time:73865913473941, task_sched_time:73866869432494
app_id: 0, app_name: SAR_api-aarch64, task_id: 422, task_name: DASH_ZIP, resource_name: cpu3, ref_start_time: 73866869981524, ref_stop_time: 73866870055414, actual_exe_time: 73890, task_app_start_time:73865913473941, task_sched_time:73866869972464
app_id: 0, app_name: SAR_api-aarch64, task_id: 423, task_name: DASH_FFT, resource_name: fft1, ref_start_time: 73866870490265, ref_stop_time: 73866870594935, actual_exe_time: 104670, task_app_start_time:73865913473941, task_sched_time:73866870478415
app_id: 0, app_name: SAR_api-aarch64, task_id: 424, task_name: DASH_FFT, resource_name: fft2, ref_start_time: 73866870921215, ref_stop_time: 73866871280555, actual_exe_time: 359340, task_app_start_time:73865913473941, task_sched_time:73866870917315
app_id: 0, app_name: SAR_api-aarch64, task_id: 425, task_name: DASH_ZIP, resource_name: zip1, ref_start_time: 73866871681355, ref_stop_time: 73866871797665, actual_exe_time: 116310, task_app_start_time:73865913473941, task_sched_time:73866871675355
app_id: 0, app_name: SAR_api-aarch64, task_id: 426, task_name: DASH_FFT, resource_name: cpu1, ref_start_time: 73866872286575, ref_stop_time: 73866872375795, actual_exe_time: 89220, task_app_start_time:73865913473941, task_sched_time:73866872280335
app_id: 0, app_name: SAR_api-aarch64, task_id: 427, task_name: DASH_FFT, resource_name: cpu2, ref_start_time: 73866872783915, ref_stop_time: 73866872873795, actual_exe_time: 89880, task_app_start_time:73865913473941, task_sched_time:73866872777105
app_id: 0, app_name: SAR_api-aarch64, task_id: 428, task_name: DASH_ZIP, resource_name: cpu3, ref_start_time: 73866873346865, ref_stop_time: 73866873421265, actual_exe_time: 74400, task_app_start_time:73865913473941, task_sched_time:73866873319355
app_id: 0, app_name: SAR_api-aarch64, task_id: 429, task_name: DASH_FFT, resource_name: fft1, ref_start_time: 73866873752855, ref_stop_time: 73866873858785, actual_exe_time: 105930, task_app_start_time:73865913473941, task_sched_time:73866873743915
app_id: 0, app_name: SAR_api-aarch64, task_id: 430, task_name: DASH_FFT, resource_name: fft2, ref_start_time: 73866874181585, ref_stop_time: 73866874251305, actual_exe_time: 69720, task_app_start_time:73865913473941, task_sched_time:73866874174565
app_id: 0, app_name: SAR_api-aarch64, task_id: 431, task_name: DASH_ZIP, resource_name: zip1, ref_start_time: 73866874468025, ref_stop_time: 73866874584935, actual_exe_time: 116910, task_app_start_time:73865913473941, task_sched_time:73866874442645
app_id: 0, app_name: SAR_api-aarch64, task_id: 432, task_name: DASH_FFT, resource_name: cpu1, ref_start_time: 73866875051495, ref_stop_time: 73866875140235, actual_exe_time: 88740, task_app_start_time:73865913473941, task_sched_time:73866875038145
app_id: 0, app_name: SAR_api-aarch64, task_id: 433, task_name: DASH_FFT, resource_name: cpu2, ref_start_time: 73866875546045, ref_stop_time: 73866875635805, actual_exe_time: 89760, task_app_start_time:73865913473941, task_sched_time:73866875536265
app_id: 0, app_name: SAR_api-aarch64, task_id: 434, task_name: DASH_ZIP, resource_name: cpu3, ref_start_time: 73866875855375, ref_stop_time: 73866875930015, actual_exe_time: 74640, task_app_start_time:73865913473941, task_sched_time:73866875823515
app_id: 0, app_name: SAR_api-aarch64, task_id: 435, task_name: DASH_FFT, resource_name: fft1, ref_start_time: 73866876443555, ref_stop_time: 73866876547026, actual_exe_time: 103471, task_app_start_time:73865913473941, task_sched_time:73866876440705
app_id: 0, app_name: SAR_api-aarch64, task_id: 436, task_name: DASH_FFT, resource_name: fft2, ref_start_time: 73866876868236, ref_stop_time: 73866876938526, actual_exe_time: 70290, task_app_start_time:73865913473941, task_sched_time:73866876864726
app_id: 0, app_name: SAR_api-aarch64, task_id: 437, task_name: DASH_ZIP, resource_name: zip1, ref_start_time: 73866877373256, ref_stop_time: 73866877497636, actual_exe_time: 124380, task_app_start_time:73865913473941, task_sched_time:73866877333956
app_id: 0, app_name: SAR_api-aarch64, task_id: 438, task_name: DASH_FFT, resource_name: cpu1, ref_start_time: 73866878017356, ref_stop_time: 73866878106996, actual_exe_time: 89640, task_app_start_time:73865913473941, task_sched_time:73866878008236
app_id: 0, app_name: SAR_api-aarch64, task_id: 439, task_name: DASH_FFT, resource_name: cpu2, ref_start_time: 73866878463636, ref_stop_time: 73866878553216, actual_exe_time: 89580, task_app_start_time:73865913473941, task_sched_time:73866878456226
app_id: 0, app_name: SAR_api-aarch64, task_id: 440, task_name: DASH_ZIP, resource_name: cpu3, ref_start_time: 73866878987886, ref_stop_time: 73866879062496, actual_exe_time: 74610, task_app_start_time:73865913473941, task_sched_time:73866878949486
app_id: 0, app_name: SAR_api-aarch64, task_id: 441, task_name: DASH_FFT, resource_name: fft1, ref_start_time: 73866879421716, ref_stop_time: 73866879536706, actual_exe_time: 114990, task_app_start_time:73865913473941, task_sched_time:73866879409176
app_id: 0, app_name: SAR_api-aarch64, task_id: 442, task_name: DASH_FFT, resource_name: fft2, ref_start_time: 73866879706866, ref_stop_time: 73866879776616, actual_exe_time: 69750, task_app_start_time:73865913473941, task_sched_time:73866879703026
app_id: 0, app_name: SAR_api-aarch64, task_id: 443, task_name: DASH_ZIP, resource_name: zip1, ref_start_time: 73866880350726, ref_stop_time: 73866880472586, actual_exe_time: 121860, task_app_start_time:73865913473941, task_sched_time:73866880311876
app_id: 0, app_name: SAR_api-aarch64, task_id: 444, task_name: DASH_FFT, resource_name: cpu1, ref_start_time: 73866880863456, ref_stop_time: 73866880952796, actual_exe_time: 89340, task_app_start_time:73865913473941, task_sched_time:73866880853196
app_id: 0, app_name: SAR_api-aarch64, task_id: 445, task_name: DASH_FFT, resource_name: cpu2, ref_start_time: 73866881326386, ref_stop_time: 73866881415996, actual_exe_time: 89610, task_app_start_time:73865913473941, task_sched_time:73866881316726
app_id: 0, app_name: SAR_api-aarch64, task_id: 446, task_name: DASH_ZIP, resource_name: cpu3, ref_start_time: 73866881890236, ref_stop_time: 73866881964786, actual_exe_time: 74550, task_app_start_time:73865913473941, task_sched_time:73866881840616
app_id: 0, app_name: SAR_api-aarch64, task_id: 447, task_name: DASH_FFT, resource_name: fft1, ref_start_time: 73866882291216, ref_stop_time: 73866882395496, actual_exe_time: 104280, task_app_start_time:73865913473941, task_sched_time:73866882279756
app_id: 0, app_name: SAR_api-aarch64, task_id: 448, task_name: DASH_FFT, resource_name: fft2, ref_start_time: 73866882725046, ref_stop_time: 73866882794197, actual_exe_time: 69151, task_app_start_time:73865913473941, task_sched_time:73866882720456
app_id: 0, app_name: SAR_api-aarch64, task_id: 449, task_name: DASH_ZIP, resource_name: zip1, ref_start_time: 73866883190947, ref_stop_time: 73866883307407, actual_exe_time: 116460, task_app_start_time:73865913473941, task_sched_time:73866883183327
app_id: 0, app_name: SAR_api-aarch64, task_id: 450, task_name: DASH_FFT, resource_name: cpu1, ref_start_time: 73866883670737, ref_stop_time: 73866883759747, actual_exe_time: 89010, task_app_start_time:73865913473941, task_sched_time:73866883662157
app_id: 0, app_name: SAR_api-aarch64, task_id: 451, task_name: DASH_FFT, resource_name: cpu2, ref_start_time: 73866884016487, ref_stop_time: 73866884106217, actual_exe_time: 89730, task_app_start_time:73865913473941, task_sched_time:73866884011957
app_id: 0, app_name: SAR_api-aarch64, task_id: 452, task_name: DASH_ZIP, resource_name: cpu3, ref_start_time: 73866884580367, ref_stop_time: 73866884654827, actual_exe_time: 74460, task_app_start_time:73865913473941, task_sched_time:73866884573287
app_id: 0, app_name: SAR_api-aarch64, task_id: 453, task_name: DASH_FFT, resource_name: fft1, ref_start_time: 73866884907607, ref_stop_time: 73866885011317, actual_exe_time: 103710, task_app_start_time:73865913473941, task_sched_time:73866884900767
app_id: 0, app_name: SAR_api-aarch64, task_id: 454, task_name: DASH_FFT, resource_name: fft2, ref_start_time: 73866885890857, ref_stop_time: 73866885964387, actual_exe_time: 73530, task_app_start_time:73865913473941, task_sched_time:73866885884017
app_id: 0, app_name: SAR_api-aarch64, task_id: 455, task_name: DASH_ZIP, resource_name: zip1, ref_start_time: 73866886195417, ref_stop_time: 73866886312117, actual_exe_time: 116700, task_app_start_time:73865913473941, task_sched_time:73866886169317
app_id: 0, app_name: SAR_api-aarch64, task_id: 456, task_name: DASH_FFT, resource_name: cpu1, ref_start_time: 73866886951297, ref_stop_time: 73866887041867, actual_exe_time: 90570, task_app_start_time:73865913473941, task_sched_time:73866886946557
app_id: 0, app_name: SAR_api-aarch64, task_id: 457, task_name: DASH_FFT, resource_name: cpu2, ref_start_time: 73866887541607, ref_stop_time: 73866887642467, actual_exe_time: 100860, task_app_start_time:73865913473941, task_sched_time:73866887533057
app_id: 0, app_name: SAR_api-aarch64, task_id: 458, task_name: DASH_ZIP, resource_name: cpu3, ref_start_time: 73866888050137, ref_stop_time: 73866888124837, actual_exe_time: 74700, task_app_start_time:73865913473941, task_sched_time:73866888037567
app_id: 0, app_name: SAR_api-aarch64, task_id: 459, task_name: DASH_FFT, resource_name: fft1, ref_start_time: 73866888476707, ref_stop_time: 73866888606877, actual_exe_time: 130170, task_app_start_time:73865913473941, task_sched_time:73866888472027
app_id: 0, app_name: SAR_api-aarch64, task_id: 460, task_name: DASH_FFT, resource_name: fft2, ref_start_time: 73866888932437, ref_stop_time: 73866889004378, actual_exe_time: 71941, task_app_start_time:73865913473941, task_sched_time:73866888929587
app_id: 0, app_name: SAR_api-aarch64, task_id: 461, task_name: DASH_ZIP, resource_name: zip1, ref_start_time: 73866889488848, ref_stop_time: 73866889605758, actual_exe_time: 116910, task_app_start_time:73865913473941, task_sched_time:73866889478078
app_id: 0, app_name: SAR_api-aarch64, task_id: 462, task_name: DASH_FFT, resource_name: cpu1, ref_start_time: 73866890011298, ref_stop_time: 73866890102198, actual_exe_time: 90900, task_app_start_time:73865913473941, task_sched_time:73866889998488
app_id: 0, app_name: SAR_api-aarch64, task_id: 463, task_name: DASH_FFT, resource_name: cpu2, ref_start_time: 73866890477498, ref_stop_time: 73866890566958, actual_exe_time: 89460, task_app_start_time:73865913473941, task_sched_time:73866890468198
app_id: 0, app_name: SAR_api-aarch64, task_id: 464, task_name: DASH_ZIP, resource_name: cpu3, ref_start_time: 73866890783048, ref_stop_time: 73866890857538, actual_exe_time: 74490, task_app_start_time:73865913473941, task_sched_time:73866890769488
app_id: 0, app_name: SAR_api-aarch64, task_id: 465, task_name: DASH_FFT, resource_name: fft1, ref_start_time: 73866892275308, ref_stop_time: 73866892436048, actual_exe_time: 160740, task_app_start_time:73865913473941, task_sched_time:73866892263968
app_id: 0, app_name: SAR_api-aarch64, task_id: 466, task_name: DASH_FFT, resource_name: fft2, ref_start_time: 73866892777178, ref_stop_time: 73866892908698, actual_exe_time: 131520, task_app_start_time:73865913473941, task_sched_time:73866892770638
app_id: 0, app_name: SAR_api-aarch64, task_id: 467, task_name: DASH_ZIP, resource_name: zip1, ref_start_time: 73866893372588, ref_stop_time: 73866893490398, actual_exe_time: 117810, task_app_start_time:73865913473941, task_sched_time:73866893365778
app_id: 0, app_name: SAR_api-aarch64, task_id: 468, task_name: DASH_FFT, resource_name: cpu1, ref_start_time: 73866893860718, ref_stop_time: 73866893950958, actual_exe_time: 90240, task_app_start_time:73865913473941, task_sched_time:73866893857388
app_id: 0, app_name: SAR_api-aarch64, task_id: 469, task_name: DASH_FFT, resource_name: cpu2, ref_start_time: 73866894280598, ref_stop_time: 73866894371438, actual_exe_time: 90840, task_app_start_time:73865913473941, task_sched_time:73866894273998
app_id: 0, app_name: SAR_api-aarch64, task_id: 470, task_name: DASH_ZIP, resource_name: cpu3, ref_start_time: 73866894801338, ref_stop_time: 73866894876248, actual_exe_time: 74910, task_app_start_time:73865913473941, task_sched_time:73866894798338
app_id: 0, app_name: SAR_api-aarch64, task_id: 471, task_name: DASH_FFT, resource_name: fft1, ref_start_time: 73866895271109, ref_stop_time: 73866895374879, actual_exe_time: 103770, task_app_start_time:73865913473941, task_sched_time:73866895266339
app_id: 0, app_name: SAR_api-aarch64, task_id: 472, task_name: DASH_FFT, resource_name: fft2, ref_start_time: 73866895670709, ref_stop_time: 73866895739769, actual_exe_time: 69060, task_app_start_time:73865913473941, task_sched_time:73866895662519
app_id: 0, app_name: SAR_api-aarch64, task_id: 473, task_name: DASH_ZIP, resource_name: zip1, ref_start_time: 73866896298609, ref_stop_time: 73866896416749, actual_exe_time: 118140, task_app_start_time:73865913473941, task_sched_time:73866896269749
app_id: 0, app_name: SAR_api-aarch64, task_id: 474, task_name: DASH_FFT, resource_name: cpu1, ref_start_time: 73866896812419, ref_stop_time: 73866896902269, actual_exe_time: 89850, task_app_start_time:73865913473941, task_sched_time:73866896800959
app_id: 0, app_name: SAR_api-aarch64, task_id: 475, task_name: DASH_FFT, resource_name: cpu2, ref_start_time: 73866897345669, ref_stop_time: 73866897435639, actual_exe_time: 89970, task_app_start_time:73865913473941, task_sched_time:73866897336159
app_id: 0, app_name: SAR_api-aarch64, task_id: 476, task_name: DASH_ZIP, resource_name: cpu3, ref_start_time: 73866897863259, ref_stop_time: 73866897937959, actual_exe_time: 74700, task_app_start_time:73865913473941, task_sched_time:73866897856389
app_id: 0, app_name: SAR_api-aarch64, task_id: 477, task_name: DASH_FFT, resource_name: fft1, ref_start_time: 73866898394169, ref_stop_time: 73866898499769, actual_exe_time: 105600, task_app_start_time:73865913473941, task_sched_time:73866898388829
app_id: 0, app_name: SAR_api-aarch64, task_id: 478, task_name: DASH_FFT, resource_name: fft2, ref_start_time: 73866898720149, ref_stop_time: 73866898789989, actual_exe_time: 69840, task_app_start_time:73865913473941, task_sched_time:73866898712499
app_id: 0, app_name: SAR_api-aarch64, task_id: 479, task_name: DASH_ZIP, resource_name: zip1, ref_start_time: 73866899358519, ref_stop_time: 73866899475159, actual_exe_time: 116640, task_app_start_time:73865913473941, task_sched_time:73866899350719
app_id: 0, app_name: SAR_api-aarch64, task_id: 480, task_name: DASH_FFT, resource_name: cpu1, ref_start_time: 73866899962989, ref_stop_time: 73866900051729, actual_exe_time: 88740, task_app_start_time:73865913473941, task_sched_time:73866899954469
app_id: 0, app_name: SAR_api-aarch64, task_id: 481, task_name: DASH_FFT, resource_name: cpu2, ref_start_time: 73866900445929, ref_stop_time: 73866900535449, actual_exe_time: 89520, task_app_start_time:73865913473941, task_sched_time:73866900436449
app_id: 0, app_name: SAR_api-aarch64, task_id: 482, task_name: DASH_ZIP, resource_name: cpu3, ref_start_time: 73866901002129, ref_stop_time: 73866901076649, actual_exe_time: 74520, task_app_start_time:73865913473941, task_sched_time:73866900992319
app_id: 0, app_name: SAR_api-aarch64, task_id: 483, task_name: DASH_FFT, resource_name: fft1, ref_start_time: 73866901501690, ref_stop_time: 73866901606090, actual_exe_time: 104400, task_app_start_time:73865913473941, task_sched_time:73866901495510
app_id: 0, app_name: SAR_api-aarch64, task_id: 484, task_name: DASH_FFT, resource_name: fft2, ref_start_time: 73866901939090, ref_stop_time: 73866902008900, actual_exe_time: 69810, task_app_start_time:73865913473941, task_sched_time:73866901934860
app_id: 0, app_name: SAR_api-aarch64, task_id: 485, task_name: DASH_ZIP, resource_name: zip1, ref_start_time: 73866902416840, ref_stop_time: 73866902534110, actual_exe_time: 117270, task_app_start_time:73865913473941, task_sched_time:73866902410120
app_id: 0, app_name: SAR_api-aarch64, task_id: 486, task_name: DASH_FFT, resource_name: cpu1, ref_start_time: 73866902832130, ref_stop_time: 73866902929150, actual_exe_time: 97020, task_app_start_time:73865913473941, task_sched_time:73866902821840
app_id: 0, app_name: SAR_api-aarch64, task_id: 487, task_name: DASH_FFT, resource_name: cpu2, ref_start_time: 73866903387520, ref_stop_time: 73866903477550, actual_exe_time: 90030, task_app_start_time:73865913473941, task_sched_time:73866903378850
app_id: 0, app_name: SAR_api-aarch64, task_id: 488, task_name: DASH_ZIP, resource_name: cpu3, ref_start_time: 73866903716200, ref_stop_time: 73866903790720, actual_exe_time: 74520, task_app_start_time:73865913473941, task_sched_time:73866903636190
app_id: 0, app_name: SAR_api-aarch64, task_id: 489, task_name: DASH_FFT, resource_name: fft1, ref_start_time: 73866904349410, ref_stop_time: 73866904455580, actual_exe_time: 106170, task_app_start_time:73865913473941, task_sched_time:73866904344190
app_id: 0, app_name: SAR_api-aarch64, task_id: 490, task_name: DASH_FFT, resource_name: fft2, ref_start_time: 73866904803880, ref_stop_time: 73866904872610, actual_exe_time: 68730, task_app_start_time:73865913473941, task_sched_time:73866904795150
app_id: 0, app_name: SAR_api-aarch64, task_id: 491, task_name: DASH_ZIP, resource_name: zip1, ref_start_time: 73866905361670, ref_stop_time: 73866905479300, actual_exe_time: 117630, task_app_start_time:73865913473941, task_sched_time:73866905294590
app_id: 0, app_name: SAR_api-aarch64, task_id: 492, task_name: DASH_FFT, resource_name: cpu1, ref_start_time: 73866905907790, ref_stop_time: 73866905998540, actual_exe_time: 90750, task_app_start_time:73865913473941, task_sched_time:73866905902480
app_id: 0, app_name: SAR_api-aarch64, task_id: 493, task_name: DASH_FFT, resource_name: cpu2, ref_start_time: 73866906385990, ref_stop_time: 73866906475570, actual_exe_time: 89580, task_app_start_time:73865913473941, task_sched_time:73866906379300
app_id: 0, app_name: SAR_api-aarch64, task_id: 494, task_name: DASH_ZIP, resource_name: cpu3, ref_start_time: 73866906867190, ref_stop_time: 73866906941860, actual_exe_time: 74670, task_app_start_time:73865913473941, task_sched_time:73866906863830
app_id: 0, app_name: SAR_api-aarch64, task_id: 495, task_name: DASH_FFT, resource_name: fft1, ref_start_time: 73866907273240, ref_stop_time: 73866907379170, actual_exe_time: 105930, task_app_start_time:73865913473941, task_sched_time:73866907262170
app_id: 0, app_name: SAR_api-aarch64, task_id: 496, task_name: DASH_FFT, resource_name: fft2, ref_start_time: 73866907709201, ref_stop_time: 73866907779161, actual_exe_time: 69960, task_app_start_time:73865913473941, task_sched_time:73866907701641
app_id: 0, app_name: SAR_api-aarch64, task_id: 497, task_name: DASH_ZIP, resource_name: zip1, ref_start_time: 73866908065061, ref_stop_time: 73866908181671, actual_exe_time: 116610, task_app_start_time:73865913473941, task_sched_time:73866908001821
app_id: 0, app_name: SAR_api-aarch64, task_id: 498, task_name: DASH_FFT, resource_name: cpu1, ref_start_time: 73866908863691, ref_stop_time: 73866908953211, actual_exe_time: 89520, task_app_start_time:73865913473941, task_sched_time:73866908850881
app_id: 0, app_name: SAR_api-aarch64, task_id: 499, task_name: DASH_FFT, resource_name: cpu2, ref_start_time: 73866909341021, ref_stop_time: 73866909431561, actual_exe_time: 90540, task_app_start_time:73865913473941, task_sched_time:73866909332261
app_id: 0, app_name: SAR_api-aarch64, task_id: 500, task_name: DASH_ZIP, resource_name: cpu3, ref_start_time: 73866909848231, ref_stop_time: 73866909922601, actual_exe_time: 74370, task_app_start_time:73865913473941, task_sched_time:73866909845141
app_id: 0, app_name: SAR_api-aarch64, task_id: 501, task_name: DASH_FFT, resource_name: fft1, ref_start_time: 73866910228811, ref_stop_time: 73866910333031, actual_exe_time: 104220, task_app_start_time:73865913473941, task_sched_time:73866910223891
app_id: 0, app_name: SAR_api-aarch64, task_id: 502, task_name: DASH_FFT, resource_name: fft2, ref_start_time: 73866910710221, ref_stop_time: 73866910778351, actual_exe_time: 68130, task_app_start_time:73865913473941, task_sched_time:73866910700561
app_id: 0, app_name: SAR_api-aarch64, task_id: 503, task_name: DASH_ZIP, resource_name: zip1, ref_start_time: 73866911201921, ref_stop_time: 73866911323121, actual_exe_time: 121200, task_app_start_time:73865913473941, task_sched_time:73866911165261
app_id: 0, app_name: SAR_api-aarch64, task_id: 504, task_name: DASH_FFT, resource_name: cpu1, ref_start_time: 73866911727251, ref_stop_time: 73866911816921, actual_exe_time: 89670, task_app_start_time:73865913473941, task_sched_time:73866911720051
app_id: 0, app_name: SAR_api-aarch64, task_id: 505, task_name: DASH_FFT, resource_name: cpu2, ref_start_time: 73866912097811, ref_stop_time: 73866912195431, actual_exe_time: 97620, task_app_start_time:73865913473941, task_sched_time:73866912089561
app_id: 0, app_name: SAR_api-aarch64, task_id: 506, task_name: DASH_ZIP, resource_name: cpu3, ref_start_time: 73866912797531, ref_stop_time: 73866912872141, actual_exe_time: 74610, task_app_start_time:73865913473941, task_sched_time:73866912789791
app_id: 0, app_name: SAR_api-aarch64, task_id: 507, task_name: DASH_FFT, resource_name: fft1, ref_start_time: 73866913073651, ref_stop_time: 73866913179551, actual_exe_time: 105900, task_app_start_time:73865913473941, task_sched_time:73866913067831
app_id: 0, app_name: SAR_api-aarch64, task_id: 508, task_name: DASH_FFT, resource_name: fft2, ref_start_time: 73866913662431, ref_stop_time: 73866913732691, actual_exe_time: 70260, task_app_start_time:73865913473941, task_sched_time:73866913659641
app_id: 0, app_name: SAR_api-aarch64, task_id: 509, task_name: DASH_ZIP, resource_name: zip1, ref_start_time: 73866914143872, ref_stop_time: 73866914260842, actual_exe_time: 116970, task_app_start_time:73865913473941, task_sched_time:73866914132232
app_id: 0, app_name: SAR_api-aarch64, task_id: 510, task_name: DASH_FFT, resource_name: cpu1, ref_start_time: 73866914684502, ref_stop_time: 73866914773602, actual_exe_time: 89100, task_app_start_time:73865913473941, task_sched_time:73866914677752
app_id: 0, app_name: SAR_api-aarch64, task_id: 511, task_name: DASH_FFT, resource_name: cpu2, ref_start_time: 73866915145362, ref_stop_time: 73866915235152, actual_exe_time: 89790, task_app_start_time:73865913473941, task_sched_time:73866915142092
app_id: 0, app_name: SAR_api-aarch64, task_id: 512, task_name: DASH_ZIP, resource_name: cpu3, ref_start_time: 73866915628722, ref_stop_time: 73866915703182, actual_exe_time: 74460, task_app_start_time:73865913473941, task_sched_time:73866915625572
app_id: 0, app_name: SAR_api-aarch64, task_id: 513, task_name: DASH_FFT, resource_name: fft1, ref_start_time: 73866916034742, ref_stop_time: 73866916142292, actual_exe_time: 107550, task_app_start_time:73865913473941, task_sched_time:73866916021752
app_id: 0, app_name: SAR_api-aarch64, task_id: 514, task_name: DASH_FFT, resource_name: fft2, ref_start_time: 73866916469892, ref_stop_time: 73866916540302, actual_exe_time: 70410, task_app_start_time:73865913473941, task_sched_time:73866916466442
app_id: 0, app_name: SAR_api-aarch64, task_id: 515, task_name: DASH_ZIP, resource_name: zip1, ref_start_time: 73866916950612, ref_stop_time: 73866917067882, actual_exe_time: 117270, task_app_start_time:73865913473941, task_sched_time:73866916939062
app_id: 0, app_name: SAR_api-aarch64, task_id: 516, task_name: DASH_FFT, resource_name: cpu1, ref_start_time: 73866917413902, ref_stop_time: 73866917503662, actual_exe_time: 89760, task_app_start_time:73865913473941, task_sched_time:73866917408562
app_id: 0, app_name: SAR_api-aarch64, task_id: 517, task_name: DASH_FFT, resource_name: cpu2, ref_start_time: 73866917894982, ref_stop_time: 73866917983812, actual_exe_time: 88830, task_app_start_time:73865913473941, task_sched_time:73866917887662
app_id: 0, app_name: SAR_api-aarch64, task_id: 518, task_name: DASH_ZIP, resource_name: cpu3, ref_start_time: 73866918192852, ref_stop_time: 73866918267252, actual_exe_time: 74400, task_app_start_time:73865913473941, task_sched_time:73866918189042
app_id: 0, app_name: SAR_api-aarch64, task_id: 519, task_name: DASH_FFT, resource_name: fft1, ref_start_time: 73866918823992, ref_stop_time: 73866918927882, actual_exe_time: 103890, task_app_start_time:73865913473941, task_sched_time:73866918820722
app_id: 0, app_name: SAR_api-aarch64, task_id: 520, task_name: DASH_FFT, resource_name: fft2, ref_start_time: 73866919265172, ref_stop_time: 73866919334442, actual_exe_time: 69270, task_app_start_time:73865913473941, task_sched_time:73866919261902
app_id: 0, app_name: SAR_api-aarch64, task_id: 521, task_name: DASH_ZIP, resource_name: zip1, ref_start_time: 73866919745052, ref_stop_time: 73866919861542, actual_exe_time: 116490, task_app_start_time:73865913473941, task_sched_time:73866919741962
app_id: 0, app_name: SAR_api-aarch64, task_id: 522, task_name: DASH_FFT, resource_name: cpu1, ref_start_time: 73866920253433, ref_stop_time: 73866920343103, actual_exe_time: 89670, task_app_start_time:73865913473941, task_sched_time:73866920243923
app_id: 0, app_name: SAR_api-aarch64, task_id: 523, task_name: DASH_FFT, resource_name: cpu2, ref_start_time: 73866920672083, ref_stop_time: 73866920761903, actual_exe_time: 89820, task_app_start_time:73865913473941, task_sched_time:73866920663683
app_id: 0, app_name: SAR_api-aarch64, task_id: 524, task_name: DASH_ZIP, resource_name: cpu3, ref_start_time: 73866921172033, ref_stop_time: 73866921246433, actual_exe_time: 74400, task_app_start_time:73865913473941, task_sched_time:73866921158713
app_id: 0, app_name: SAR_api-aarch64, task_id: 525, task_name: DASH_FFT, resource_name: fft1, ref_start_time: 73866921605293, ref_stop_time: 73866921709453, actual_exe_time: 104160, task_app_start_time:73865913473941, task_sched_time:73866921598843
app_id: 0, app_name: SAR_api-aarch64, task_id: 526, task_name: DASH_FFT, resource_name: fft2, ref_start_time: 73866921904843, ref_stop_time: 73866921974173, actual_exe_time: 69330, task_app_start_time:73865913473941, task_sched_time:73866921896353
app_id: 0, app_name: SAR_api-aarch64, task_id: 527, task_name: DASH_ZIP, resource_name: zip1, ref_start_time: 73866922481563, ref_stop_time: 73866922598413, actual_exe_time: 116850, task_app_start_time:73865913473941, task_sched_time:73866922435063
app_id: 0, app_name: SAR_api-aarch64, task_id: 528, task_name: DASH_FFT, resource_name: cpu1, ref_start_time: 73866923051353, ref_stop_time: 73866923140603, actual_exe_time: 89250, task_app_start_time:73865913473941, task_sched_time:73866923045143
app_id: 0, app_name: SAR_api-aarch64, task_id: 529, task_name: DASH_FFT, resource_name: cpu2, ref_start_time: 73866923405413, ref_stop_time: 73866923496013, actual_exe_time: 90600, task_app_start_time:73865913473941, task_sched_time:73866923396053
app_id: 0, app_name: SAR_api-aarch64, task_id: 530, task_name: DASH_ZIP, resource_name: cpu3, ref_start_time: 73866923969023, ref_stop_time: 73866924043633, actual_exe_time: 74610, task_app_start_time:73865913473941, task_sched_time:73866923955523
app_id: 0, app_name: SAR_api-aarch64, task_id: 531, task_name: DASH_FFT, resource_name: fft1, ref_start_time: 73866924334543, ref_stop_time: 73866924445603, actual_exe_time: 111060, task_app_start_time:73865913473941, task_sched_time:73866924331333
app_id: 0, app_name: SAR_api-aarch64, task_id: 532, task_name: DASH_FFT, resource_name: fft2, ref_start_time: 73866924886693, ref_stop_time: 73866924955123, actual_exe_time: 68430, task_app_start_time:73865913473941, task_sched_time:73866924877663
app_id: 0, app_name: SAR_api-aarch64, task_id: 533, task_name: DASH_ZIP, resource_name: zip1, ref_start_time: 73866925268833, ref_stop_time: 73866925386643, actual_exe_time: 117810, task_app_start_time:73865913473941, task_sched_time:73866925262713
app_id: 0, app_name: SAR_api-aarch64, task_id: 534, task_name: DASH_FFT, resource_name: cpu1, ref_start_time: 73866925883713, ref_stop_time: 73866925973263, actual_exe_time: 89550, task_app_start_time:73865913473941, task_sched_time:73866925875463
app_id: 0, app_name: SAR_api-aarch64, task_id: 535, task_name: DASH_FFT, resource_name: cpu2, ref_start_time: 73866926205463, ref_stop_time: 73866926294924, actual_exe_time: 89461, task_app_start_time:73865913473941, task_sched_time:73866926198503
app_id: 0, app_name: SAR_api-aarch64, task_id: 536, task_name: DASH_ZIP, resource_name: cpu3, ref_start_time: 73866926771474, ref_stop_time: 73866926846024, actual_exe_time: 74550, task_app_start_time:73865913473941, task_sched_time:73866926761604
app_id: 0, app_name: SAR_api-aarch64, task_id: 537, task_name: DASH_FFT, resource_name: fft1, ref_start_time: 73866927003734, ref_stop_time: 73866927107924, actual_exe_time: 104190, task_app_start_time:73865913473941, task_sched_time:73866926995514
app_id: 0, app_name: SAR_api-aarch64, task_id: 538, task_name: DASH_FFT, resource_name: fft2, ref_start_time: 73866927568964, ref_stop_time: 73866927637964, actual_exe_time: 69000, task_app_start_time:73865913473941, task_sched_time:73866927564014
app_id: 0, app_name: SAR_api-aarch64, task_id: 539, task_name: DASH_ZIP, resource_name: zip1, ref_start_time: 73866928039424, ref_stop_time: 73866928156394, actual_exe_time: 116970, task_app_start_time:73865913473941, task_sched_time:73866928036094
app_id: 0, app_name: SAR_api-aarch64, task_id: 540, task_name: DASH_FFT, resource_name: cpu1, ref_start_time: 73866928522754, ref_stop_time: 73866928612184, actual_exe_time: 89430, task_app_start_time:73865913473941, task_sched_time:73866928519814
app_id: 0, app_name: SAR_api-aarch64, task_id: 541, task_name: DASH_FFT, resource_name: cpu2, ref_start_time: 73866928939814, ref_stop_time: 73866929030414, actual_exe_time: 90600, task_app_start_time:73865913473941, task_sched_time:73866928935164
app_id: 0, app_name: SAR_api-aarch64, task_id: 542, task_name: DASH_ZIP, resource_name: cpu3, ref_start_time: 73866929426984, ref_stop_time: 73866929501534, actual_exe_time: 74550, task_app_start_time:73865913473941, task_sched_time:73866929419844
app_id: 0, app_name: SAR_api-aarch64, task_id: 543, task_name: DASH_FFT, resource_name: fft1, ref_start_time: 73866929823254, ref_stop_time: 73866929927504, actual_exe_time: 104250, task_app_start_time:73865913473941, task_sched_time:73866929813054
app_id: 0, app_name: SAR_api-aarch64, task_id: 544, task_name: DASH_FFT, resource_name: fft2, ref_start_time: 73866930185324, ref_stop_time: 73866930253664, actual_exe_time: 68340, task_app_start_time:73865913473941, task_sched_time:73866930180344
app_id: 0, app_name: SAR_api-aarch64, task_id: 545, task_name: DASH_ZIP, resource_name: zip1, ref_start_time: 73866930758684, ref_stop_time: 73866930875114, actual_exe_time: 116430, task_app_start_time:73865913473941, task_sched_time:73866930751994
app_id: 0, app_name: SAR_api-aarch64, task_id: 546, task_name: DASH_FFT, resource_name: cpu1, ref_start_time: 73866931149464, ref_stop_time: 73866931238624, actual_exe_time: 89160, task_app_start_time:73865913473941, task_sched_time:73866931142414
app_id: 0, app_name: SAR_api-aarch64, task_id: 547, task_name: DASH_FFT, resource_name: cpu2, ref_start_time: 73866931680284, ref_stop_time: 73866931777844, actual_exe_time: 97560, task_app_start_time:73865913473941, task_sched_time:73866931674524
app_id: 0, app_name: SAR_api-aarch64, task_id: 548, task_name: DASH_ZIP, resource_name: cpu3, ref_start_time: 73866932161484, ref_stop_time: 73866932236124, actual_exe_time: 74640, task_app_start_time:73865913473941, task_sched_time:73866932103884
app_id: 0, app_name: SAR_api-aarch64, task_id: 549, task_name: DASH_FFT, resource_name: fft1, ref_start_time: 73866932648565, ref_stop_time: 73866932752515, actual_exe_time: 103950, task_app_start_time:73865913473941, task_sched_time:73866932635635
app_id: 0, app_name: SAR_api-aarch64, task_id: 550, task_name: DASH_FFT, resource_name: fft2, ref_start_time: 73866933065715, ref_stop_time: 73866933134085, actual_exe_time: 68370, task_app_start_time:73865913473941, task_sched_time:73866933060345
app_id: 0, app_name: SAR_api-aarch64, task_id: 551, task_name: DASH_ZIP, resource_name: zip1, ref_start_time: 73866933554535, ref_stop_time: 73866933671085, actual_exe_time: 116550, task_app_start_time:73865913473941, task_sched_time:73866933550725
app_id: 0, app_name: SAR_api-aarch64, task_id: 552, task_name: DASH_FFT, resource_name: cpu1, ref_start_time: 73866934010565, ref_stop_time: 73866934100325, actual_exe_time: 89760, task_app_start_time:73865913473941, task_sched_time:73866934008045
app_id: 0, app_name: SAR_api-aarch64, task_id: 553, task_name: DASH_FFT, resource_name: cpu2, ref_start_time: 73866934537635, ref_stop_time: 73866934627785, actual_exe_time: 90150, task_app_start_time:73865913473941, task_sched_time:73866934534185
app_id: 0, app_name: SAR_api-aarch64, task_id: 554, task_name: DASH_ZIP, resource_name: cpu3, ref_start_time: 73866934991775, ref_stop_time: 73866935066145, actual_exe_time: 74370, task_app_start_time:73865913473941, task_sched_time:73866934942005
app_id: 0, app_name: SAR_api-aarch64, task_id: 555, task_name: DASH_FFT, resource_name: fft1, ref_start_time: 73866935500845, ref_stop_time: 73866935605095, actual_exe_time: 104250, task_app_start_time:73865913473941, task_sched_time:73866935497905
app_id: 0, app_name: SAR_api-aarch64, task_id: 556, task_name: DASH_FFT, resource_name: fft2, ref_start_time: 73866935754735, ref_stop_time: 73866935825805, actual_exe_time: 71070, task_app_start_time:73865913473941, task_sched_time:73866935747925
app_id: 0, app_name: SAR_api-aarch64, task_id: 557, task_name: DASH_ZIP, resource_name: zip1, ref_start_time: 73866936382245, ref_stop_time: 73866936499335, actual_exe_time: 117090, task_app_start_time:73865913473941, task_sched_time:73866936379485
app_id: 0, app_name: SAR_api-aarch64, task_id: 558, task_name: DASH_FFT, resource_name: cpu1, ref_start_time: 73866936912975, ref_stop_time: 73866937002165, actual_exe_time: 89190, task_app_start_time:73865913473941, task_sched_time:73866936901815
app_id: 0, app_name: SAR_api-aarch64, task_id: 559, task_name: DASH_FFT, resource_name: cpu2, ref_start_time: 73866937350015, ref_stop_time: 73866937440435, actual_exe_time: 90420, task_app_start_time:73865913473941, task_sched_time:73866937343985
app_id: 0, app_name: SAR_api-aarch64, task_id: 560, task_name: DASH_ZIP, resource_name: cpu3, ref_start_time: 73866937841655, ref_stop_time: 73866937916295, actual_exe_time: 74640, task_app_start_time:73865913473941, task_sched_time:73866937832145
app_id: 0, app_name: SAR_api-aarch64, task_id: 561, task_name: DASH_FFT, resource_name: fft1, ref_start_time: 73866938236515, ref_stop_time: 73866938344155, actual_exe_time: 107640, task_app_start_time:73865913473941, task_sched_time:73866938232765
app_id: 0, app_name: SAR_api-aarch64, task_id: 562, task_name: DASH_FFT, resource_name: fft2, ref_start_time: 73866938672956, ref_stop_time: 73866938744986, actual_exe_time: 72030, task_app_start_time:73865913473941, task_sched_time:73866938665155
app_id: 0, app_name: SAR_api-aarch64, task_id: 563, task_name: DASH_ZIP, resource_name: zip1, ref_start_time: 73866939146536, ref_stop_time: 73866939263536, actual_exe_time: 117000, task_app_start_time:73865913473941, task_sched_time:73866939134236
app_id: 0, app_name: SAR_api-aarch64, task_id: 564, task_name: DASH_FFT, resource_name: cpu1, ref_start_time: 73866939461086, ref_stop_time: 73866939549976, actual_exe_time: 88890, task_app_start_time:73865913473941, task_sched_time:73866939455776
app_id: 0, app_name: SAR_api-aarch64, task_id: 565, task_name: DASH_FFT, resource_name: cpu2, ref_start_time: 73866940026496, ref_stop_time: 73866940116016, actual_exe_time: 89520, task_app_start_time:73865913473941, task_sched_time:73866940021006
app_id: 0, app_name: SAR_api-aarch64, task_id: 566, task_name: DASH_ZIP, resource_name: cpu3, ref_start_time: 73866940509856, ref_stop_time: 73866940584436, actual_exe_time: 74580, task_app_start_time:73865913473941, task_sched_time:73866940503256
app_id: 0, app_name: SAR_api-aarch64, task_id: 567, task_name: DASH_FFT, resource_name: fft1, ref_start_time: 73866940921216, ref_stop_time: 73866941027986, actual_exe_time: 106770, task_app_start_time:73865913473941, task_sched_time:73866940907446
app_id: 0, app_name: SAR_api-aarch64, task_id: 568, task_name: DASH_FFT, resource_name: fft2, ref_start_time: 73866941362096, ref_stop_time: 73866941430646, actual_exe_time: 68550, task_app_start_time:73865913473941, task_sched_time:73866941353966
app_id: 0, app_name: SAR_api-aarch64, task_id: 569, task_name: DASH_ZIP, resource_name: zip1, ref_start_time: 73866941852416, ref_stop_time: 73866941974066, actual_exe_time: 121650, task_app_start_time:73865913473941, task_sched_time:73866941815006
app_id: 0, app_name: SAR_api-aarch64, task_id: 570, task_name: DASH_FFT, resource_name: cpu1, ref_start_time: 73866942366676, ref_stop_time: 73866942456136, actual_exe_time: 89460, task_app_start_time:73865913473941, task_sched_time:73866942354526
app_id: 0, app_name: SAR_api-aarch64, task_id: 571, task_name: DASH_FFT, resource_name: cpu2, ref_start_time: 73866942686506, ref_stop_time: 73866942776686, actual_exe_time: 90180, task_app_start_time:73865913473941, task_sched_time:73866942677296
app_id: 0, app_name: SAR_api-aarch64, task_id: 572, task_name: DASH_ZIP, resource_name: cpu3, ref_start_time: 73866943274086, ref_stop_time: 73866943348666, actual_exe_time: 74580, task_app_start_time:73865913473941, task_sched_time:73866943270156
app_id: 0, app_name: SAR_api-aarch64, task_id: 573, task_name: DASH_FFT, resource_name: fft1, ref_start_time: 73866943526806, ref_stop_time: 73866943630696, actual_exe_time: 103890, task_app_start_time:73865913473941, task_sched_time:73866943518376
app_id: 0, app_name: SAR_api-aarch64, task_id: 574, task_name: DASH_FFT, resource_name: fft2, ref_start_time: 73866944092036, ref_stop_time: 73866944160226, actual_exe_time: 68190, task_app_start_time:73865913473941, task_sched_time:73866944089156
app_id: 0, app_name: SAR_api-aarch64, task_id: 575, task_name: DASH_ZIP, resource_name: zip1, ref_start_time: 73866944599996, ref_stop_time: 73866944716756, actual_exe_time: 116760, task_app_start_time:73865913473941, task_sched_time:73866944545216
app_id: 0, app_name: SAR_api-aarch64, task_id: 576, task_name: DASH_FFT, resource_name: cpu1, ref_start_time: 73866945108797, ref_stop_time: 73866945204227, actual_exe_time: 95430, task_app_start_time:73865913473941, task_sched_time:73866945097157
app_id: 0, app_name: SAR_api-aarch64, task_id: 577, task_name: DASH_FFT, resource_name: cpu2, ref_start_time: 73866945553727, ref_stop_time: 73866945642797, actual_exe_time: 89070, task_app_start_time:73865913473941, task_sched_time:73866945545597
app_id: 0, app_name: SAR_api-aarch64, task_id: 578, task_name: DASH_ZIP, resource_name: cpu3, ref_start_time: 73866946036607, ref_stop_time: 73866946111187, actual_exe_time: 74580, task_app_start_time:73865913473941, task_sched_time:73866946029557
app_id: 0, app_name: SAR_api-aarch64, task_id: 579, task_name: DASH_FFT, resource_name: fft1, ref_start_time: 73866946432037, ref_stop_time: 73866946538237, actual_exe_time: 106200, task_app_start_time:73865913473941, task_sched_time:73866946429217
app_id: 0, app_name: SAR_api-aarch64, task_id: 580, task_name: DASH_FFT, resource_name: fft2, ref_start_time: 73866946866077, ref_stop_time: 73866946938137, actual_exe_time: 72060, task_app_start_time:73865913473941, task_sched_time:73866946860317
app_id: 0, app_name: SAR_api-aarch64, task_id: 581, task_name: DASH_ZIP, resource_name: zip1, ref_start_time: 73866947096567, ref_stop_time: 73866947212787, actual_exe_time: 116220, task_app_start_time:73865913473941, task_sched_time:73866947093027
app_id: 0, app_name: SAR_api-aarch64, task_id: 582, task_name: DASH_FFT, resource_name: cpu1, ref_start_time: 73866947777207, ref_stop_time: 73866947866127, actual_exe_time: 88920, task_app_start_time:73865913473941, task_sched_time:73866947769467
app_id: 0, app_name: SAR_api-aarch64, task_id: 583, task_name: DASH_FFT, resource_name: cpu2, ref_start_time: 73866948197687, ref_stop_time: 73866948287267, actual_exe_time: 89580, task_app_start_time:73865913473941, task_sched_time:73866948189017
app_id: 0, app_name: SAR_api-aarch64, task_id: 584, task_name: DASH_ZIP, resource_name: cpu3, ref_start_time: 73866948678167, ref_stop_time: 73866948752477, actual_exe_time: 74310, task_app_start_time:73865913473941, task_sched_time:73866948675197
app_id: 0, app_name: SAR_api-aarch64, task_id: 585, task_name: DASH_FFT, resource_name: fft1, ref_start_time: 73866948967487, ref_stop_time: 73866949071377, actual_exe_time: 103890, task_app_start_time:73865913473941, task_sched_time:73866948962057
app_id: 0, app_name: SAR_api-aarch64, task_id: 586, task_name: DASH_FFT, resource_name: fft2, ref_start_time: 73866949530587, ref_stop_time: 73866949598897, actual_exe_time: 68310, task_app_start_time:73865913473941, task_sched_time:73866949526147
app_id: 0, app_name: SAR_api-aarch64, task_id: 587, task_name: DASH_ZIP, resource_name: zip1, ref_start_time: 73866950019527, ref_stop_time: 73866950136227, actual_exe_time: 116700, task_app_start_time:73865913473941, task_sched_time:73866949984637
app_id: 0, app_name: SAR_api-aarch64, task_id: 588, task_name: DASH_FFT, resource_name: cpu1, ref_start_time: 73866950544167, ref_stop_time: 73866950633537, actual_exe_time: 89370, task_app_start_time:73865913473941, task_sched_time:73866950541797
app_id: 0, app_name: SAR_api-aarch64, task_id: 589, task_name: DASH_FFT, resource_name: cpu2, ref_start_time: 73866950961497, ref_stop_time: 73866951058817, actual_exe_time: 97320, task_app_start_time:73865913473941, task_sched_time:73866950953907
app_id: 0, app_name: SAR_api-aarch64, task_id: 590, task_name: DASH_ZIP, resource_name: cpu3, ref_start_time: 73866951305388, ref_stop_time: 73866951379788, actual_exe_time: 74400, task_app_start_time:73865913473941, task_sched_time:73866951218388
app_id: 0, app_name: SAR_api-aarch64, task_id: 591, task_name: DASH_FFT, resource_name: fft1, ref_start_time: 73866951904008, ref_stop_time: 73866952009008, actual_exe_time: 105000, task_app_start_time:73865913473941, task_sched_time:73866951898638
app_id: 0, app_name: SAR_api-aarch64, task_id: 592, task_name: DASH_FFT, resource_name: fft2, ref_start_time: 73866952399068, ref_stop_time: 73866952468128, actual_exe_time: 69060, task_app_start_time:73865913473941, task_sched_time:73866952389678
app_id: 0, app_name: SAR_api-aarch64, task_id: 593, task_name: DASH_ZIP, resource_name: zip1, ref_start_time: 73866952895658, ref_stop_time: 73866953012268, actual_exe_time: 116610, task_app_start_time:73865913473941, task_sched_time:73866952863078
app_id: 0, app_name: SAR_api-aarch64, task_id: 594, task_name: DASH_FFT, resource_name: cpu1, ref_start_time: 73866953395128, ref_stop_time: 73866953484978, actual_exe_time: 89850, task_app_start_time:73865913473941, task_sched_time:73866953384988
app_id: 0, app_name: SAR_api-aarch64, task_id: 595, task_name: DASH_FFT, resource_name: cpu2, ref_start_time: 73866953817198, ref_stop_time: 73866953907798, actual_exe_time: 90600, task_app_start_time:73865913473941, task_sched_time:73866953810628
app_id: 0, app_name: SAR_api-aarch64, task_id: 596, task_name: DASH_ZIP, resource_name: cpu3, ref_start_time: 73866954420138, ref_stop_time: 73866954494298, actual_exe_time: 74160, task_app_start_time:73865913473941, task_sched_time:73866954348078
app_id: 0, app_name: SAR_api-aarch64, task_id: 597, task_name: DASH_FFT, resource_name: fft1, ref_start_time: 73866954823338, ref_stop_time: 73866954927498, actual_exe_time: 104160, task_app_start_time:73865913473941, task_sched_time:73866954812388
app_id: 0, app_name: SAR_api-aarch64, task_id: 598, task_name: DASH_FFT, resource_name: fft2, ref_start_time: 73866955095768, ref_stop_time: 73866955165278, actual_exe_time: 69510, task_app_start_time:73865913473941, task_sched_time:73866955091958
app_id: 0, app_name: SAR_api-aarch64, task_id: 599, task_name: DASH_ZIP, resource_name: zip1, ref_start_time: 73866955706448, ref_stop_time: 73866955823028, actual_exe_time: 116580, task_app_start_time:73865913473941, task_sched_time:73866955694718
app_id: 0, app_name: SAR_api-aarch64, task_id: 600, task_name: DASH_FFT, resource_name: cpu1, ref_start_time: 73866956229498, ref_stop_time: 73866956317938, actual_exe_time: 88440, task_app_start_time:73865913473941, task_sched_time:73866956222478
app_id: 0, app_name: SAR_api-aarch64, task_id: 601, task_name: DASH_FFT, resource_name: cpu2, ref_start_time: 73866956675688, ref_stop_time: 73866956765598, actual_exe_time: 89910, task_app_start_time:73865913473941, task_sched_time:73866956666958
app_id: 0, app_name: SAR_api-aarch64, task_id: 602, task_name: DASH_ZIP, resource_name: cpu3, ref_start_time: 73866957182718, ref_stop_time: 73866957257208, actual_exe_time: 74490, task_app_start_time:73865913473941, task_sched_time:73866957171618
app_id: 0, app_name: SAR_api-aarch64, task_id: 603, task_name: DASH_FFT, resource_name: fft1, ref_start_time: 73866957612829, ref_stop_time: 73866957718519, actual_exe_time: 105690, task_app_start_time:73865913473941, task_sched_time:73866957609409
app_id: 0, app_name: SAR_api-aarch64, task_id: 604, task_name: DASH_FFT, resource_name: fft2, ref_start_time: 73866958078879, ref_stop_time: 73866958149499, actual_exe_time: 70620, task_app_start_time:73865913473941, task_sched_time:73866958071259
app_id: 0, app_name: SAR_api-aarch64, task_id: 605, task_name: DASH_ZIP, resource_name: zip1, ref_start_time: 73866958538179, ref_stop_time: 73866958654789, actual_exe_time: 116610, task_app_start_time:73865913473941, task_sched_time:73866958534639
app_id: 0, app_name: SAR_api-aarch64, task_id: 606, task_name: DASH_FFT, resource_name: cpu1, ref_start_time: 73866958916329, ref_stop_time: 73866959005849, actual_exe_time: 89520, task_app_start_time:73865913473941, task_sched_time:73866958905259
app_id: 0, app_name: SAR_api-aarch64, task_id: 607, task_name: DASH_FFT, resource_name: cpu2, ref_start_time: 73866959482279, ref_stop_time: 73866959571709, actual_exe_time: 89430, task_app_start_time:73865913473941, task_sched_time:73866959476489
app_id: 0, app_name: SAR_api-aarch64, task_id: 608, task_name: DASH_ZIP, resource_name: cpu3, ref_start_time: 73866959988799, ref_stop_time: 73866960063409, actual_exe_time: 74610, task_app_start_time:73865913473941, task_sched_time:73866959957929
app_id: 0, app_name: SAR_api-aarch64, task_id: 609, task_name: DASH_FFT, resource_name: fft1, ref_start_time: 73866960383329, ref_stop_time: 73866960487519, actual_exe_time: 104190, task_app_start_time:73865913473941, task_sched_time:73866960373489
app_id: 0, app_name: SAR_api-aarch64, task_id: 610, task_name: DASH_FFT, resource_name: fft2, ref_start_time: 73866960829969, ref_stop_time: 73866960899389, actual_exe_time: 69420, task_app_start_time:73865913473941, task_sched_time:73866960820909
app_id: 0, app_name: SAR_api-aarch64, task_id: 611, task_name: DASH_ZIP, resource_name: zip1, ref_start_time: 73866961312609, ref_stop_time: 73866961429399, actual_exe_time: 116790, task_app_start_time:73865913473941, task_sched_time:73866961293289
app_id: 0, app_name: SAR_api-aarch64, task_id: 612, task_name: DASH_FFT, resource_name: cpu1, ref_start_time: 73866961840099, ref_stop_time: 73866961930189, actual_exe_time: 90090, task_app_start_time:73865913473941, task_sched_time:73866961831669
app_id: 0, app_name: SAR_api-aarch64, task_id: 613, task_name: DASH_FFT, resource_name: cpu2, ref_start_time: 73866962185999, ref_stop_time: 73866962276479, actual_exe_time: 90480, task_app_start_time:73865913473941, task_sched_time:73866962181709
app_id: 0, app_name: SAR_api-aarch64, task_id: 614, task_name: DASH_ZIP, resource_name: cpu3, ref_start_time: 73866962790169, ref_stop_time: 73866962864599, actual_exe_time: 74430, task_app_start_time:73865913473941, task_sched_time:73866962739619
app_id: 0, app_name: SAR_api-aarch64, task_id: 615, task_name: DASH_FFT, resource_name: fft1, ref_start_time: 73866963117199, ref_stop_time: 73866963221299, actual_exe_time: 104100, task_app_start_time:73865913473941, task_sched_time:73866963111679
app_id: 0, app_name: SAR_api-aarch64, task_id: 616, task_name: DASH_FFT, resource_name: fft2, ref_start_time: 73866963648800, ref_stop_time: 73866963718160, actual_exe_time: 69360, task_app_start_time:73865913473941, task_sched_time:73866963641480
app_id: 0, app_name: SAR_api-aarch64, task_id: 617, task_name: DASH_ZIP, resource_name: zip1, ref_start_time: 73866964077170, ref_stop_time: 73866964193540, actual_exe_time: 116370, task_app_start_time:73865913473941, task_sched_time:73866964067750
app_id: 0, app_name: SAR_api-aarch64, task_id: 618, task_name: DASH_FFT, resource_name: cpu1, ref_start_time: 73866964683530, ref_stop_time: 73866964772060, actual_exe_time: 88530, task_app_start_time:73865913473941, task_sched_time:73866964676660
app_id: 0, app_name: SAR_api-aarch64, task_id: 619, task_name: DASH_FFT, resource_name: cpu2, ref_start_time: 73866965008760, ref_stop_time: 73866965099090, actual_exe_time: 90330, task_app_start_time:73865913473941, task_sched_time:73866965000300
app_id: 0, app_name: SAR_api-aarch64, task_id: 620, task_name: DASH_ZIP, resource_name: cpu3, ref_start_time: 73866965610230, ref_stop_time: 73866965684810, actual_exe_time: 74580, task_app_start_time:73865913473941, task_sched_time:73866965575520
app_id: 0, app_name: SAR_api-aarch64, task_id: 621, task_name: DASH_FFT, resource_name: fft1, ref_start_time: 73866965824940, ref_stop_time: 73866965939180, actual_exe_time: 114240, task_app_start_time:73865913473941, task_sched_time:73866965821670
app_id: 0, app_name: SAR_api-aarch64, task_id: 622, task_name: DASH_FFT, resource_name: fft2, ref_start_time: 73866966407420, ref_stop_time: 73866966478970, actual_exe_time: 71550, task_app_start_time:73865913473941, task_sched_time:73866966400220
app_id: 0, app_name: SAR_api-aarch64, task_id: 623, task_name: DASH_ZIP, resource_name: zip1, ref_start_time: 73866966882320, ref_stop_time: 73866966998660, actual_exe_time: 116340, task_app_start_time:73865913473941, task_sched_time:73866966871400
app_id: 0, app_name: SAR_api-aarch64, task_id: 624, task_name: DASH_FFT, resource_name: cpu1, ref_start_time: 73866967408220, ref_stop_time: 73866967497890, actual_exe_time: 89670, task_app_start_time:73865913473941, task_sched_time:73866967401200
app_id: 0, app_name: SAR_api-aarch64, task_id: 625, task_name: DASH_FFT, resource_name: cpu2, ref_start_time: 73866967821260, ref_stop_time: 73866967911170, actual_exe_time: 89910, task_app_start_time:73865913473941, task_sched_time:73866967817810
app_id: 0, app_name: SAR_api-aarch64, task_id: 626, task_name: DASH_ZIP, resource_name: cpu3, ref_start_time: 73866968319890, ref_stop_time: 73866968394350, actual_exe_time: 74460, task_app_start_time:73865913473941, task_sched_time:73866968308970
app_id: 0, app_name: SAR_api-aarch64, task_id: 627, task_name: DASH_FFT, resource_name: fft1, ref_start_time: 73866968712290, ref_stop_time: 73866968816300, actual_exe_time: 104010, task_app_start_time:73865913473941, task_sched_time:73866968708750
app_id: 0, app_name: SAR_api-aarch64, task_id: 628, task_name: DASH_FFT, resource_name: fft2, ref_start_time: 73866969068750, ref_stop_time: 73866969139640, actual_exe_time: 70890, task_app_start_time:73865913473941, task_sched_time:73866969063320
app_id: 0, app_name: SAR_api-aarch64, task_id: 629, task_name: DASH_ZIP, resource_name: zip1, ref_start_time: 73866969679160, ref_stop_time: 73866969795861, actual_exe_time: 116701, task_app_start_time:73865913473941, task_sched_time:73866969629210
app_id: 0, app_name: SAR_api-aarch64, task_id: 630, task_name: DASH_FFT, resource_name: cpu1, ref_start_time: 73866970180671, ref_stop_time: 73866970270311, actual_exe_time: 89640, task_app_start_time:73865913473941, task_sched_time:73866970171731
app_id: 0, app_name: SAR_api-aarch64, task_id: 631, task_name: DASH_FFT, resource_name: cpu2, ref_start_time: 73866970520901, ref_stop_time: 73866970619421, actual_exe_time: 98520, task_app_start_time:73865913473941, task_sched_time:73866970516881
app_id: 0, app_name: SAR_api-aarch64, task_id: 632, task_name: DASH_ZIP, resource_name: cpu3, ref_start_time: 73866971093781, ref_stop_time: 73866971168121, actual_exe_time: 74340, task_app_start_time:73865913473941, task_sched_time:73866971090991
app_id: 0, app_name: SAR_api-aarch64, task_id: 633, task_name: DASH_FFT, resource_name: fft1, ref_start_time: 73866971345721, ref_stop_time: 73866971453061, actual_exe_time: 107340, task_app_start_time:73865913473941, task_sched_time:73866971333511
app_id: 0, app_name: SAR_api-aarch64, task_id: 634, task_name: DASH_FFT, resource_name: fft2, ref_start_time: 73866971952951, ref_stop_time: 73866972020661, actual_exe_time: 67710, task_app_start_time:73865913473941, task_sched_time:73866971948361
app_id: 0, app_name: SAR_api-aarch64, task_id: 635, task_name: DASH_ZIP, resource_name: zip1, ref_start_time: 73866972432381, ref_stop_time: 73866972548781, actual_exe_time: 116400, task_app_start_time:73865913473941, task_sched_time:73866972418461
app_id: 0, app_name: SAR_api-aarch64, task_id: 636, task_name: DASH_FFT, resource_name: cpu1, ref_start_time: 73866972943221, ref_stop_time: 73866973032081, actual_exe_time: 88860, task_app_start_time:73865913473941, task_sched_time:73866972936531
app_id: 0, app_name: SAR_api-aarch64, task_id: 637, task_name: DASH_FFT, resource_name: cpu2, ref_start_time: 73866973449651, ref_stop_time: 73866973539741, actual_exe_time: 90090, task_app_start_time:73865913473941, task_sched_time:73866973445451
app_id: 0, app_name: SAR_api-aarch64, task_id: 638, task_name: DASH_ZIP, resource_name: cpu3, ref_start_time: 73866974014851, ref_stop_time: 73866974089311, actual_exe_time: 74460, task_app_start_time:73865913473941, task_sched_time:73866973961151
app_id: 0, app_name: SAR_api-aarch64, task_id: 639, task_name: DASH_FFT, resource_name: fft1, ref_start_time: 73866974437941, ref_stop_time: 73866974542581, actual_exe_time: 104640, task_app_start_time:73865913473941, task_sched_time:73866974431011
app_id: 0, app_name: SAR_api-aarch64, task_id: 640, task_name: DASH_FFT, resource_name: fft2, ref_start_time: 73866974891001, ref_stop_time: 73866974959251, actual_exe_time: 68250, task_app_start_time:73865913473941, task_sched_time:73866974888181
app_id: 0, app_name: SAR_api-aarch64, task_id: 641, task_name: DASH_ZIP, resource_name: zip1, ref_start_time: 73866975196791, ref_stop_time: 73866975313311, actual_exe_time: 116520, task_app_start_time:73865913473941, task_sched_time:73866975153291
app_id: 0, app_name: SAR_api-aarch64, task_id: 642, task_name: DASH_FFT, resource_name: cpu1, ref_start_time: 73866975939981, ref_stop_time: 73866976029322, actual_exe_time: 89341, task_app_start_time:73865913473941, task_sched_time:73866975932571
app_id: 0, app_name: SAR_api-aarch64, task_id: 643, task_name: DASH_FFT, resource_name: cpu2, ref_start_time: 73866976349122, ref_stop_time: 73866976438282, actual_exe_time: 89160, task_app_start_time:73865913473941, task_sched_time:73866976346392
app_id: 0, app_name: SAR_api-aarch64, task_id: 644, task_name: DASH_ZIP, resource_name: cpu3, ref_start_time: 73866976842442, ref_stop_time: 73866976917082, actual_exe_time: 74640, task_app_start_time:73865913473941, task_sched_time:73866976838932
app_id: 0, app_name: SAR_api-aarch64, task_id: 645, task_name: DASH_FFT, resource_name: fft1, ref_start_time: 73866977273782, ref_stop_time: 73866977378842, actual_exe_time: 105060, task_app_start_time:73865913473941, task_sched_time:73866977270962
app_id: 0, app_name: SAR_api-aarch64, task_id: 646, task_name: DASH_FFT, resource_name: fft2, ref_start_time: 73866977702422, ref_stop_time: 73866977771062, actual_exe_time: 68640, task_app_start_time:73865913473941, task_sched_time:73866977694892
app_id: 0, app_name: SAR_api-aarch64, task_id: 647, task_name: DASH_ZIP, resource_name: zip1, ref_start_time: 73866978185482, ref_stop_time: 73866978302332, actual_exe_time: 116850, task_app_start_time:73865913473941, task_sched_time:73866978174142
app_id: 0, app_name: SAR_api-aarch64, task_id: 648, task_name: DASH_FFT, resource_name: cpu1, ref_start_time: 73866978719272, ref_stop_time: 73866978808132, actual_exe_time: 88860, task_app_start_time:73865913473941, task_sched_time:73866978706192
app_id: 0, app_name: SAR_api-aarch64, task_id: 649, task_name: DASH_FFT, resource_name: cpu2, ref_start_time: 73866979168462, ref_stop_time: 73866979258192, actual_exe_time: 89730, task_app_start_time:73865913473941, task_sched_time:73866979160152
app_id: 0, app_name: SAR_api-aarch64, task_id: 650, task_name: DASH_ZIP, resource_name: cpu3, ref_start_time: 73866980004202, ref_stop_time: 73866980078932, actual_exe_time: 74730, task_app_start_time:73865913473941, task_sched_time:73866979995322
app_id: 0, app_name: SAR_api-aarch64, task_id: 651, task_name: DASH_FFT, resource_name: fft1, ref_start_time: 73866980593792, ref_stop_time: 73866980698162, actual_exe_time: 104370, task_app_start_time:73865913473941, task_sched_time:73866980588332
app_id: 0, app_name: SAR_api-aarch64, task_id: 652, task_name: DASH_FFT, resource_name: fft2, ref_start_time: 73866980922532, ref_stop_time: 73866981284392, actual_exe_time: 361860, task_app_start_time:73865913473941, task_sched_time:73866980914342
app_id: 0, app_name: SAR_api-aarch64, task_id: 653, task_name: DASH_ZIP, resource_name: zip1, ref_start_time: 73866981560002, ref_stop_time: 73866981677722, actual_exe_time: 117720, task_app_start_time:73865913473941, task_sched_time:73866981532402
app_id: 0, app_name: SAR_api-aarch64, task_id: 654, task_name: DASH_FFT, resource_name: cpu1, ref_start_time: 73866982044442, ref_stop_time: 73866982133722, actual_exe_time: 89280, task_app_start_time:73865913473941, task_sched_time:73866982041172
app_id: 0, app_name: SAR_api-aarch64, task_id: 655, task_name: DASH_FFT, resource_name: cpu2, ref_start_time: 73866982457303, ref_stop_time: 73866982547663, actual_exe_time: 90360, task_app_start_time:73865913473941, task_sched_time:73866982453403
app_id: 0, app_name: SAR_api-aarch64, task_id: 656, task_name: DASH_ZIP, resource_name: cpu3, ref_start_time: 73866982940333, ref_stop_time: 73866983014733, actual_exe_time: 74400, task_app_start_time:73865913473941, task_sched_time:73866982934423
app_id: 0, app_name: SAR_api-aarch64, task_id: 657, task_name: DASH_FFT, resource_name: fft1, ref_start_time: 73866983345543, ref_stop_time: 73866983450543, actual_exe_time: 105000, task_app_start_time:73865913473941, task_sched_time:73866983335703
app_id: 0, app_name: SAR_api-aarch64, task_id: 658, task_name: DASH_FFT, resource_name: fft2, ref_start_time: 73866983699813, ref_stop_time: 73866983769203, actual_exe_time: 69390, task_app_start_time:73865913473941, task_sched_time:73866983696633
app_id: 0, app_name: SAR_api-aarch64, task_id: 659, task_name: DASH_ZIP, resource_name: zip1, ref_start_time: 73866984274823, ref_stop_time: 73866984391643, actual_exe_time: 116820, task_app_start_time:73865913473941, task_sched_time:73866984268973
app_id: 0, app_name: SAR_api-aarch64, task_id: 660, task_name: DASH_FFT, resource_name: cpu1, ref_start_time: 73866984645803, ref_stop_time: 73866984735233, actual_exe_time: 89430, task_app_start_time:73865913473941, task_sched_time:73866984634163
app_id: 0, app_name: SAR_api-aarch64, task_id: 661, task_name: DASH_FFT, resource_name: cpu2, ref_start_time: 73866985140053, ref_stop_time: 73866985229663, actual_exe_time: 89610, task_app_start_time:73865913473941, task_sched_time:73866985130453
app_id: 0, app_name: SAR_api-aarch64, task_id: 662, task_name: DASH_ZIP, resource_name: cpu3, ref_start_time: 73866985503773, ref_stop_time: 73866985578203, actual_exe_time: 74430, task_app_start_time:73865913473941, task_sched_time:73866985417193
app_id: 0, app_name: SAR_api-aarch64, task_id: 663, task_name: DASH_FFT, resource_name: fft1, ref_start_time: 73866986093933, ref_stop_time: 73866986199383, actual_exe_time: 105450, task_app_start_time:73865913473941, task_sched_time:73866986081453
app_id: 0, app_name: SAR_api-aarch64, task_id: 664, task_name: DASH_FFT, resource_name: fft2, ref_start_time: 73866986538863, ref_stop_time: 73866986607743, actual_exe_time: 68880, task_app_start_time:73865913473941, task_sched_time:73866986535653
app_id: 0, app_name: SAR_api-aarch64, task_id: 665, task_name: DASH_ZIP, resource_name: zip1, ref_start_time: 73866987025223, ref_stop_time: 73866987146423, actual_exe_time: 121200, task_app_start_time:73865913473941, task_sched_time:73866986992373
app_id: 0, app_name: SAR_api-aarch64, task_id: 666, task_name: DASH_FFT, resource_name: cpu1, ref_start_time: 73866989810784, ref_stop_time: 73866989927364, actual_exe_time: 116580, task_app_start_time:73865913473941, task_sched_time:73866989799354
app_id: 0, app_name: SAR_api-aarch64, task_id: 667, task_name: DASH_FFT, resource_name: cpu2, ref_start_time: 73866990188304, ref_stop_time: 73866990491574, actual_exe_time: 303270, task_app_start_time:73865913473941, task_sched_time:73866990141774
app_id: 0, app_name: SAR_api-aarch64, task_id: 668, task_name: DASH_ZIP, resource_name: cpu3, ref_start_time: 73866990784134, ref_stop_time: 73866990859434, actual_exe_time: 75300, task_app_start_time:73865913473941, task_sched_time:73866990769134
app_id: 0, app_name: SAR_api-aarch64, task_id: 669, task_name: DASH_FFT, resource_name: fft1, ref_start_time: 73866991179114, ref_stop_time: 73866991286724, actual_exe_time: 107610, task_app_start_time:73865913473941, task_sched_time:73866991173774
app_id: 0, app_name: SAR_api-aarch64, task_id: 670, task_name: DASH_FFT, resource_name: fft2, ref_start_time: 73866991520514, ref_stop_time: 73866991589904, actual_exe_time: 69390, task_app_start_time:73865913473941, task_sched_time:73866991511214
app_id: 0, app_name: SAR_api-aarch64, task_id: 671, task_name: DASH_ZIP, resource_name: zip1, ref_start_time: 73866992058714, ref_stop_time: 73866992176824, actual_exe_time: 118110, task_app_start_time:73865913473941, task_sched_time:73866992052114
app_id: 0, app_name: SAR_api-aarch64, task_id: 672, task_name: DASH_FFT, resource_name: cpu1, ref_start_time: 73866992699484, ref_stop_time: 73866992788434, actual_exe_time: 88950, task_app_start_time:73865913473941, task_sched_time:73866992693784
app_id: 0, app_name: SAR_api-aarch64, task_id: 673, task_name: DASH_FFT, resource_name: cpu2, ref_start_time: 73866993242844, ref_stop_time: 73866993352734, actual_exe_time: 109890, task_app_start_time:73865913473941, task_sched_time:73866993236454
app_id: 0, app_name: SAR_api-aarch64, task_id: 674, task_name: DASH_ZIP, resource_name: cpu3, ref_start_time: 73866993711174, ref_stop_time: 73866993786054, actual_exe_time: 74880, task_app_start_time:73865913473941, task_sched_time:73866993705924
app_id: 0, app_name: SAR_api-aarch64, task_id: 675, task_name: DASH_FFT, resource_name: fft1, ref_start_time: 73866994163394, ref_stop_time: 73866994267584, actual_exe_time: 104190, task_app_start_time:73865913473941, task_sched_time:73866994158384
app_id: 0, app_name: SAR_api-aarch64, task_id: 676, task_name: DASH_FFT, resource_name: fft2, ref_start_time: 73866994566624, ref_stop_time: 73866994635265, actual_exe_time: 68641, task_app_start_time:73865913473941, task_sched_time:73866994557624
app_id: 0, app_name: SAR_api-aarch64, task_id: 677, task_name: DASH_ZIP, resource_name: zip1, ref_start_time: 73866995145745, ref_stop_time: 73866995262295, actual_exe_time: 116550, task_app_start_time:73865913473941, task_sched_time:73866995142325
app_id: 0, app_name: SAR_api-aarch64, task_id: 678, task_name: DASH_FFT, resource_name: cpu1, ref_start_time: 73866995646055, ref_stop_time: 73866995735395, actual_exe_time: 89340, task_app_start_time:73865913473941, task_sched_time:73866995633605
app_id: 0, app_name: SAR_api-aarch64, task_id: 679, task_name: DASH_FFT, resource_name: cpu2, ref_start_time: 73866996151225, ref_stop_time: 73866996240415, actual_exe_time: 89190, task_app_start_time:73865913473941, task_sched_time:73866996142135
app_id: 0, app_name: SAR_api-aarch64, task_id: 680, task_name: DASH_ZIP, resource_name: cpu3, ref_start_time: 73866996463915, ref_stop_time: 73866996538195, actual_exe_time: 74280, task_app_start_time:73865913473941, task_sched_time:73866996458035
app_id: 0, app_name: SAR_api-aarch64, task_id: 681, task_name: DASH_FFT, resource_name: fft1, ref_start_time: 73866997059715, ref_stop_time: 73866997163545, actual_exe_time: 103830, task_app_start_time:73865913473941, task_sched_time:73866997056655
app_id: 0, app_name: SAR_api-aarch64, task_id: 682, task_name: DASH_FFT, resource_name: fft2, ref_start_time: 73866997531015, ref_stop_time: 73866997601065, actual_exe_time: 70050, task_app_start_time:73865913473941, task_sched_time:73866997521355
app_id: 0, app_name: SAR_api-aarch64, task_id: 683, task_name: DASH_ZIP, resource_name: zip1, ref_start_time: 73866998005885, ref_stop_time: 73866998122225, actual_exe_time: 116340, task_app_start_time:73865913473941, task_sched_time:73866997995085
app_id: 0, app_name: SAR_api-aarch64, task_id: 684, task_name: DASH_FFT, resource_name: cpu1, ref_start_time: 73866998547595, ref_stop_time: 73866998637925, actual_exe_time: 90330, task_app_start_time:73865913473941, task_sched_time:73866998533945
app_id: 0, app_name: SAR_api-aarch64, task_id: 685, task_name: DASH_FFT, resource_name: cpu2, ref_start_time: 73866998958175, ref_stop_time: 73866999049135, actual_exe_time: 90960, task_app_start_time:73865913473941, task_sched_time:73866998954005
app_id: 0, app_name: SAR_api-aarch64, task_id: 686, task_name: DASH_ZIP, resource_name: cpu3, ref_start_time: 73866999464095, ref_stop_time: 73866999538585, actual_exe_time: 74490, task_app_start_time:73865913473941, task_sched_time:73866999456625
app_id: 0, app_name: SAR_api-aarch64, task_id: 687, task_name: DASH_FFT, resource_name: fft1, ref_start_time: 73866999862165, ref_stop_time: 73866999967405, actual_exe_time: 105240, task_app_start_time:73865913473941, task_sched_time:73866999858505
app_id: 0, app_name: SAR_api-aarch64, task_id: 688, task_name: DASH_FFT, resource_name: fft2, ref_start_time: 73867000246705, ref_stop_time: 73867000317445, actual_exe_time: 70740, task_app_start_time:73865913473941, task_sched_time:73867000237615
app_id: 0, app_name: SAR_api-aarch64, task_id: 689, task_name: DASH_ZIP, resource_name: zip1, ref_start_time: 73867000868786, ref_stop_time: 73867000985456, actual_exe_time: 116670, task_app_start_time:73865913473941, task_sched_time:73867000865576
app_id: 0, app_name: SAR_api-aarch64, task_id: 690, task_name: DASH_FFT, resource_name: cpu1, ref_start_time: 73867001439926, ref_stop_time: 73867001529176, actual_exe_time: 89250, task_app_start_time:73865913473941, task_sched_time:73867001426756
app_id: 0, app_name: SAR_api-aarch64, task_id: 691, task_name: DASH_FFT, resource_name: cpu2, ref_start_time: 73867001857856, ref_stop_time: 73867001947586, actual_exe_time: 89730, task_app_start_time:73865913473941, task_sched_time:73867001851736
app_id: 0, app_name: SAR_api-aarch64, task_id: 692, task_name: DASH_ZIP, resource_name: cpu3, ref_start_time: 73867002350186, ref_stop_time: 73867002424796, actual_exe_time: 74610, task_app_start_time:73865913473941, task_sched_time:73867002341636
app_id: 0, app_name: SAR_api-aarch64, task_id: 693, task_name: DASH_FFT, resource_name: fft1, ref_start_time: 73867002754526, ref_stop_time: 73867002859736, actual_exe_time: 105210, task_app_start_time:73865913473941, task_sched_time:73867002742856
app_id: 0, app_name: SAR_api-aarch64, task_id: 694, task_name: DASH_FFT, resource_name: fft2, ref_start_time: 73867003183646, ref_stop_time: 73867003253606, actual_exe_time: 69960, task_app_start_time:73865913473941, task_sched_time:73867003180226
app_id: 0, app_name: SAR_api-aarch64, task_id: 695, task_name: DASH_ZIP, resource_name: zip1, ref_start_time: 73867003670756, ref_stop_time: 73867003787486, actual_exe_time: 116730, task_app_start_time:73865913473941, task_sched_time:73867003667576
app_id: 0, app_name: SAR_api-aarch64, task_id: 696, task_name: DASH_FFT, resource_name: cpu1, ref_start_time: 73867004042156, ref_stop_time: 73867004130806, actual_exe_time: 88650, task_app_start_time:73865913473941, task_sched_time:73867004039786
app_id: 0, app_name: SAR_api-aarch64, task_id: 697, task_name: DASH_FFT, resource_name: cpu2, ref_start_time: 73867004592206, ref_stop_time: 73867004682506, actual_exe_time: 90300, task_app_start_time:73865913473941, task_sched_time:73867004587556
app_id: 0, app_name: SAR_api-aarch64, task_id: 698, task_name: DASH_ZIP, resource_name: cpu3, ref_start_time: 73867005079556, ref_stop_time: 73867005154106, actual_exe_time: 74550, task_app_start_time:73865913473941, task_sched_time:73867005073226
app_id: 0, app_name: SAR_api-aarch64, task_id: 699, task_name: DASH_FFT, resource_name: fft1, ref_start_time: 73867005550286, ref_stop_time: 73867005657086, actual_exe_time: 106800, task_app_start_time:73865913473941, task_sched_time:73867005547286
app_id: 0, app_name: SAR_api-aarch64, task_id: 700, task_name: DASH_FFT, resource_name: fft2, ref_start_time: 73867006024856, ref_stop_time: 73867006094606, actual_exe_time: 69750, task_app_start_time:73865913473941, task_sched_time:73867006019726
app_id: 0, app_name: SAR_api-aarch64, task_id: 701, task_name: DASH_ZIP, resource_name: zip1, ref_start_time: 73867006508606, ref_stop_time: 73867006625396, actual_exe_time: 116790, task_app_start_time:73865913473941, task_sched_time:73867006501976
app_id: 0, app_name: SAR_api-aarch64, task_id: 702, task_name: DASH_FFT, resource_name: cpu1, ref_start_time: 73867006992266, ref_stop_time: 73867007081157, actual_exe_time: 88891, task_app_start_time:73865913473941, task_sched_time:73867006982726
app_id: 0, app_name: SAR_api-aarch64, task_id: 703, task_name: DASH_FFT, resource_name: cpu2, ref_start_time: 73867007228937, ref_stop_time: 73867007319177, actual_exe_time: 90240, task_app_start_time:73865913473941, task_sched_time:73867007220897
app_id: 0, app_name: SAR_api-aarch64, task_id: 704, task_name: DASH_ZIP, resource_name: cpu3, ref_start_time: 73867007667477, ref_stop_time: 73867007741787, actual_exe_time: 74310, task_app_start_time:73865913473941, task_sched_time:73867007664897
app_id: 0, app_name: SAR_api-aarch64, task_id: 705, task_name: DASH_FFT, resource_name: fft1, ref_start_time: 73867008298557, ref_stop_time: 73867008403377, actual_exe_time: 104820, task_app_start_time:73865913473941, task_sched_time:73867008294747
app_id: 0, app_name: SAR_api-aarch64, task_id: 706, task_name: DASH_FFT, resource_name: fft2, ref_start_time: 73867008777957, ref_stop_time: 73867008846687, actual_exe_time: 68730, task_app_start_time:73865913473941, task_sched_time:73867008774477
app_id: 0, app_name: SAR_api-aarch64, task_id: 707, task_name: DASH_ZIP, resource_name: zip1, ref_start_time: 73867009254987, ref_stop_time: 73867009371897, actual_exe_time: 116910, task_app_start_time:73865913473941, task_sched_time:73867009250427
app_id: 0, app_name: SAR_api-aarch64, task_id: 708, task_name: DASH_FFT, resource_name: cpu1, ref_start_time: 73867009771467, ref_stop_time: 73867009860807, actual_exe_time: 89340, task_app_start_time:73865913473941, task_sched_time:73867009762707
app_id: 0, app_name: SAR_api-aarch64, task_id: 709, task_name: DASH_FFT, resource_name: cpu2, ref_start_time: 73867010193177, ref_stop_time: 73867010282757, actual_exe_time: 89580, task_app_start_time:73865913473941, task_sched_time:73867010184297
app_id: 0, app_name: SAR_api-aarch64, task_id: 710, task_name: DASH_ZIP, resource_name: cpu3, ref_start_time: 73867010694717, ref_stop_time: 73867010769237, actual_exe_time: 74520, task_app_start_time:73865913473941, task_sched_time:73867010681727
app_id: 0, app_name: SAR_api-aarch64, task_id: 711, task_name: DASH_FFT, resource_name: fft1, ref_start_time: 73867011120717, ref_stop_time: 73867011231747, actual_exe_time: 111030, task_app_start_time:73865913473941, task_sched_time:73867011107007
app_id: 0, app_name: SAR_api-aarch64, task_id: 712, task_name: DASH_FFT, resource_name: fft2, ref_start_time: 73867011505677, ref_stop_time: 73867011575307, actual_exe_time: 69630, task_app_start_time:73865913473941, task_sched_time:73867011498837
app_id: 0, app_name: SAR_api-aarch64, task_id: 713, task_name: DASH_ZIP, resource_name: zip1, ref_start_time: 73867012134957, ref_stop_time: 73867012252407, actual_exe_time: 117450, task_app_start_time:73865913473941, task_sched_time:73867012092177
app_id: 0, app_name: SAR_api-aarch64, task_id: 714, task_name: DASH_FFT, resource_name: cpu1, ref_start_time: 73867012571667, ref_stop_time: 73867012662297, actual_exe_time: 90630, task_app_start_time:73865913473941, task_sched_time:73867012568427
app_id: 0, app_name: SAR_api-aarch64, task_id: 715, task_name: DASH_FFT, resource_name: cpu2, ref_start_time: 73867013113377, ref_stop_time: 73867013210517, actual_exe_time: 97140, task_app_start_time:73865913473941, task_sched_time:73867013107317
app_id: 0, app_name: SAR_api-aarch64, task_id: 716, task_name: DASH_ZIP, resource_name: cpu3, ref_start_time: 73867013388568, ref_stop_time: 73867013462938, actual_exe_time: 74370, task_app_start_time:73865913473941, task_sched_time:73867013366638
app_id: 0, app_name: SAR_api-aarch64, task_id: 717, task_name: DASH_FFT, resource_name: fft1, ref_start_time: 73867014047338, ref_stop_time: 73867014151198, actual_exe_time: 103860, task_app_start_time:73865913473941, task_sched_time:73867014034678
app_id: 0, app_name: SAR_api-aarch64, task_id: 718, task_name: DASH_FFT, resource_name: fft2, ref_start_time: 73867014481258, ref_stop_time: 73867014551338, actual_exe_time: 70080, task_app_start_time:73865913473941, task_sched_time:73867014472348
app_id: 0, app_name: SAR_api-aarch64, task_id: 719, task_name: DASH_ZIP, resource_name: zip1, ref_start_time: 73867014975538, ref_stop_time: 73867015092118, actual_exe_time: 116580, task_app_start_time:73865913473941, task_sched_time:73867014971878
app_id: 0, app_name: SAR_api-aarch64, task_id: 720, task_name: DASH_FFT, resource_name: cpu1, ref_start_time: 73867015469608, ref_stop_time: 73867015559788, actual_exe_time: 90180, task_app_start_time:73865913473941, task_sched_time:73867015460248
app_id: 0, app_name: SAR_api-aarch64, task_id: 721, task_name: DASH_FFT, resource_name: cpu2, ref_start_time: 73867015887268, ref_stop_time: 73867015977088, actual_exe_time: 89820, task_app_start_time:73865913473941, task_sched_time:73867015878268
app_id: 0, app_name: SAR_api-aarch64, task_id: 722, task_name: DASH_ZIP, resource_name: cpu3, ref_start_time: 73867016371138, ref_stop_time: 73867016445688, actual_exe_time: 74550, task_app_start_time:73865913473941, task_sched_time:73867016367178
app_id: 0, app_name: SAR_api-aarch64, task_id: 723, task_name: DASH_FFT, resource_name: fft1, ref_start_time: 73867016766208, ref_stop_time: 73867016870908, actual_exe_time: 104700, task_app_start_time:73865913473941, task_sched_time:73867016763388
app_id: 0, app_name: SAR_api-aarch64, task_id: 724, task_name: DASH_FFT, resource_name: fft2, ref_start_time: 73867017196888, ref_stop_time: 73867017266728, actual_exe_time: 69840, task_app_start_time:73865913473941, task_sched_time:73867017190768
app_id: 0, app_name: SAR_api-aarch64, task_id: 725, task_name: DASH_ZIP, resource_name: zip1, ref_start_time: 73867017686038, ref_stop_time: 73867017802498, actual_exe_time: 116460, task_app_start_time:73865913473941, task_sched_time:73867017682438
app_id: 0, app_name: SAR_api-aarch64, task_id: 726, task_name: DASH_FFT, resource_name: cpu1, ref_start_time: 73867018212478, ref_stop_time: 73867018301668, actual_exe_time: 89190, task_app_start_time:73865913473941, task_sched_time:73867018209958
app_id: 0, app_name: SAR_api-aarch64, task_id: 727, task_name: DASH_FFT, resource_name: cpu2, ref_start_time: 73867018473028, ref_stop_time: 73867018564318, actual_exe_time: 91290, task_app_start_time:73865913473941, task_sched_time:73867018469848
app_id: 0, app_name: SAR_api-aarch64, task_id: 728, task_name: DASH_ZIP, resource_name: cpu3, ref_start_time: 73867019103958, ref_stop_time: 73867019178328, actual_exe_time: 74370, task_app_start_time:73865913473941, task_sched_time:73867019101408
app_id: 0, app_name: SAR_api-aarch64, task_id: 729, task_name: DASH_FFT, resource_name: fft1, ref_start_time: 73867019515019, ref_stop_time: 73867019619059, actual_exe_time: 104040, task_app_start_time:73865913473941, task_sched_time:73867019503979
app_id: 0, app_name: SAR_api-aarch64, task_id: 730, task_name: DASH_FFT, resource_name: fft2, ref_start_time: 73867019945849, ref_stop_time: 73867020014249, actual_exe_time: 68400, task_app_start_time:73865913473941, task_sched_time:73867019938649
app_id: 0, app_name: SAR_api-aarch64, task_id: 731, task_name: DASH_ZIP, resource_name: zip1, ref_start_time: 73867020420599, ref_stop_time: 73867020537539, actual_exe_time: 116940, task_app_start_time:73865913473941, task_sched_time:73867020408689
app_id: 0, app_name: SAR_api-aarch64, task_id: 732, task_name: DASH_FFT, resource_name: cpu1, ref_start_time: 73867020910169, ref_stop_time: 73867020998759, actual_exe_time: 88590, task_app_start_time:73865913473941, task_sched_time:73867020901019
app_id: 0, app_name: SAR_api-aarch64, task_id: 733, task_name: DASH_FFT, resource_name: cpu2, ref_start_time: 73867021396919, ref_stop_time: 73867021486049, actual_exe_time: 89130, task_app_start_time:73865913473941, task_sched_time:73867021394069
app_id: 0, app_name: SAR_api-aarch64, task_id: 734, task_name: DASH_ZIP, resource_name: cpu3, ref_start_time: 73867021834709, ref_stop_time: 73867021908959, actual_exe_time: 74250, task_app_start_time:73865913473941, task_sched_time:73867021825589
app_id: 0, app_name: SAR_api-aarch64, task_id: 735, task_name: DASH_FFT, resource_name: fft1, ref_start_time: 73867022351609, ref_stop_time: 73867022455829, actual_exe_time: 104220, task_app_start_time:73865913473941, task_sched_time:73867022344229
app_id: 0, app_name: SAR_api-aarch64, task_id: 736, task_name: DASH_FFT, resource_name: fft2, ref_start_time: 73867022609519, ref_stop_time: 73867022678279, actual_exe_time: 68760, task_app_start_time:73865913473941, task_sched_time:73867022600309
app_id: 0, app_name: SAR_api-aarch64, task_id: 737, task_name: DASH_ZIP, resource_name: zip1, ref_start_time: 73867023237959, ref_stop_time: 73867023354689, actual_exe_time: 116730, task_app_start_time:73865913473941, task_sched_time:73867023230249
app_id: 0, app_name: SAR_api-aarch64, task_id: 738, task_name: DASH_FFT, resource_name: cpu1, ref_start_time: 73867023765029, ref_stop_time: 73867023853859, actual_exe_time: 88830, task_app_start_time:73865913473941, task_sched_time:73867023761549
app_id: 0, app_name: SAR_api-aarch64, task_id: 739, task_name: DASH_FFT, resource_name: cpu2, ref_start_time: 73867024193969, ref_stop_time: 73867024285679, actual_exe_time: 91710, task_app_start_time:73865913473941, task_sched_time:73867024187759
app_id: 0, app_name: SAR_api-aarch64, task_id: 740, task_name: DASH_ZIP, resource_name: cpu3, ref_start_time: 73867024695899, ref_stop_time: 73867024770179, actual_exe_time: 74280, task_app_start_time:73865913473941, task_sched_time:73867024691009
app_id: 0, app_name: SAR_api-aarch64, task_id: 741, task_name: DASH_FFT, resource_name: fft1, ref_start_time: 73867025001689, ref_stop_time: 73867025108219, actual_exe_time: 106530, task_app_start_time:73865913473941, task_sched_time:73867024992839
app_id: 0, app_name: SAR_api-aarch64, task_id: 742, task_name: DASH_FFT, resource_name: fft2, ref_start_time: 73867025435279, ref_stop_time: 73867025505179, actual_exe_time: 69900, task_app_start_time:73865913473941, task_sched_time:73867025431349
app_id: 0, app_name: SAR_api-aarch64, task_id: 743, task_name: DASH_ZIP, resource_name: zip1, ref_start_time: 73867025863620, ref_stop_time: 73867025980380, actual_exe_time: 116760, task_app_start_time:73865913473941, task_sched_time:73867025856420
app_id: 0, app_name: SAR_api-aarch64, task_id: 744, task_name: DASH_FFT, resource_name: cpu1, ref_start_time: 73867026467460, ref_stop_time: 73867026557040, actual_exe_time: 89580, task_app_start_time:73865913473941, task_sched_time:73867026462210
app_id: 0, app_name: SAR_api-aarch64, task_id: 745, task_name: DASH_FFT, resource_name: cpu2, ref_start_time: 73867026813210, ref_stop_time: 73867026902850, actual_exe_time: 89640, task_app_start_time:73865913473941, task_sched_time:73867026803910
app_id: 0, app_name: SAR_api-aarch64, task_id: 746, task_name: DASH_ZIP, resource_name: cpu3, ref_start_time: 73867027382820, ref_stop_time: 73867027457430, actual_exe_time: 74610, task_app_start_time:73865913473941, task_sched_time:73867027372110
app_id: 0, app_name: SAR_api-aarch64, task_id: 747, task_name: DASH_FFT, resource_name: fft1, ref_start_time: 73867027704360, ref_stop_time: 73867027808370, actual_exe_time: 104010, task_app_start_time:73865913473941, task_sched_time:73867027701330
app_id: 0, app_name: SAR_api-aarch64, task_id: 748, task_name: DASH_FFT, resource_name: fft2, ref_start_time: 73867028210310, ref_stop_time: 73867028280870, actual_exe_time: 70560, task_app_start_time:73865913473941, task_sched_time:73867028206650
app_id: 0, app_name: SAR_api-aarch64, task_id: 749, task_name: DASH_ZIP, resource_name: zip1, ref_start_time: 73867028523270, ref_stop_time: 73867028639790, actual_exe_time: 116520, task_app_start_time:73865913473941, task_sched_time:73867028438640
app_id: 0, app_name: SAR_api-aarch64, task_id: 750, task_name: DASH_FFT, resource_name: cpu1, ref_start_time: 73867029240930, ref_stop_time: 73867029339870, actual_exe_time: 98940, task_app_start_time:73865913473941, task_sched_time:73867029228420
app_id: 0, app_name: SAR_api-aarch64, task_id: 751, task_name: DASH_FFT, resource_name: cpu2, ref_start_time: 73867029663300, ref_stop_time: 73867029753030, actual_exe_time: 89730, task_app_start_time:73865913473941, task_sched_time:73867029660390
app_id: 0, app_name: SAR_api-aarch64, task_id: 752, task_name: DASH_ZIP, resource_name: cpu3, ref_start_time: 73867030176240, ref_stop_time: 73867030250760, actual_exe_time: 74520, task_app_start_time:73865913473941, task_sched_time:73867030140840
app_id: 0, app_name: SAR_api-aarch64, task_id: 753, task_name: DASH_FFT, resource_name: fft1, ref_start_time: 73867030584600, ref_stop_time: 73867030692720, actual_exe_time: 108120, task_app_start_time:73865913473941, task_sched_time:73867030571100
app_id: 0, app_name: SAR_api-aarch64, task_id: 754, task_name: DASH_FFT, resource_name: fft2, ref_start_time: 73867031019000, ref_stop_time: 73867031088090, actual_exe_time: 69090, task_app_start_time:73865913473941, task_sched_time:73867031009880
app_id: 0, app_name: SAR_api-aarch64, task_id: 755, task_name: DASH_ZIP, resource_name: zip1, ref_start_time: 73867031523750, ref_stop_time: 73867031640780, actual_exe_time: 117030, task_app_start_time:73865913473941, task_sched_time:73867031503650
app_id: 0, app_name: SAR_api-aarch64, task_id: 756, task_name: DASH_FFT, resource_name: cpu1, ref_start_time: 73867032008821, ref_stop_time: 73867032106231, actual_exe_time: 97410, task_app_start_time:73865913473941, task_sched_time:73867032005851
app_id: 0, app_name: SAR_api-aarch64, task_id: 757, task_name: DASH_FFT, resource_name: cpu2, ref_start_time: 73867032364111, ref_stop_time: 73867032461401, actual_exe_time: 97290, task_app_start_time:73865913473941, task_sched_time:73867032355081
app_id: 0, app_name: SAR_api-aarch64, task_id: 758, task_name: DASH_ZIP, resource_name: cpu3, ref_start_time: 73867032942931, ref_stop_time: 73867033017421, actual_exe_time: 74490, task_app_start_time:73865913473941, task_sched_time:73867032939421
app_id: 0, app_name: SAR_api-aarch64, task_id: 759, task_name: DASH_FFT, resource_name: fft1, ref_start_time: 73867033192621, ref_stop_time: 73867033306291, actual_exe_time: 113670, task_app_start_time:73865913473941, task_sched_time:73867033180921
app_id: 0, app_name: SAR_api-aarch64, task_id: 760, task_name: DASH_FFT, resource_name: fft2, ref_start_time: 73867033761691, ref_stop_time: 73867033831321, actual_exe_time: 69630, task_app_start_time:73865913473941, task_sched_time:73867033758091
app_id: 0, app_name: SAR_api-aarch64, task_id: 761, task_name: DASH_ZIP, resource_name: zip1, ref_start_time: 73867034253631, ref_stop_time: 73867034370361, actual_exe_time: 116730, task_app_start_time:73865913473941, task_sched_time:73867034209891
app_id: 0, app_name: SAR_api-aarch64, task_id: 762, task_name: DASH_FFT, resource_name: cpu1, ref_start_time: 73867034778271, ref_stop_time: 73867034868331, actual_exe_time: 90060, task_app_start_time:73865913473941, task_sched_time:73867034768221
app_id: 0, app_name: SAR_api-aarch64, task_id: 763, task_name: DASH_FFT, resource_name: cpu2, ref_start_time: 73867035223081, ref_stop_time: 73867035312841, actual_exe_time: 89760, task_app_start_time:73865913473941, task_sched_time:73867035216331
app_id: 0, app_name: SAR_api-aarch64, task_id: 764, task_name: DASH_ZIP, resource_name: cpu3, ref_start_time: 73867035781381, ref_stop_time: 73867035856231, actual_exe_time: 74850, task_app_start_time:73865913473941, task_sched_time:73867035736501
app_id: 0, app_name: SAR_api-aarch64, task_id: 765, task_name: DASH_FFT, resource_name: fft1, ref_start_time: 73867036176631, ref_stop_time: 73867036280071, actual_exe_time: 103440, task_app_start_time:73865913473941, task_sched_time:73867036168381
app_id: 0, app_name: SAR_api-aarch64, task_id: 766, task_name: DASH_FFT, resource_name: fft2, ref_start_time: 73867036605841, ref_stop_time: 73867036676821, actual_exe_time: 70980, task_app_start_time:73865913473941, task_sched_time:73867036596391
app_id: 0, app_name: SAR_api-aarch64, task_id: 767, task_name: DASH_ZIP, resource_name: zip1, ref_start_time: 73867037070691, ref_stop_time: 73867037187211, actual_exe_time: 116520, task_app_start_time:73865913473941, task_sched_time:73867037063311
app_id: 0, app_name: SAR_api-aarch64, task_id: 768, task_name: DASH_FFT, resource_name: cpu1, ref_start_time: 73867037403211, ref_stop_time: 73867037492941, actual_exe_time: 89730, task_app_start_time:73865913473941, task_sched_time:73867037390191
app_id: 0, app_name: SAR_api-aarch64, task_id: 769, task_name: DASH_FFT, resource_name: cpu2, ref_start_time: 73867071446857, ref_stop_time: 73867071500467, actual_exe_time: 53610, task_app_start_time:73865913473941, task_sched_time:73867071436987
app_id: 0, app_name: SAR_api-aarch64, task_id: 770, task_name: DASH_FFT, resource_name: cpu3, ref_start_time: 73867071885727, ref_stop_time: 73867071944977, actual_exe_time: 59250, task_app_start_time:73865913473941, task_sched_time:73867071881797
app_id: 0, app_name: SAR_api-aarch64, task_id: 771, task_name: DASH_FFT, resource_name: fft1, ref_start_time: 73867072305637, ref_stop_time: 73867072346017, actual_exe_time: 40380, task_app_start_time:73865913473941, task_sched_time:73867072295137
app_id: 0, app_name: SAR_api-aarch64, task_id: 772, task_name: DASH_FFT, resource_name: fft2, ref_start_time: 73867072698337, ref_stop_time: 73867072746937, actual_exe_time: 48600, task_app_start_time:73865913473941, task_sched_time:73867072695457
app_id: 0, app_name: SAR_api-aarch64, task_id: 773, task_name: DASH_FFT, resource_name: cpu1, ref_start_time: 73867073194777, ref_stop_time: 73867073235487, actual_exe_time: 40710, task_app_start_time:73865913473941, task_sched_time:73867073185357
app_id: 0, app_name: SAR_api-aarch64, task_id: 774, task_name: DASH_FFT, resource_name: cpu2, ref_start_time: 73867073406067, ref_stop_time: 73867073456737, actual_exe_time: 50670, task_app_start_time:73865913473941, task_sched_time:73867073401177
app_id: 0, app_name: SAR_api-aarch64, task_id: 775, task_name: DASH_FFT, resource_name: cpu3, ref_start_time: 73867074037117, ref_stop_time: 73867074078877, actual_exe_time: 41760, task_app_start_time:73865913473941, task_sched_time:73867074026587
app_id: 0, app_name: SAR_api-aarch64, task_id: 776, task_name: DASH_FFT, resource_name: fft1, ref_start_time: 73867074442777, ref_stop_time: 73867074488077, actual_exe_time: 45300, task_app_start_time:73865913473941, task_sched_time:73867074433687
app_id: 0, app_name: SAR_api-aarch64, task_id: 777, task_name: DASH_FFT, resource_name: fft2, ref_start_time: 73867074845407, ref_stop_time: 73867074885157, actual_exe_time: 39750, task_app_start_time:73865913473941, task_sched_time:73867074839827
app_id: 0, app_name: SAR_api-aarch64, task_id: 778, task_name: DASH_FFT, resource_name: cpu1, ref_start_time: 73867075406468, ref_stop_time: 73867075452158, actual_exe_time: 45690, task_app_start_time:73865913473941, task_sched_time:73867075399748
app_id: 0, app_name: SAR_api-aarch64, task_id: 779, task_name: DASH_FFT, resource_name: cpu2, ref_start_time: 73867075838648, ref_stop_time: 73867075881938, actual_exe_time: 43290, task_app_start_time:73865913473941, task_sched_time:73867075831508
app_id: 0, app_name: SAR_api-aarch64, task_id: 780, task_name: DASH_FFT, resource_name: cpu3, ref_start_time: 73867076233988, ref_stop_time: 73867076282078, actual_exe_time: 48090, task_app_start_time:73865913473941, task_sched_time:73867076231168
app_id: 0, app_name: SAR_api-aarch64, task_id: 781, task_name: DASH_FFT, resource_name: fft1, ref_start_time: 73867076636678, ref_stop_time: 73867076673848, actual_exe_time: 37170, task_app_start_time:73865913473941, task_sched_time:73867076632958
app_id: 0, app_name: SAR_api-aarch64, task_id: 782, task_name: DASH_FFT, resource_name: fft2, ref_start_time: 73867076858318, ref_stop_time: 73867076905118, actual_exe_time: 46800, task_app_start_time:73865913473941, task_sched_time:73867076850938
app_id: 0, app_name: SAR_api-aarch64, task_id: 783, task_name: DASH_FFT, resource_name: cpu1, ref_start_time: 73867077573488, ref_stop_time: 73867077613688, actual_exe_time: 40200, task_app_start_time:73865913473941, task_sched_time:73867077571058
app_id: 0, app_name: SAR_api-aarch64, task_id: 784, task_name: DASH_FFT, resource_name: cpu2, ref_start_time: 73867077984398, ref_stop_time: 73867078034078, actual_exe_time: 49680, task_app_start_time:73865913473941, task_sched_time:73867077979778
app_id: 0, app_name: SAR_api-aarch64, task_id: 785, task_name: DASH_FFT, resource_name: cpu3, ref_start_time: 73867078406708, ref_stop_time: 73867078447868, actual_exe_time: 41160, task_app_start_time:73865913473941, task_sched_time:73867078403288
app_id: 0, app_name: SAR_api-aarch64, task_id: 786, task_name: DASH_FFT, resource_name: fft1, ref_start_time: 73867078810028, ref_stop_time: 73867078853558, actual_exe_time: 43530, task_app_start_time:73865913473941, task_sched_time:73867078797638
app_id: 0, app_name: SAR_api-aarch64, task_id: 787, task_name: DASH_FFT, resource_name: fft2, ref_start_time: 73867079205248, ref_stop_time: 73867079245868, actual_exe_time: 40620, task_app_start_time:73865913473941, task_sched_time:73867079199368
app_id: 0, app_name: SAR_api-aarch64, task_id: 788, task_name: DASH_FFT, resource_name: cpu1, ref_start_time: 73867079738588, ref_stop_time: 73867079783858, actual_exe_time: 45270, task_app_start_time:73865913473941, task_sched_time:73867079727248
app_id: 0, app_name: SAR_api-aarch64, task_id: 789, task_name: DASH_FFT, resource_name: cpu2, ref_start_time: 73867080171698, ref_stop_time: 73867080214478, actual_exe_time: 42780, task_app_start_time:73865913473941, task_sched_time:73867080164168
app_id: 0, app_name: SAR_api-aarch64, task_id: 790, task_name: DASH_FFT, resource_name: cpu3, ref_start_time: 73867080396038, ref_stop_time: 73867080443108, actual_exe_time: 47070, task_app_start_time:73865913473941, task_sched_time:73867080392678
app_id: 0, app_name: SAR_api-aarch64, task_id: 791, task_name: DASH_FFT, resource_name: fft1, ref_start_time: 73867080998648, ref_stop_time: 73867081036178, actual_exe_time: 37530, task_app_start_time:73865913473941, task_sched_time:73867080990548
app_id: 0, app_name: SAR_api-aarch64, task_id: 792, task_name: DASH_FFT, resource_name: fft2, ref_start_time: 73867081387748, ref_stop_time: 73867081434788, actual_exe_time: 47040, task_app_start_time:73865913473941, task_sched_time:73867081384298
app_id: 0, app_name: SAR_api-aarch64, task_id: 793, task_name: DASH_FFT, resource_name: cpu1, ref_start_time: 73867081928199, ref_stop_time: 73867081968399, actual_exe_time: 40200, task_app_start_time:73865913473941, task_sched_time:73867081924719
app_id: 0, app_name: SAR_api-aarch64, task_id: 794, task_name: DASH_FFT, resource_name: cpu2, ref_start_time: 73867082338899, ref_stop_time: 73867082389179, actual_exe_time: 50280, task_app_start_time:73865913473941, task_sched_time:73867082333109
app_id: 0, app_name: SAR_api-aarch64, task_id: 795, task_name: DASH_FFT, resource_name: cpu3, ref_start_time: 73867082755569, ref_stop_time: 73867082796429, actual_exe_time: 40860, task_app_start_time:73865913473941, task_sched_time:73867082753019
app_id: 0, app_name: SAR_api-aarch64, task_id: 796, task_name: DASH_FFT, resource_name: fft1, ref_start_time: 73867083161889, ref_stop_time: 73867083204549, actual_exe_time: 42660, task_app_start_time:73865913473941, task_sched_time:73867083150429
app_id: 0, app_name: SAR_api-aarch64, task_id: 797, task_name: DASH_FFT, resource_name: fft2, ref_start_time: 73867083558159, ref_stop_time: 73867083598329, actual_exe_time: 40170, task_app_start_time:73865913473941, task_sched_time:73867083552489
app_id: 0, app_name: SAR_api-aarch64, task_id: 798, task_name: DASH_FFT, resource_name: cpu1, ref_start_time: 73867083909519, ref_stop_time: 73867083954789, actual_exe_time: 45270, task_app_start_time:73865913473941, task_sched_time:73867083902319
app_id: 0, app_name: SAR_api-aarch64, task_id: 799, task_name: DASH_FFT, resource_name: cpu2, ref_start_time: 73867084481859, ref_stop_time: 73867084525149, actual_exe_time: 43290, task_app_start_time:73865913473941, task_sched_time:73867084475559
app_id: 0, app_name: SAR_api-aarch64, task_id: 800, task_name: DASH_FFT, resource_name: cpu3, ref_start_time: 73867084924629, ref_stop_time: 73867084972239, actual_exe_time: 47610, task_app_start_time:73865913473941, task_sched_time:73867084884489
app_id: 0, app_name: SAR_api-aarch64, task_id: 801, task_name: DASH_FFT, resource_name: fft1, ref_start_time: 73867085337639, ref_stop_time: 73867085374779, actual_exe_time: 37140, task_app_start_time:73865913473941, task_sched_time:73867085331219
app_id: 0, app_name: SAR_api-aarch64, task_id: 802, task_name: DASH_FFT, resource_name: fft2, ref_start_time: 73867085734209, ref_stop_time: 73867085781099, actual_exe_time: 46890, task_app_start_time:73865913473941, task_sched_time:73867085724789
app_id: 0, app_name: SAR_api-aarch64, task_id: 803, task_name: DASH_FFT, resource_name: cpu1, ref_start_time: 73867086254589, ref_stop_time: 73867086295029, actual_exe_time: 40440, task_app_start_time:73865913473941, task_sched_time:73867086241299
app_id: 0, app_name: SAR_api-aarch64, task_id: 804, task_name: DASH_FFT, resource_name: cpu2, ref_start_time: 73867086682509, ref_stop_time: 73867086733119, actual_exe_time: 50610, task_app_start_time:73865913473941, task_sched_time:73867086679299
app_id: 0, app_name: SAR_api-aarch64, task_id: 805, task_name: DASH_FFT, resource_name: cpu3, ref_start_time: 73867087092819, ref_stop_time: 73867087133919, actual_exe_time: 41100, task_app_start_time:73865913473941, task_sched_time:73867087078749
app_id: 0, app_name: SAR_api-aarch64, task_id: 806, task_name: DASH_FFT, resource_name: fft1, ref_start_time: 73867087352169, ref_stop_time: 73867087395309, actual_exe_time: 43140, task_app_start_time:73865913473941, task_sched_time:73867087348839
app_id: 0, app_name: SAR_api-aarch64, task_id: 807, task_name: DASH_FFT, resource_name: fft2, ref_start_time: 73867087906240, ref_stop_time: 73867087946350, actual_exe_time: 40110, task_app_start_time:73865913473941, task_sched_time:73867087903600
app_id: 0, app_name: SAR_api-aarch64, task_id: 808, task_name: DASH_FFT, resource_name: cpu1, ref_start_time: 73867088302630, ref_stop_time: 73867088348290, actual_exe_time: 45660, task_app_start_time:73865913473941, task_sched_time:73867088295820
app_id: 0, app_name: SAR_api-aarch64, task_id: 809, task_name: DASH_FFT, resource_name: cpu2, ref_start_time: 73867088864260, ref_stop_time: 73867088907340, actual_exe_time: 43080, task_app_start_time:73865913473941, task_sched_time:73867088859370
app_id: 0, app_name: SAR_api-aarch64, task_id: 810, task_name: DASH_FFT, resource_name: cpu3, ref_start_time: 73867089313840, ref_stop_time: 73867089361330, actual_exe_time: 47490, task_app_start_time:73865913473941, task_sched_time:73867089258880
app_id: 0, app_name: SAR_api-aarch64, task_id: 811, task_name: DASH_FFT, resource_name: fft1, ref_start_time: 73867089736870, ref_stop_time: 73867089774250, actual_exe_time: 37380, task_app_start_time:73865913473941, task_sched_time:73867089731530
app_id: 0, app_name: SAR_api-aarch64, task_id: 812, task_name: DASH_FFT, resource_name: fft2, ref_start_time: 73867090140820, ref_stop_time: 73867090198060, actual_exe_time: 57240, task_app_start_time:73865913473941, task_sched_time:73867090134640
app_id: 0, app_name: SAR_api-aarch64, task_id: 813, task_name: DASH_FFT, resource_name: cpu1, ref_start_time: 73867090694410, ref_stop_time: 73867090734520, actual_exe_time: 40110, task_app_start_time:73865913473941, task_sched_time:73867090682320
app_id: 0, app_name: SAR_api-aarch64, task_id: 814, task_name: DASH_FFT, resource_name: cpu2, ref_start_time: 73867091085580, ref_stop_time: 73867091135290, actual_exe_time: 49710, task_app_start_time:73865913473941, task_sched_time:73867091080630
app_id: 0, app_name: SAR_api-aarch64, task_id: 815, task_name: DASH_FFT, resource_name: cpu3, ref_start_time: 73867091459530, ref_stop_time: 73867091501020, actual_exe_time: 41490, task_app_start_time:73865913473941, task_sched_time:73867091416810
app_id: 0, app_name: SAR_api-aarch64, task_id: 816, task_name: DASH_FFT, resource_name: fft1, ref_start_time: 73867091943520, ref_stop_time: 73867091987320, actual_exe_time: 43800, task_app_start_time:73865913473941, task_sched_time:73867091939350
app_id: 0, app_name: SAR_api-aarch64, task_id: 817, task_name: DASH_FFT, resource_name: fft2, ref_start_time: 73867092275290, ref_stop_time: 73867092315250, actual_exe_time: 39960, task_app_start_time:73865913473941, task_sched_time:73867092269410
app_id: 0, app_name: SAR_api-aarch64, task_id: 818, task_name: DASH_FFT, resource_name: cpu1, ref_start_time: 73867092869920, ref_stop_time: 73867092916030, actual_exe_time: 46110, task_app_start_time:73865913473941, task_sched_time:73867092860560
app_id: 0, app_name: SAR_api-aarch64, task_id: 819, task_name: DASH_FFT, resource_name: cpu2, ref_start_time: 73867093099360, ref_stop_time: 73867093143310, actual_exe_time: 43950, task_app_start_time:73865913473941, task_sched_time:73867093095940
app_id: 0, app_name: SAR_api-aarch64, task_id: 820, task_name: DASH_FFT, resource_name: cpu3, ref_start_time: 73867093708960, ref_stop_time: 73867093756210, actual_exe_time: 47250, task_app_start_time:73865913473941, task_sched_time:73867093659640
app_id: 0, app_name: SAR_api-aarch64, task_id: 821, task_name: DASH_FFT, resource_name: fft1, ref_start_time: 73867094129951, ref_stop_time: 73867094167241, actual_exe_time: 37290, task_app_start_time:73865913473941, task_sched_time:73867094127131
app_id: 0, app_name: SAR_api-aarch64, task_id: 822, task_name: DASH_FFT, resource_name: fft2, ref_start_time: 73867094532911, ref_stop_time: 73867094579801, actual_exe_time: 46890, task_app_start_time:73865913473941, task_sched_time:73867094523161
app_id: 0, app_name: SAR_api-aarch64, task_id: 823, task_name: DASH_FFT, resource_name: cpu1, ref_start_time: 73867095079511, ref_stop_time: 73867095119261, actual_exe_time: 39750, task_app_start_time:73865913473941, task_sched_time:73867095067061
app_id: 0, app_name: SAR_api-aarch64, task_id: 824, task_name: DASH_FFT, resource_name: cpu2, ref_start_time: 73867095496781, ref_stop_time: 73867095545981, actual_exe_time: 49200, task_app_start_time:73865913473941, task_sched_time:73867095491261
app_id: 0, app_name: SAR_api-aarch64, task_id: 825, task_name: DASH_FFT, resource_name: cpu3, ref_start_time: 73867095911051, ref_stop_time: 73867095952091, actual_exe_time: 41040, task_app_start_time:73865913473941, task_sched_time:73867095895091
app_id: 0, app_name: SAR_api-aarch64, task_id: 826, task_name: DASH_FFT, resource_name: fft1, ref_start_time: 73867096170011, ref_stop_time: 73867096220051, actual_exe_time: 50040, task_app_start_time:73865913473941, task_sched_time:73867096165691
app_id: 0, app_name: SAR_api-aarch64, task_id: 827, task_name: DASH_FFT, resource_name: fft2, ref_start_time: 73867096775771, ref_stop_time: 73867096815641, actual_exe_time: 39870, task_app_start_time:73865913473941, task_sched_time:73867096771151
app_id: 0, app_name: SAR_api-aarch64, task_id: 828, task_name: DASH_FFT, resource_name: cpu1, ref_start_time: 73867098868241, ref_stop_time: 73867098923591, actual_exe_time: 55350, task_app_start_time:73865913473941, task_sched_time:73867098862811
app_id: 0, app_name: SAR_api-aarch64, task_id: 829, task_name: DASH_FFT, resource_name: cpu2, ref_start_time: 73867099426061, ref_stop_time: 73867099469501, actual_exe_time: 43440, task_app_start_time:73865913473941, task_sched_time:73867099422071
app_id: 0, app_name: SAR_api-aarch64, task_id: 830, task_name: DASH_FFT, resource_name: cpu3, ref_start_time: 73867099873121, ref_stop_time: 73867099923041, actual_exe_time: 49920, task_app_start_time:73865913473941, task_sched_time:73867099869011
app_id: 0, app_name: SAR_api-aarch64, task_id: 831, task_name: DASH_FFT, resource_name: fft1, ref_start_time: 73867100374212, ref_stop_time: 73867100412462, actual_exe_time: 38250, task_app_start_time:73865913473941, task_sched_time:73867100369262
app_id: 0, app_name: SAR_api-aarch64, task_id: 832, task_name: DASH_FFT, resource_name: fft2, ref_start_time: 73867100844672, ref_stop_time: 73867100891682, actual_exe_time: 47010, task_app_start_time:73865913473941, task_sched_time:73867100841642
app_id: 0, app_name: SAR_api-aarch64, task_id: 833, task_name: DASH_FFT, resource_name: cpu1, ref_start_time: 73867101281202, ref_stop_time: 73867101334452, actual_exe_time: 53250, task_app_start_time:73865913473941, task_sched_time:73867101268422
app_id: 0, app_name: SAR_api-aarch64, task_id: 834, task_name: DASH_FFT, resource_name: cpu2, ref_start_time: 73867101796392, ref_stop_time: 73867101847542, actual_exe_time: 51150, task_app_start_time:73865913473941, task_sched_time:73867101791862
app_id: 0, app_name: SAR_api-aarch64, task_id: 835, task_name: DASH_FFT, resource_name: cpu3, ref_start_time: 73867102151622, ref_stop_time: 73867102192662, actual_exe_time: 41040, task_app_start_time:73865913473941, task_sched_time:73867102093452
app_id: 0, app_name: SAR_api-aarch64, task_id: 836, task_name: DASH_FFT, resource_name: fft1, ref_start_time: 73867102705362, ref_stop_time: 73867102749252, actual_exe_time: 43890, task_app_start_time:73865913473941, task_sched_time:73867102702482
app_id: 0, app_name: SAR_api-aarch64, task_id: 837, task_name: DASH_FFT, resource_name: fft2, ref_start_time: 73867103108052, ref_stop_time: 73867103148192, actual_exe_time: 40140, task_app_start_time:73865913473941, task_sched_time:73867103103222
app_id: 0, app_name: SAR_api-aarch64, task_id: 838, task_name: DASH_FFT, resource_name: cpu1, ref_start_time: 73867105010532, ref_stop_time: 73867105057182, actual_exe_time: 46650, task_app_start_time:73865913473941, task_sched_time:73867105001802
app_id: 0, app_name: SAR_api-aarch64, task_id: 839, task_name: DASH_FFT, resource_name: cpu2, ref_start_time: 73867105498182, ref_stop_time: 73867105542012, actual_exe_time: 43830, task_app_start_time:73865913473941, task_sched_time:73867105493562
app_id: 0, app_name: SAR_api-aarch64, task_id: 840, task_name: DASH_FFT, resource_name: cpu3, ref_start_time: 73867106008332, ref_stop_time: 73867106060262, actual_exe_time: 51930, task_app_start_time:73865913473941, task_sched_time:73867105986102
app_id: 0, app_name: SAR_api-aarch64, task_id: 841, task_name: DASH_FFT, resource_name: fft1, ref_start_time: 73867106466283, ref_stop_time: 73867106504263, actual_exe_time: 37980, task_app_start_time:73865913473941, task_sched_time:73867106459233
app_id: 0, app_name: SAR_api-aarch64, task_id: 842, task_name: DASH_FFT, resource_name: fft2, ref_start_time: 73867106835073, ref_stop_time: 73867106882533, actual_exe_time: 47460, task_app_start_time:73865913473941, task_sched_time:73867106831323
app_id: 0, app_name: SAR_api-aarch64, task_id: 843, task_name: DASH_FFT, resource_name: cpu1, ref_start_time: 73867107454333, ref_stop_time: 73867107494113, actual_exe_time: 39780, task_app_start_time:73865913473941, task_sched_time:73867107446743
app_id: 0, app_name: SAR_api-aarch64, task_id: 844, task_name: DASH_FFT, resource_name: cpu2, ref_start_time: 73867107883723, ref_stop_time: 73867107933943, actual_exe_time: 50220, task_app_start_time:73865913473941, task_sched_time:73867107874363
app_id: 0, app_name: SAR_api-aarch64, task_id: 845, task_name: DASH_FFT, resource_name: cpu3, ref_start_time: 73867108413163, ref_stop_time: 73867108454383, actual_exe_time: 41220, task_app_start_time:73865913473941, task_sched_time:73867108401493
app_id: 0, app_name: SAR_api-aarch64, task_id: 846, task_name: DASH_FFT, resource_name: fft1, ref_start_time: 73867108805203, ref_stop_time: 73867108848973, actual_exe_time: 43770, task_app_start_time:73865913473941, task_sched_time:73867108800313
app_id: 0, app_name: SAR_api-aarch64, task_id: 847, task_name: DASH_FFT, resource_name: fft2, ref_start_time: 73867109344693, ref_stop_time: 73867109386483, actual_exe_time: 41790, task_app_start_time:73865913473941, task_sched_time:73867109338093
app_id: 0, app_name: SAR_api-aarch64, task_id: 848, task_name: DASH_FFT, resource_name: cpu1, ref_start_time: 73867109784343, ref_stop_time: 73867109829823, actual_exe_time: 45480, task_app_start_time:73865913473941, task_sched_time:73867109781013
app_id: 0, app_name: SAR_api-aarch64, task_id: 849, task_name: DASH_FFT, resource_name: cpu2, ref_start_time: 73867110387073, ref_stop_time: 73867110430303, actual_exe_time: 43230, task_app_start_time:73865913473941, task_sched_time:73867110383263
app_id: 0, app_name: SAR_api-aarch64, task_id: 850, task_name: DASH_FFT, resource_name: cpu3, ref_start_time: 73867110832663, ref_stop_time: 73867110880633, actual_exe_time: 47970, task_app_start_time:73865913473941, task_sched_time:73867110830023
app_id: 0, app_name: SAR_api-aarch64, task_id: 851, task_name: DASH_FFT, resource_name: fft1, ref_start_time: 73867111514623, ref_stop_time: 73867111554943, actual_exe_time: 40320, task_app_start_time:73865913473941, task_sched_time:73867111504003
app_id: 0, app_name: SAR_api-aarch64, task_id: 852, task_name: DASH_FFT, resource_name: fft2, ref_start_time: 73867111916743, ref_stop_time: 73867111964953, actual_exe_time: 48210, task_app_start_time:73865913473941, task_sched_time:73867111909903
app_id: 0, app_name: SAR_api-aarch64, task_id: 853, task_name: DASH_FFT, resource_name: cpu1, ref_start_time: 73867112643883, ref_stop_time: 73867112684294, actual_exe_time: 40411, task_app_start_time:73865913473941, task_sched_time:73867112635363
app_id: 0, app_name: SAR_api-aarch64, task_id: 854, task_name: DASH_FFT, resource_name: cpu2, ref_start_time: 73867113043574, ref_stop_time: 73867113093284, actual_exe_time: 49710, task_app_start_time:73865913473941, task_sched_time:73867113034634
app_id: 0, app_name: SAR_api-aarch64, task_id: 855, task_name: DASH_FFT, resource_name: cpu3, ref_start_time: 73867113563384, ref_stop_time: 73867113605084, actual_exe_time: 41700, task_app_start_time:73865913473941, task_sched_time:73867113559094
app_id: 0, app_name: SAR_api-aarch64, task_id: 856, task_name: DASH_FFT, resource_name: fft1, ref_start_time: 73867113923024, ref_stop_time: 73867113967214, actual_exe_time: 44190, task_app_start_time:73865913473941, task_sched_time:73867113912734
app_id: 0, app_name: SAR_api-aarch64, task_id: 857, task_name: DASH_FFT, resource_name: fft2, ref_start_time: 73867114537244, ref_stop_time: 73867114577414, actual_exe_time: 40170, task_app_start_time:73865913473941, task_sched_time:73867114533134
app_id: 0, app_name: SAR_api-aarch64, task_id: 858, task_name: DASH_FFT, resource_name: cpu1, ref_start_time: 73867115192864, ref_stop_time: 73867115238884, actual_exe_time: 46020, task_app_start_time:73865913473941, task_sched_time:73867115184644
app_id: 0, app_name: SAR_api-aarch64, task_id: 859, task_name: DASH_FFT, resource_name: cpu2, ref_start_time: 73867115562764, ref_stop_time: 73867115606144, actual_exe_time: 43380, task_app_start_time:73865913473941, task_sched_time:73867115554274
app_id: 0, app_name: SAR_api-aarch64, task_id: 860, task_name: DASH_FFT, resource_name: cpu3, ref_start_time: 73867116157574, ref_stop_time: 73867116205994, actual_exe_time: 48420, task_app_start_time:73865913473941, task_sched_time:73867116154394
app_id: 0, app_name: SAR_api-aarch64, task_id: 861, task_name: DASH_FFT, resource_name: fft1, ref_start_time: 73867116627104, ref_stop_time: 73867116664424, actual_exe_time: 37320, task_app_start_time:73865913473941, task_sched_time:73867116623264
app_id: 0, app_name: SAR_api-aarch64, task_id: 862, task_name: DASH_FFT, resource_name: fft2, ref_start_time: 73867117028834, ref_stop_time: 73867117076744, actual_exe_time: 47910, task_app_start_time:73865913473941, task_sched_time:73867117020074
app_id: 0, app_name: SAR_api-aarch64, task_id: 863, task_name: DASH_FFT, resource_name: cpu1, ref_start_time: 73867117757624, ref_stop_time: 73867117797824, actual_exe_time: 40200, task_app_start_time:73865913473941, task_sched_time:73867117751594
app_id: 0, app_name: SAR_api-aarch64, task_id: 864, task_name: DASH_FFT, resource_name: cpu2, ref_start_time: 73867118216264, ref_stop_time: 73867118265944, actual_exe_time: 49680, task_app_start_time:73865913473941, task_sched_time:73867118206934
app_id: 0, app_name: SAR_api-aarch64, task_id: 865, task_name: DASH_FFT, resource_name: cpu3, ref_start_time: 73867118705954, ref_stop_time: 73867118747024, actual_exe_time: 41070, task_app_start_time:73865913473941, task_sched_time:73867118700584
app_id: 0, app_name: SAR_api-aarch64, task_id: 866, task_name: DASH_FFT, resource_name: fft1, ref_start_time: 73867119196065, ref_stop_time: 73867119240225, actual_exe_time: 44160, task_app_start_time:73865913473941, task_sched_time:73867119191625
app_id: 0, app_name: SAR_api-aarch64, task_id: 867, task_name: DASH_FFT, resource_name: fft2, ref_start_time: 73867119693045, ref_stop_time: 73867119733005, actual_exe_time: 39960, task_app_start_time:73865913473941, task_sched_time:73867119684015
app_id: 0, app_name: SAR_api-aarch64, task_id: 868, task_name: DASH_FFT, resource_name: cpu1, ref_start_time: 73867120145985, ref_stop_time: 73867120191105, actual_exe_time: 45120, task_app_start_time:73865913473941, task_sched_time:73867120139865
app_id: 0, app_name: SAR_api-aarch64, task_id: 869, task_name: DASH_FFT, resource_name: cpu2, ref_start_time: 73867120715385, ref_stop_time: 73867120758585, actual_exe_time: 43200, task_app_start_time:73865913473941, task_sched_time:73867120706925
app_id: 0, app_name: SAR_api-aarch64, task_id: 870, task_name: DASH_FFT, resource_name: cpu3, ref_start_time: 73867121158785, ref_stop_time: 73867121206845, actual_exe_time: 48060, task_app_start_time:73865913473941, task_sched_time:73867121154975
app_id: 0, app_name: SAR_api-aarch64, task_id: 871, task_name: DASH_FFT, resource_name: fft1, ref_start_time: 73867121620695, ref_stop_time: 73867121658195, actual_exe_time: 37500, task_app_start_time:73865913473941, task_sched_time:73867121607975
app_id: 0, app_name: SAR_api-aarch64, task_id: 872, task_name: DASH_FFT, resource_name: fft2, ref_start_time: 73867122197895, ref_stop_time: 73867122245115, actual_exe_time: 47220, task_app_start_time:73865913473941, task_sched_time:73867122194895
app_id: 0, app_name: SAR_api-aarch64, task_id: 873, task_name: DASH_FFT, resource_name: cpu1, ref_start_time: 73867122826905, ref_stop_time: 73867122866805, actual_exe_time: 39900, task_app_start_time:73865913473941, task_sched_time:73867122822615
app_id: 0, app_name: SAR_api-aarch64, task_id: 874, task_name: DASH_FFT, resource_name: cpu2, ref_start_time: 73867123351545, ref_stop_time: 73867123403295, actual_exe_time: 51750, task_app_start_time:73865913473941, task_sched_time:73867123347495
app_id: 0, app_name: SAR_api-aarch64, task_id: 875, task_name: DASH_FFT, resource_name: cpu3, ref_start_time: 73867123757355, ref_stop_time: 73867123798005, actual_exe_time: 40650, task_app_start_time:73865913473941, task_sched_time:73867123752015
app_id: 0, app_name: SAR_api-aarch64, task_id: 876, task_name: DASH_FFT, resource_name: fft1, ref_start_time: 73867124204685, ref_stop_time: 73867124247915, actual_exe_time: 43230, task_app_start_time:73865913473941, task_sched_time:73867124198685
app_id: 0, app_name: SAR_api-aarch64, task_id: 877, task_name: DASH_FFT, resource_name: fft2, ref_start_time: 73867124768235, ref_stop_time: 73867124809875, actual_exe_time: 41640, task_app_start_time:73865913473941, task_sched_time:73867124760495
app_id: 0, app_name: SAR_api-aarch64, task_id: 878, task_name: DASH_FFT, resource_name: cpu1, ref_start_time: 73867125515896, ref_stop_time: 73867125562966, actual_exe_time: 47070, task_app_start_time:73865913473941, task_sched_time:73867125508846
app_id: 0, app_name: SAR_api-aarch64, task_id: 879, task_name: DASH_FFT, resource_name: cpu2, ref_start_time: 73867125964276, ref_stop_time: 73867126007386, actual_exe_time: 43110, task_app_start_time:73865913473941, task_sched_time:73867125960586
app_id: 0, app_name: SAR_api-aarch64, task_id: 880, task_name: DASH_FFT, resource_name: cpu3, ref_start_time: 73867126406176, ref_stop_time: 73867126470286, actual_exe_time: 64110, task_app_start_time:73865913473941, task_sched_time:73867126397446
app_id: 0, app_name: SAR_api-aarch64, task_id: 881, task_name: DASH_FFT, resource_name: fft1, ref_start_time: 73867126890946, ref_stop_time: 73867126928266, actual_exe_time: 37320, task_app_start_time:73865913473941, task_sched_time:73867126877116
app_id: 0, app_name: SAR_api-aarch64, task_id: 882, task_name: DASH_FFT, resource_name: fft2, ref_start_time: 73867127329876, ref_stop_time: 73867127377546, actual_exe_time: 47670, task_app_start_time:73865913473941, task_sched_time:73867127324806
app_id: 0, app_name: SAR_api-aarch64, task_id: 883, task_name: DASH_FFT, resource_name: cpu1, ref_start_time: 73867127973526, ref_stop_time: 73867128013456, actual_exe_time: 39930, task_app_start_time:73865913473941, task_sched_time:73867127945536
app_id: 0, app_name: SAR_api-aarch64, task_id: 884, task_name: DASH_FFT, resource_name: cpu2, ref_start_time: 73867128300556, ref_stop_time: 73867128350416, actual_exe_time: 49860, task_app_start_time:73865913473941, task_sched_time:73867128296416
app_id: 0, app_name: SAR_api-aarch64, task_id: 885, task_name: DASH_FFT, resource_name: cpu3, ref_start_time: 73867128909316, ref_stop_time: 73867128950416, actual_exe_time: 41100, task_app_start_time:73865913473941, task_sched_time:73867128905806
app_id: 0, app_name: SAR_api-aarch64, task_id: 886, task_name: DASH_FFT, resource_name: fft1, ref_start_time: 73867129340386, ref_stop_time: 73867129383916, actual_exe_time: 43530, task_app_start_time:73865913473941, task_sched_time:73867129335256
app_id: 0, app_name: SAR_api-aarch64, task_id: 887, task_name: DASH_FFT, resource_name: fft2, ref_start_time: 73867129743556, ref_stop_time: 73867129783966, actual_exe_time: 40410, task_app_start_time:73865913473941, task_sched_time:73867129738966
app_id: 0, app_name: SAR_api-aarch64, task_id: 888, task_name: DASH_FFT, resource_name: cpu1, ref_start_time: 73867130356516, ref_stop_time: 73867130402386, actual_exe_time: 45870, task_app_start_time:73865913473941, task_sched_time:73867130352346
app_id: 0, app_name: SAR_api-aarch64, task_id: 889, task_name: DASH_FFT, resource_name: cpu2, ref_start_time: 73867130799046, ref_stop_time: 73867130842066, actual_exe_time: 43020, task_app_start_time:73865913473941, task_sched_time:73867130791096
app_id: 0, app_name: SAR_api-aarch64, task_id: 890, task_name: DASH_FFT, resource_name: cpu3, ref_start_time: 73867131243796, ref_stop_time: 73867131291466, actual_exe_time: 47670, task_app_start_time:73865913473941, task_sched_time:73867131240016
app_id: 0, app_name: SAR_api-aarch64, task_id: 891, task_name: DASH_FFT, resource_name: fft1, ref_start_time: 73867131650417, ref_stop_time: 73867131687677, actual_exe_time: 37260, task_app_start_time:73865913473941, task_sched_time:73867131647747
app_id: 0, app_name: SAR_api-aarch64, task_id: 892, task_name: DASH_FFT, resource_name: fft2, ref_start_time: 73867132000907, ref_stop_time: 73867132047917, actual_exe_time: 47010, task_app_start_time:73865913473941, task_sched_time:73867131993947
app_id: 0, app_name: SAR_api-aarch64, task_id: 893, task_name: DASH_FFT, resource_name: cpu1, ref_start_time: 73867132656047, ref_stop_time: 73867132695917, actual_exe_time: 39870, task_app_start_time:73865913473941, task_sched_time:73867132650557
app_id: 0, app_name: SAR_api-aarch64, task_id: 894, task_name: DASH_FFT, resource_name: cpu2, ref_start_time: 73867133150297, ref_stop_time: 73867133201087, actual_exe_time: 50790, task_app_start_time:73865913473941, task_sched_time:73867133145557
app_id: 0, app_name: SAR_api-aarch64, task_id: 895, task_name: DASH_FFT, resource_name: cpu3, ref_start_time: 73867133595617, ref_stop_time: 73867133636267, actual_exe_time: 40650, task_app_start_time:73865913473941, task_sched_time:73867133592317
app_id: 0, app_name: SAR_api-aarch64, task_id: 896, task_name: DASH_FFT, resource_name: fft1, ref_start_time: 73867134045827, ref_stop_time: 73867134089507, actual_exe_time: 43680, task_app_start_time:73865913473941, task_sched_time:73867134040127
app_id: 0, app_name: SAR_api-aarch64, task_id: 897, task_name: DASH_FFT, resource_name: fft2, ref_start_time: 73867134244007, ref_stop_time: 73867134284657, actual_exe_time: 40650, task_app_start_time:73865913473941, task_sched_time:73867134241487
app_id: 0, app_name: SAR_api-aarch64, task_id: 898, task_name: DASH_FFT, resource_name: cpu1, ref_start_time: 73867134941447, ref_stop_time: 73867134994937, actual_exe_time: 53490, task_app_start_time:73865913473941, task_sched_time:73867134934967
app_id: 0, app_name: SAR_api-aarch64, task_id: 899, task_name: DASH_FFT, resource_name: cpu2, ref_start_time: 73867135416527, ref_stop_time: 73867135459787, actual_exe_time: 43260, task_app_start_time:73865913473941, task_sched_time:73867135412447
app_id: 0, app_name: SAR_api-aarch64, task_id: 900, task_name: DASH_FFT, resource_name: cpu3, ref_start_time: 73867135845737, ref_stop_time: 73867135893617, actual_exe_time: 47880, task_app_start_time:73865913473941, task_sched_time:73867135840697
app_id: 0, app_name: SAR_api-aarch64, task_id: 901, task_name: DASH_FFT, resource_name: fft1, ref_start_time: 73867136276417, ref_stop_time: 73867136313887, actual_exe_time: 37470, task_app_start_time:73865913473941, task_sched_time:73867136270357
app_id: 0, app_name: SAR_api-aarch64, task_id: 902, task_name: DASH_FFT, resource_name: fft2, ref_start_time: 73867136803907, ref_stop_time: 73867136850287, actual_exe_time: 46380, task_app_start_time:73865913473941, task_sched_time:73867136794427
app_id: 0, app_name: SAR_api-aarch64, task_id: 903, task_name: DASH_FFT, resource_name: cpu1, ref_start_time: 73867137287597, ref_stop_time: 73867137337547, actual_exe_time: 49950, task_app_start_time:73865913473941, task_sched_time:73867137284597
app_id: 0, app_name: SAR_api-aarch64, task_id: 904, task_name: DASH_FFT, resource_name: cpu2, ref_start_time: 73867137790668, ref_stop_time: 73867137840318, actual_exe_time: 49650, task_app_start_time:73865913473941, task_sched_time:73867137783018
app_id: 0, app_name: SAR_api-aarch64, task_id: 905, task_name: DASH_FFT, resource_name: cpu3, ref_start_time: 73867138093908, ref_stop_time: 73867138136658, actual_exe_time: 42750, task_app_start_time:73865913473941, task_sched_time:73867138040268
app_id: 0, app_name: SAR_api-aarch64, task_id: 906, task_name: DASH_FFT, resource_name: fft1, ref_start_time: 73867138712568, ref_stop_time: 73867138756848, actual_exe_time: 44280, task_app_start_time:73865913473941, task_sched_time:73867138700868
app_id: 0, app_name: SAR_api-aarch64, task_id: 907, task_name: DASH_FFT, resource_name: fft2, ref_start_time: 73867139168568, ref_stop_time: 73867139208048, actual_exe_time: 39480, task_app_start_time:73865913473941, task_sched_time:73867139159508
app_id: 0, app_name: SAR_api-aarch64, task_id: 908, task_name: DASH_FFT, resource_name: cpu1, ref_start_time: 73867139706138, ref_stop_time: 73867139751768, actual_exe_time: 45630, task_app_start_time:73865913473941, task_sched_time:73867139700678
app_id: 0, app_name: SAR_api-aarch64, task_id: 909, task_name: DASH_FFT, resource_name: cpu2, ref_start_time: 73867140112968, ref_stop_time: 73867140156318, actual_exe_time: 43350, task_app_start_time:73865913473941, task_sched_time:73867140105348
app_id: 0, app_name: SAR_api-aarch64, task_id: 910, task_name: DASH_FFT, resource_name: cpu3, ref_start_time: 73867140587688, ref_stop_time: 73867140636678, actual_exe_time: 48990, task_app_start_time:73865913473941, task_sched_time:73867140578598
app_id: 0, app_name: SAR_api-aarch64, task_id: 911, task_name: DASH_FFT, resource_name: fft1, ref_start_time: 73867141038078, ref_stop_time: 73867141074678, actual_exe_time: 36600, task_app_start_time:73865913473941, task_sched_time:73867141033878
app_id: 0, app_name: SAR_api-aarch64, task_id: 912, task_name: DASH_FFT, resource_name: fft2, ref_start_time: 73867141447728, ref_stop_time: 73867141507398, actual_exe_time: 59670, task_app_start_time:73865913473941, task_sched_time:73867141441698
app_id: 0, app_name: SAR_api-aarch64, task_id: 913, task_name: DASH_FFT, resource_name: cpu1, ref_start_time: 73867142070798, ref_stop_time: 73867142110668, actual_exe_time: 39870, task_app_start_time:73865913473941, task_sched_time:73867142058378
app_id: 0, app_name: SAR_api-aarch64, task_id: 914, task_name: DASH_FFT, resource_name: cpu2, ref_start_time: 73867142462958, ref_stop_time: 73867142512968, actual_exe_time: 50010, task_app_start_time:73865913473941, task_sched_time:73867142457228
app_id: 0, app_name: SAR_api-aarch64, task_id: 915, task_name: DASH_FFT, resource_name: cpu3, ref_start_time: 73867142955798, ref_stop_time: 73867142996868, actual_exe_time: 41070, task_app_start_time:73865913473941, task_sched_time:73867142950698
app_id: 0, app_name: SAR_api-aarch64, task_id: 916, task_name: DASH_FFT, resource_name: fft1, ref_start_time: 73867143302088, ref_stop_time: 73867143344898, actual_exe_time: 42810, task_app_start_time:73865913473941, task_sched_time:73867143293178
app_id: 0, app_name: SAR_api-aarch64, task_id: 917, task_name: DASH_FFT, resource_name: fft2, ref_start_time: 73867143861769, ref_stop_time: 73867143901669, actual_exe_time: 39900, task_app_start_time:73865913473941, task_sched_time:73867143856339
app_id: 0, app_name: SAR_api-aarch64, task_id: 918, task_name: DASH_FFT, resource_name: cpu1, ref_start_time: 73867144391119, ref_stop_time: 73867144436299, actual_exe_time: 45180, task_app_start_time:73865913473941, task_sched_time:73867144385989
app_id: 0, app_name: SAR_api-aarch64, task_id: 919, task_name: DASH_FFT, resource_name: cpu2, ref_start_time: 73867144860559, ref_stop_time: 73867144903609, actual_exe_time: 43050, task_app_start_time:73865913473941, task_sched_time:73867144851589
app_id: 0, app_name: SAR_api-aarch64, task_id: 920, task_name: DASH_FFT, resource_name: cpu3, ref_start_time: 73867145309959, ref_stop_time: 73867145357929, actual_exe_time: 47970, task_app_start_time:73865913473941, task_sched_time:73867145278369
app_id: 0, app_name: SAR_api-aarch64, task_id: 921, task_name: DASH_FFT, resource_name: fft1, ref_start_time: 73867145762989, ref_stop_time: 73867145800189, actual_exe_time: 37200, task_app_start_time:73865913473941, task_sched_time:73867145759119
app_id: 0, app_name: SAR_api-aarch64, task_id: 922, task_name: DASH_FFT, resource_name: fft2, ref_start_time: 73867146185059, ref_stop_time: 73867146231799, actual_exe_time: 46740, task_app_start_time:73865913473941, task_sched_time:73867146181039
app_id: 0, app_name: SAR_api-aarch64, task_id: 923, task_name: DASH_FFT, resource_name: cpu1, ref_start_time: 73867146715969, ref_stop_time: 73867146755779, actual_exe_time: 39810, task_app_start_time:73865913473941, task_sched_time:73867146705889
app_id: 0, app_name: SAR_api-aarch64, task_id: 924, task_name: DASH_FFT, resource_name: cpu2, ref_start_time: 73867147153879, ref_stop_time: 73867147204399, actual_exe_time: 50520, task_app_start_time:73865913473941, task_sched_time:73867147147849
app_id: 0, app_name: SAR_api-aarch64, task_id: 925, task_name: DASH_FFT, resource_name: cpu3, ref_start_time: 73867147628029, ref_stop_time: 73867147668889, actual_exe_time: 40860, task_app_start_time:73865913473941, task_sched_time:73867147622539
app_id: 0, app_name: SAR_api-aarch64, task_id: 926, task_name: DASH_FFT, resource_name: fft1, ref_start_time: 73867147967209, ref_stop_time: 73867148011009, actual_exe_time: 43800, task_app_start_time:73865913473941, task_sched_time:73867147962499
app_id: 0, app_name: SAR_api-aarch64, task_id: 927, task_name: DASH_FFT, resource_name: fft2, ref_start_time: 73867148483989, ref_stop_time: 73867148523949, actual_exe_time: 39960, task_app_start_time:73865913473941, task_sched_time:73867148480329
app_id: 0, app_name: SAR_api-aarch64, task_id: 928, task_name: DASH_FFT, resource_name: cpu1, ref_start_time: 73867149019009, ref_stop_time: 73867149064099, actual_exe_time: 45090, task_app_start_time:73865913473941, task_sched_time:73867149007939
app_id: 0, app_name: SAR_api-aarch64, task_id: 929, task_name: DASH_FFT, resource_name: cpu2, ref_start_time: 73867149482089, ref_stop_time: 73867149525709, actual_exe_time: 43620, task_app_start_time:73865913473941, task_sched_time:73867149476419
app_id: 0, app_name: SAR_api-aarch64, task_id: 930, task_name: DASH_FFT, resource_name: cpu3, ref_start_time: 73867149897619, ref_stop_time: 73867149945200, actual_exe_time: 47581, task_app_start_time:73865913473941, task_sched_time:73867149893749
app_id: 0, app_name: SAR_api-aarch64, task_id: 931, task_name: DASH_FFT, resource_name: fft1, ref_start_time: 73867150345040, ref_stop_time: 73867150382270, actual_exe_time: 37230, task_app_start_time:73865913473941, task_sched_time:73867150340240
app_id: 0, app_name: SAR_api-aarch64, task_id: 932, task_name: DASH_FFT, resource_name: fft2, ref_start_time: 73867150750400, ref_stop_time: 73867150797650, actual_exe_time: 47250, task_app_start_time:73865913473941, task_sched_time:73867150747040
app_id: 0, app_name: SAR_api-aarch64, task_id: 933, task_name: DASH_FFT, resource_name: cpu1, ref_start_time: 73867151208470, ref_stop_time: 73867151247980, actual_exe_time: 39510, task_app_start_time:73865913473941, task_sched_time:73867151200610
app_id: 0, app_name: SAR_api-aarch64, task_id: 934, task_name: DASH_FFT, resource_name: cpu2, ref_start_time: 73867151821640, ref_stop_time: 73867151871320, actual_exe_time: 49680, task_app_start_time:73865913473941, task_sched_time:73867151815400
app_id: 0, app_name: SAR_api-aarch64, task_id: 935, task_name: DASH_FFT, resource_name: cpu3, ref_start_time: 73867152191300, ref_stop_time: 73867152232790, actual_exe_time: 41490, task_app_start_time:73865913473941, task_sched_time:73867152144620
app_id: 0, app_name: SAR_api-aarch64, task_id: 936, task_name: DASH_FFT, resource_name: fft1, ref_start_time: 73867152577640, ref_stop_time: 73867152620900, actual_exe_time: 43260, task_app_start_time:73865913473941, task_sched_time:73867152570380
app_id: 0, app_name: SAR_api-aarch64, task_id: 937, task_name: DASH_FFT, resource_name: fft2, ref_start_time: 73867153105880, ref_stop_time: 73867153148540, actual_exe_time: 42660, task_app_start_time:73865913473941, task_sched_time:73867153099910
app_id: 0, app_name: SAR_api-aarch64, task_id: 938, task_name: DASH_FFT, resource_name: cpu1, ref_start_time: 73867153531640, ref_stop_time: 73867153578020, actual_exe_time: 46380, task_app_start_time:73865913473941, task_sched_time:73867153521740
app_id: 0, app_name: SAR_api-aarch64, task_id: 939, task_name: DASH_FFT, resource_name: cpu2, ref_start_time: 73867154138750, ref_stop_time: 73867154183300, actual_exe_time: 44550, task_app_start_time:73865913473941, task_sched_time:73867154132690
app_id: 0, app_name: SAR_api-aarch64, task_id: 940, task_name: DASH_FFT, resource_name: cpu3, ref_start_time: 73867154564330, ref_stop_time: 73867154612990, actual_exe_time: 48660, task_app_start_time:73865913473941, task_sched_time:73867154561780
app_id: 0, app_name: SAR_api-aarch64, task_id: 941, task_name: DASH_FFT, resource_name: fft1, ref_start_time: 73867155004220, ref_stop_time: 73867155041690, actual_exe_time: 37470, task_app_start_time:73865913473941, task_sched_time:73867155001520
app_id: 0, app_name: SAR_api-aarch64, task_id: 942, task_name: DASH_FFT, resource_name: fft2, ref_start_time: 73867155443120, ref_stop_time: 73867155490010, actual_exe_time: 46890, task_app_start_time:73865913473941, task_sched_time:73867155434960
app_id: 0, app_name: SAR_api-aarch64, task_id: 943, task_name: DASH_FFT, resource_name: cpu1, ref_start_time: 73867155965720, ref_stop_time: 73867156005800, actual_exe_time: 40080, task_app_start_time:73865913473941, task_sched_time:73867155960830
app_id: 0, app_name: SAR_api-aarch64, task_id: 944, task_name: DASH_FFT, resource_name: cpu2, ref_start_time: 73867156399011, ref_stop_time: 73867156456491, actual_exe_time: 57480, task_app_start_time:73865913473941, task_sched_time:73867156393521
app_id: 0, app_name: SAR_api-aarch64, task_id: 945, task_name: DASH_FFT, resource_name: cpu3, ref_start_time: 73867156812531, ref_stop_time: 73867156853421, actual_exe_time: 40890, task_app_start_time:73865913473941, task_sched_time:73867156808901
app_id: 0, app_name: SAR_api-aarch64, task_id: 946, task_name: DASH_FFT, resource_name: fft1, ref_start_time: 73867157083731, ref_stop_time: 73867157126781, actual_exe_time: 43050, task_app_start_time:73865913473941, task_sched_time:73867157073441
app_id: 0, app_name: SAR_api-aarch64, task_id: 947, task_name: DASH_FFT, resource_name: fft2, ref_start_time: 73867157715501, ref_stop_time: 73867157755521, actual_exe_time: 40020, task_app_start_time:73865913473941, task_sched_time:73867157707251
app_id: 0, app_name: SAR_api-aarch64, task_id: 948, task_name: DASH_FFT, resource_name: cpu1, ref_start_time: 73867158288561, ref_stop_time: 73867158334071, actual_exe_time: 45510, task_app_start_time:73865913473941, task_sched_time:73867158285261
app_id: 0, app_name: SAR_api-aarch64, task_id: 949, task_name: DASH_FFT, resource_name: cpu2, ref_start_time: 73867158742191, ref_stop_time: 73867158785211, actual_exe_time: 43020, task_app_start_time:73865913473941, task_sched_time:73867158735861
app_id: 0, app_name: SAR_api-aarch64, task_id: 950, task_name: DASH_FFT, resource_name: cpu3, ref_start_time: 73867159186341, ref_stop_time: 73867159234011, actual_exe_time: 47670, task_app_start_time:73865913473941, task_sched_time:73867159182711
app_id: 0, app_name: SAR_api-aarch64, task_id: 951, task_name: DASH_FFT, resource_name: fft1, ref_start_time: 73867159601361, ref_stop_time: 73867159638591, actual_exe_time: 37230, task_app_start_time:73865913473941, task_sched_time:73867159591581
app_id: 0, app_name: SAR_api-aarch64, task_id: 952, task_name: DASH_FFT, resource_name: fft2, ref_start_time: 73867160005581, ref_stop_time: 73867160052591, actual_exe_time: 47010, task_app_start_time:73865913473941, task_sched_time:73867159996461
app_id: 0, app_name: SAR_api-aarch64, task_id: 953, task_name: DASH_FFT, resource_name: cpu1, ref_start_time: 73867160679201, ref_stop_time: 73867160719731, actual_exe_time: 40530, task_app_start_time:73865913473941, task_sched_time:73867160669181
app_id: 0, app_name: SAR_api-aarch64, task_id: 954, task_name: DASH_FFT, resource_name: cpu2, ref_start_time: 73867161029181, ref_stop_time: 73867161079071, actual_exe_time: 49890, task_app_start_time:73865913473941, task_sched_time:73867161026631
app_id: 0, app_name: SAR_api-aarch64, task_id: 955, task_name: DASH_FFT, resource_name: cpu3, ref_start_time: 73867161590061, ref_stop_time: 73867161630771, actual_exe_time: 40710, task_app_start_time:73865913473941, task_sched_time:73867161586881
app_id: 0, app_name: SAR_api-aarch64, task_id: 956, task_name: DASH_FFT, resource_name: fft1, ref_start_time: 73867162065621, ref_stop_time: 73867162109541, actual_exe_time: 43920, task_app_start_time:73865913473941, task_sched_time:73867162054431
app_id: 0, app_name: SAR_api-aarch64, task_id: 957, task_name: DASH_FFT, resource_name: fft2, ref_start_time: 73867162466782, ref_stop_time: 73867162507372, actual_exe_time: 40590, task_app_start_time:73865913473941, task_sched_time:73867162457332
app_id: 0, app_name: SAR_api-aarch64, task_id: 958, task_name: DASH_FFT, resource_name: cpu1, ref_start_time: 73867162977262, ref_stop_time: 73867163022982, actual_exe_time: 45720, task_app_start_time:73865913473941, task_sched_time:73867162966432
app_id: 0, app_name: SAR_api-aarch64, task_id: 959, task_name: DASH_FFT, resource_name: cpu2, ref_start_time: 73867163394232, ref_stop_time: 73867163437792, actual_exe_time: 43560, task_app_start_time:73865913473941, task_sched_time:73867163386492
app_id: 0, app_name: SAR_api-aarch64, task_id: 960, task_name: DASH_FFT, resource_name: cpu3, ref_start_time: 73867163833132, ref_stop_time: 73867163881912, actual_exe_time: 48780, task_app_start_time:73865913473941, task_sched_time:73867163828002
app_id: 0, app_name: SAR_api-aarch64, task_id: 961, task_name: DASH_FFT, resource_name: fft1, ref_start_time: 73867164244582, ref_stop_time: 73867164282322, actual_exe_time: 37740, task_app_start_time:73865913473941, task_sched_time:73867164242002
app_id: 0, app_name: SAR_api-aarch64, task_id: 962, task_name: DASH_FFT, resource_name: fft2, ref_start_time: 73867164555142, ref_stop_time: 73867164602902, actual_exe_time: 47760, task_app_start_time:73865913473941, task_sched_time:73867164548722
app_id: 0, app_name: SAR_api-aarch64, task_id: 963, task_name: DASH_FFT, resource_name: cpu1, ref_start_time: 73867165287592, ref_stop_time: 73867165336042, actual_exe_time: 48450, task_app_start_time:73865913473941, task_sched_time:73867165275682
app_id: 0, app_name: SAR_api-aarch64, task_id: 964, task_name: DASH_FFT, resource_name: cpu2, ref_start_time: 73867165739212, ref_stop_time: 73867165788982, actual_exe_time: 49770, task_app_start_time:73865913473941, task_sched_time:73867165730512
app_id: 0, app_name: SAR_api-aarch64, task_id: 965, task_name: DASH_FFT, resource_name: cpu3, ref_start_time: 73867166189302, ref_stop_time: 73867166230312, actual_exe_time: 41010, task_app_start_time:73865913473941, task_sched_time:73867166180122
app_id: 0, app_name: SAR_api-aarch64, task_id: 966, task_name: DASH_FFT, resource_name: fft1, ref_start_time: 73867166591692, ref_stop_time: 73867166634652, actual_exe_time: 42960, task_app_start_time:73865913473941, task_sched_time:73867166585992
app_id: 0, app_name: SAR_api-aarch64, task_id: 967, task_name: DASH_FFT, resource_name: fft2, ref_start_time: 73867167039682, ref_stop_time: 73867167079492, actual_exe_time: 39810, task_app_start_time:73865913473941, task_sched_time:73867167031732
app_id: 0, app_name: SAR_api-aarch64, task_id: 968, task_name: DASH_FFT, resource_name: cpu1, ref_start_time: 73867167481642, ref_stop_time: 73867167526852, actual_exe_time: 45210, task_app_start_time:73865913473941, task_sched_time:73867167468922
app_id: 0, app_name: SAR_api-aarch64, task_id: 969, task_name: DASH_FFT, resource_name: cpu2, ref_start_time: 73867168076902, ref_stop_time: 73867168120552, actual_exe_time: 43650, task_app_start_time:73865913473941, task_sched_time:73867168070302
app_id: 0, app_name: SAR_api-aarch64, task_id: 970, task_name: DASH_FFT, resource_name: cpu3, ref_start_time: 73867168384582, ref_stop_time: 73867168432492, actual_exe_time: 47910, task_app_start_time:73865913473941, task_sched_time:73867168372852
app_id: 0, app_name: SAR_api-aarch64, task_id: 971, task_name: DASH_FFT, resource_name: fft1, ref_start_time: 73867168921973, ref_stop_time: 73867168958843, actual_exe_time: 36870, task_app_start_time:73865913473941, task_sched_time:73867168911803
app_id: 0, app_name: SAR_api-aarch64, task_id: 972, task_name: DASH_FFT, resource_name: fft2, ref_start_time: 73867169364443, ref_stop_time: 73867169413073, actual_exe_time: 48630, task_app_start_time:73865913473941, task_sched_time:73867169359433
app_id: 0, app_name: SAR_api-aarch64, task_id: 973, task_name: DASH_FFT, resource_name: cpu1, ref_start_time: 73867169990063, ref_stop_time: 73867170030413, actual_exe_time: 40350, task_app_start_time:73865913473941, task_sched_time:73867169986583
app_id: 0, app_name: SAR_api-aarch64, task_id: 974, task_name: DASH_FFT, resource_name: cpu2, ref_start_time: 73867170322223, ref_stop_time: 73867170372623, actual_exe_time: 50400, task_app_start_time:73865913473941, task_sched_time:73867170317963
app_id: 0, app_name: SAR_api-aarch64, task_id: 975, task_name: DASH_FFT, resource_name: cpu3, ref_start_time: 73867170812693, ref_stop_time: 73867170853613, actual_exe_time: 40920, task_app_start_time:73865913473941, task_sched_time:73867170809333
app_id: 0, app_name: SAR_api-aarch64, task_id: 976, task_name: DASH_FFT, resource_name: fft1, ref_start_time: 73867171136093, ref_stop_time: 73867171187033, actual_exe_time: 50940, task_app_start_time:73865913473941, task_sched_time:73867171124933
app_id: 0, app_name: SAR_api-aarch64, task_id: 977, task_name: DASH_FFT, resource_name: fft2, ref_start_time: 73867171746383, ref_stop_time: 73867171786253, actual_exe_time: 39870, task_app_start_time:73865913473941, task_sched_time:73867171741283
app_id: 0, app_name: SAR_api-aarch64, task_id: 978, task_name: DASH_FFT, resource_name: cpu1, ref_start_time: 73867172383133, ref_stop_time: 73867172428913, actual_exe_time: 45780, task_app_start_time:73865913473941, task_sched_time:73867172373443
app_id: 0, app_name: SAR_api-aarch64, task_id: 979, task_name: DASH_FFT, resource_name: cpu2, ref_start_time: 73867172828843, ref_stop_time: 73867172872043, actual_exe_time: 43200, task_app_start_time:73865913473941, task_sched_time:73867172826143
app_id: 0, app_name: SAR_api-aarch64, task_id: 980, task_name: DASH_FFT, resource_name: cpu3, ref_start_time: 73867173239603, ref_stop_time: 73867173288263, actual_exe_time: 48660, task_app_start_time:73865913473941, task_sched_time:73867173234293
app_id: 0, app_name: SAR_api-aarch64, task_id: 981, task_name: DASH_FFT, resource_name: fft1, ref_start_time: 73867173701243, ref_stop_time: 73867173738533, actual_exe_time: 37290, task_app_start_time:73865913473941, task_sched_time:73867173689243
app_id: 0, app_name: SAR_api-aarch64, task_id: 982, task_name: DASH_FFT, resource_name: fft2, ref_start_time: 73867174127933, ref_stop_time: 73867174174943, actual_exe_time: 47010, task_app_start_time:73865913473941, task_sched_time:73867174119653
app_id: 0, app_name: SAR_api-aarch64, task_id: 983, task_name: DASH_FFT, resource_name: cpu1, ref_start_time: 73867174676933, ref_stop_time: 73867174716653, actual_exe_time: 39720, task_app_start_time:73865913473941, task_sched_time:73867174665803
app_id: 0, app_name: SAR_api-aarch64, task_id: 984, task_name: DASH_FFT, resource_name: cpu2, ref_start_time: 73867174995834, ref_stop_time: 73867175046324, actual_exe_time: 50490, task_app_start_time:73865913473941, task_sched_time:73867174987614
app_id: 0, app_name: SAR_api-aarch64, task_id: 985, task_name: DASH_FFT, resource_name: cpu3, ref_start_time: 73867175604774, ref_stop_time: 73867175645874, actual_exe_time: 41100, task_app_start_time:73865913473941, task_sched_time:73867175597904
app_id: 0, app_name: SAR_api-aarch64, task_id: 986, task_name: DASH_FFT, resource_name: fft1, ref_start_time: 73867176078264, ref_stop_time: 73867176122514, actual_exe_time: 44250, task_app_start_time:73865913473941, task_sched_time:73867176067464
app_id: 0, app_name: SAR_api-aarch64, task_id: 987, task_name: DASH_FFT, resource_name: fft2, ref_start_time: 73867176534624, ref_stop_time: 73867176574644, actual_exe_time: 40020, task_app_start_time:73865913473941, task_sched_time:73867176528684
app_id: 0, app_name: SAR_api-aarch64, task_id: 988, task_name: DASH_FFT, resource_name: cpu1, ref_start_time: 73867177057554, ref_stop_time: 73867177102914, actual_exe_time: 45360, task_app_start_time:73865913473941, task_sched_time:73867177047594
app_id: 0, app_name: SAR_api-aarch64, task_id: 989, task_name: DASH_FFT, resource_name: cpu2, ref_start_time: 73867177539594, ref_stop_time: 73867177582734, actual_exe_time: 43140, task_app_start_time:73865913473941, task_sched_time:73867177534824
app_id: 0, app_name: SAR_api-aarch64, task_id: 990, task_name: DASH_FFT, resource_name: cpu3, ref_start_time: 73867177941234, ref_stop_time: 73867177989474, actual_exe_time: 48240, task_app_start_time:73865913473941, task_sched_time:73867177934784
app_id: 0, app_name: SAR_api-aarch64, task_id: 991, task_name: DASH_FFT, resource_name: fft1, ref_start_time: 73867178355534, ref_stop_time: 73867178393034, actual_exe_time: 37500, task_app_start_time:73865913473941, task_sched_time:73867178345814
app_id: 0, app_name: SAR_api-aarch64, task_id: 992, task_name: DASH_FFT, resource_name: fft2, ref_start_time: 73867178690874, ref_stop_time: 73867178739264, actual_exe_time: 48390, task_app_start_time:73865913473941, task_sched_time:73867178683644
app_id: 0, app_name: SAR_api-aarch64, task_id: 993, task_name: DASH_FFT, resource_name: cpu1, ref_start_time: 73867179468414, ref_stop_time: 73867179508914, actual_exe_time: 40500, task_app_start_time:73865913473941, task_sched_time:73867179463494
app_id: 0, app_name: SAR_api-aarch64, task_id: 994, task_name: DASH_FFT, resource_name: cpu2, ref_start_time: 73867179899784, ref_stop_time: 73867179949434, actual_exe_time: 49650, task_app_start_time:73865913473941, task_sched_time:73867179891054
app_id: 0, app_name: SAR_api-aarch64, task_id: 995, task_name: DASH_FFT, resource_name: cpu3, ref_start_time: 73867180351704, ref_stop_time: 73867180392654, actual_exe_time: 40950, task_app_start_time:73865913473941, task_sched_time:73867180327374
app_id: 0, app_name: SAR_api-aarch64, task_id: 996, task_name: DASH_FFT, resource_name: fft1, ref_start_time: 73867180797924, ref_stop_time: 73867180841124, actual_exe_time: 43200, task_app_start_time:73865913473941, task_sched_time:73867180790364
app_id: 0, app_name: SAR_api-aarch64, task_id: 997, task_name: DASH_FFT, resource_name: fft2, ref_start_time: 73867181221675, ref_stop_time: 73867181262055, actual_exe_time: 40380, task_app_start_time:73865913473941, task_sched_time:73867181217115
app_id: 0, app_name: SAR_api-aarch64, task_id: 998, task_name: DASH_FFT, resource_name: cpu1, ref_start_time: 73867181774905, ref_stop_time: 73867181821345, actual_exe_time: 46440, task_app_start_time:73865913473941, task_sched_time:73867181772385
app_id: 0, app_name: SAR_api-aarch64, task_id: 999, task_name: DASH_FFT, resource_name: cpu2, ref_start_time: 73867182183655, ref_stop_time: 73867182226855, actual_exe_time: 43200, task_app_start_time:73865913473941, task_sched_time:73867182177925
app_id: 0, app_name: SAR_api-aarch64, task_id: 1000, task_name: DASH_FFT, resource_name: cpu3, ref_start_time: 73867182658285, ref_stop_time: 73867182705655, actual_exe_time: 47370, task_app_start_time:73865913473941, task_sched_time:73867182618115
app_id: 0, app_name: SAR_api-aarch64, task_id: 1001, task_name: DASH_FFT, resource_name: fft1, ref_start_time: 73867183142485, ref_stop_time: 73867183179385, actual_exe_time: 36900, task_app_start_time:73865913473941, task_sched_time:73867183139365
app_id: 0, app_name: SAR_api-aarch64, task_id: 1002, task_name: DASH_FFT, resource_name: fft2, ref_start_time: 73867183505755, ref_stop_time: 73867183553725, actual_exe_time: 47970, task_app_start_time:73865913473941, task_sched_time:73867183496425
app_id: 0, app_name: SAR_api-aarch64, task_id: 1003, task_name: DASH_FFT, resource_name: cpu1, ref_start_time: 73867184203675, ref_stop_time: 73867184243275, actual_exe_time: 39600, task_app_start_time:73865913473941, task_sched_time:73867184192875
app_id: 0, app_name: SAR_api-aarch64, task_id: 1004, task_name: DASH_FFT, resource_name: cpu2, ref_start_time: 73867184637625, ref_stop_time: 73867184688445, actual_exe_time: 50820, task_app_start_time:73865913473941, task_sched_time:73867184631205
app_id: 0, app_name: SAR_api-aarch64, task_id: 1005, task_name: DASH_FFT, resource_name: cpu3, ref_start_time: 73867185128365, ref_stop_time: 73867185169165, actual_exe_time: 40800, task_app_start_time:73865913473941, task_sched_time:73867185120505
app_id: 0, app_name: SAR_api-aarch64, task_id: 1006, task_name: DASH_FFT, resource_name: fft1, ref_start_time: 73867185461755, ref_stop_time: 73867185505585, actual_exe_time: 43830, task_app_start_time:73865913473941, task_sched_time:73867185456415
app_id: 0, app_name: SAR_api-aarch64, task_id: 1007, task_name: DASH_FFT, resource_name: fft2, ref_start_time: 73867185985225, ref_stop_time: 73867186025755, actual_exe_time: 40530, task_app_start_time:73865913473941, task_sched_time:73867185982105
app_id: 0, app_name: SAR_api-aarch64, task_id: 1008, task_name: DASH_FFT, resource_name: cpu1, ref_start_time: 73867186575085, ref_stop_time: 73867186620475, actual_exe_time: 45390, task_app_start_time:73865913473941, task_sched_time:73867186563925
app_id: 0, app_name: SAR_api-aarch64, task_id: 1009, task_name: DASH_FFT, resource_name: cpu2, ref_start_time: 73867187022535, ref_stop_time: 73867187065705, actual_exe_time: 43170, task_app_start_time:73865913473941, task_sched_time:73867187014255
app_id: 0, app_name: SAR_api-aarch64, task_id: 1010, task_name: DASH_FFT, resource_name: cpu3, ref_start_time: 73867187470016, ref_stop_time: 73867187517356, actual_exe_time: 47340, task_app_start_time:73865913473941, task_sched_time:73867187459216
app_id: 0, app_name: SAR_api-aarch64, task_id: 1011, task_name: DASH_FFT, resource_name: fft1, ref_start_time: 73867187934926, ref_stop_time: 73867187973986, actual_exe_time: 39060, task_app_start_time:73865913473941, task_sched_time:73867187922926
app_id: 0, app_name: SAR_api-aarch64, task_id: 1012, task_name: DASH_FFT, resource_name: fft2, ref_start_time: 73867188370676, ref_stop_time: 73867188417086, actual_exe_time: 46410, task_app_start_time:73865913473941, task_sched_time:73867188367016
app_id: 0, app_name: SAR_api-aarch64, task_id: 1013, task_name: DASH_FFT, resource_name: cpu1, ref_start_time: 73867188905516, ref_stop_time: 73867188945806, actual_exe_time: 40290, task_app_start_time:73865913473941, task_sched_time:73867188899096
app_id: 0, app_name: SAR_api-aarch64, task_id: 1014, task_name: DASH_FFT, resource_name: cpu2, ref_start_time: 73867189268936, ref_stop_time: 73867189333766, actual_exe_time: 64830, task_app_start_time:73865913473941, task_sched_time:73867189265186
app_id: 0, app_name: SAR_api-aarch64, task_id: 1015, task_name: DASH_FFT, resource_name: cpu3, ref_start_time: 73867189841816, ref_stop_time: 73867189882616, actual_exe_time: 40800, task_app_start_time:73865913473941, task_sched_time:73867189830386
app_id: 0, app_name: SAR_api-aarch64, task_id: 1016, task_name: DASH_FFT, resource_name: fft1, ref_start_time: 73867190276036, ref_stop_time: 73867190319806, actual_exe_time: 43770, task_app_start_time:73865913473941, task_sched_time:73867190268716
app_id: 0, app_name: SAR_api-aarch64, task_id: 1017, task_name: DASH_FFT, resource_name: fft2, ref_start_time: 73867190808026, ref_stop_time: 73867190848526, actual_exe_time: 40500, task_app_start_time:73865913473941, task_sched_time:73867190800556
app_id: 0, app_name: SAR_api-aarch64, task_id: 1018, task_name: DASH_FFT, resource_name: cpu1, ref_start_time: 73867191212426, ref_stop_time: 73867191258446, actual_exe_time: 46020, task_app_start_time:73865913473941, task_sched_time:73867191205406
app_id: 0, app_name: SAR_api-aarch64, task_id: 1019, task_name: DASH_FFT, resource_name: cpu2, ref_start_time: 73867191572696, ref_stop_time: 73867191616196, actual_exe_time: 43500, task_app_start_time:73865913473941, task_sched_time:73867191566336
app_id: 0, app_name: SAR_api-aarch64, task_id: 1020, task_name: DASH_FFT, resource_name: cpu3, ref_start_time: 73867192126766, ref_stop_time: 73867192174316, actual_exe_time: 47550, task_app_start_time:73865913473941, task_sched_time:73867192122956
app_id: 0, app_name: SAR_api-aarch64, task_id: 1021, task_name: DASH_FFT, resource_name: fft1, ref_start_time: 73867192543586, ref_stop_time: 73867192580996, actual_exe_time: 37410, task_app_start_time:73865913473941, task_sched_time:73867192530386
app_id: 0, app_name: SAR_api-aarch64, task_id: 1022, task_name: DASH_FFT, resource_name: fft2, ref_start_time: 73867192947026, ref_stop_time: 73867192994066, actual_exe_time: 47040, task_app_start_time:73865913473941, task_sched_time:73867192938986
app_id: 0, app_name: SAR_api-aarch64, task_id: 1023, task_name: DASH_FFT, resource_name: cpu1, ref_start_time: 73867193586297, ref_stop_time: 73867193627067, actual_exe_time: 40770, task_app_start_time:73865913473941, task_sched_time:73867193573787
app_id: 0, app_name: SAR_api-aarch64, task_id: 1024, task_name: DASH_FFT, resource_name: cpu2, ref_start_time: 73867194029187, ref_stop_time: 73867194078297, actual_exe_time: 49110, task_app_start_time:73865913473941, task_sched_time:73867194021297
app_id: 0, app_name: SAR_api-aarch64, task_id: 1025, task_name: DASH_FFT, resource_name: cpu3, ref_start_time: 73867194443307, ref_stop_time: 73867194484707, actual_exe_time: 41400, task_app_start_time:73865913473941, task_sched_time:73867194432507
app_id: 0, app_name: SAR_api-aarch64, task_id: 1026, task_name: DASH_FFT, resource_name: fft1, ref_start_time: 73867194848067, ref_stop_time: 73867194892077, actual_exe_time: 44010, task_app_start_time:73865913473941, task_sched_time:73867194838617
app_id: 0, app_name: SAR_api-aarch64, task_id: 1027, task_name: DASH_FFT, resource_name: fft2, ref_start_time: 73867195095237, ref_stop_time: 73867195135197, actual_exe_time: 39960, task_app_start_time:73865913473941, task_sched_time:73867195089387
app_id: 0, app_name: SAR_api-aarch64, task_id: 1028, task_name: DASH_FFT, resource_name: cpu1, ref_start_time: 73867195770027, ref_stop_time: 73867195815447, actual_exe_time: 45420, task_app_start_time:73865913473941, task_sched_time:73867195758057
app_id: 0, app_name: SAR_api-aarch64, task_id: 1029, task_name: DASH_FFT, resource_name: cpu2, ref_start_time: 73867196191887, ref_stop_time: 73867196234967, actual_exe_time: 43080, task_app_start_time:73865913473941, task_sched_time:73867196183547
app_id: 0, app_name: SAR_api-aarch64, task_id: 1030, task_name: DASH_FFT, resource_name: cpu3, ref_start_time: 73867196585517, ref_stop_time: 73867196639997, actual_exe_time: 54480, task_app_start_time:73865913473941, task_sched_time:73867196581197
app_id: 0, app_name: SAR_api-aarch64, task_id: 1031, task_name: DASH_FFT, resource_name: fft1, ref_start_time: 73867197028077, ref_stop_time: 73867197065577, actual_exe_time: 37500, task_app_start_time:73865913473941, task_sched_time:73867197019557
app_id: 0, app_name: SAR_api-aarch64, task_id: 1032, task_name: DASH_FFT, resource_name: fft2, ref_start_time: 73867197449217, ref_stop_time: 73867197495987, actual_exe_time: 46770, task_app_start_time:73865913473941, task_sched_time:73867197445317
app_id: 0, app_name: SAR_api-aarch64, task_id: 1033, task_name: DASH_FFT, resource_name: cpu1, ref_start_time: 73867197975957, ref_stop_time: 73867198015737, actual_exe_time: 39780, task_app_start_time:73865913473941, task_sched_time:73867197969237
app_id: 0, app_name: SAR_api-aarch64, task_id: 1034, task_name: DASH_FFT, resource_name: cpu2, ref_start_time: 73867198374687, ref_stop_time: 73867198424847, actual_exe_time: 50160, task_app_start_time:73865913473941, task_sched_time:73867198366347
app_id: 0, app_name: SAR_api-aarch64, task_id: 1035, task_name: DASH_FFT, resource_name: cpu3, ref_start_time: 73867198759527, ref_stop_time: 73867198805907, actual_exe_time: 46380, task_app_start_time:73865913473941, task_sched_time:73867198723857
app_id: 0, app_name: SAR_api-aarch64, task_id: 1036, task_name: DASH_FFT, resource_name: fft1, ref_start_time: 73867199280447, ref_stop_time: 73867199323467, actual_exe_time: 43020, task_app_start_time:73865913473941, task_sched_time:73867199274567
app_id: 0, app_name: SAR_api-aarch64, task_id: 1037, task_name: DASH_FFT, resource_name: fft2, ref_start_time: 73867199679868, ref_stop_time: 73867199720668, actual_exe_time: 40800, task_app_start_time:73865913473941, task_sched_time:73867199675008
app_id: 0, app_name: SAR_api-aarch64, task_id: 1038, task_name: DASH_FFT, resource_name: cpu1, ref_start_time: 73867200271558, ref_stop_time: 73867200317308, actual_exe_time: 45750, task_app_start_time:73865913473941, task_sched_time:73867200265528
app_id: 0, app_name: SAR_api-aarch64, task_id: 1039, task_name: DASH_FFT, resource_name: cpu2, ref_start_time: 73867200673468, ref_stop_time: 73867200716758, actual_exe_time: 43290, task_app_start_time:73865913473941, task_sched_time:73867200667558
app_id: 0, app_name: SAR_api-aarch64, task_id: 1040, task_name: DASH_FFT, resource_name: cpu3, ref_start_time: 73867201152028, ref_stop_time: 73867201199698, actual_exe_time: 47670, task_app_start_time:73865913473941, task_sched_time:73867201142668
app_id: 0, app_name: SAR_api-aarch64, task_id: 1041, task_name: DASH_FFT, resource_name: fft1, ref_start_time: 73867201594708, ref_stop_time: 73867201632178, actual_exe_time: 37470, task_app_start_time:73865913473941, task_sched_time:73867201591468
app_id: 0, app_name: SAR_api-aarch64, task_id: 1042, task_name: DASH_FFT, resource_name: fft2, ref_start_time: 73867202225818, ref_stop_time: 73867202272438, actual_exe_time: 46620, task_app_start_time:73865913473941, task_sched_time:73867202217508
app_id: 0, app_name: SAR_api-aarch64, task_id: 1043, task_name: DASH_FFT, resource_name: cpu1, ref_start_time: 73867202953168, ref_stop_time: 73867202993578, actual_exe_time: 40410, task_app_start_time:73865913473941, task_sched_time:73867202938018
app_id: 0, app_name: SAR_api-aarch64, task_id: 1044, task_name: DASH_FFT, resource_name: cpu2, ref_start_time: 73867203399388, ref_stop_time: 73867203449788, actual_exe_time: 50400, task_app_start_time:73865913473941, task_sched_time:73867203390688
app_id: 0, app_name: SAR_api-aarch64, task_id: 1045, task_name: DASH_FFT, resource_name: cpu3, ref_start_time: 73867203859078, ref_stop_time: 73867203900148, actual_exe_time: 41070, task_app_start_time:73865913473941, task_sched_time:73867203852808
app_id: 0, app_name: SAR_api-aarch64, task_id: 1046, task_name: DASH_FFT, resource_name: fft1, ref_start_time: 73867204266388, ref_stop_time: 73867204310068, actual_exe_time: 43680, task_app_start_time:73865913473941, task_sched_time:73867204257778
app_id: 0, app_name: SAR_api-aarch64, task_id: 1047, task_name: DASH_FFT, resource_name: fft2, ref_start_time: 73867204669678, ref_stop_time: 73867204709458, actual_exe_time: 39780, task_app_start_time:73865913473941, task_sched_time:73867204663768
app_id: 0, app_name: SAR_api-aarch64, task_id: 1048, task_name: DASH_FFT, resource_name: cpu1, ref_start_time: 73867205361688, ref_stop_time: 73867205415268, actual_exe_time: 53580, task_app_start_time:73865913473941, task_sched_time:73867205348938
app_id: 0, app_name: SAR_api-aarch64, task_id: 1049, task_name: DASH_FFT, resource_name: cpu2, ref_start_time: 73867205829238, ref_stop_time: 73867205872199, actual_exe_time: 42961, task_app_start_time:73865913473941, task_sched_time:73867205819638
app_id: 0, app_name: SAR_api-aarch64, task_id: 1050, task_name: DASH_FFT, resource_name: cpu3, ref_start_time: 73867206232259, ref_stop_time: 73867206280529, actual_exe_time: 48270, task_app_start_time:73865913473941, task_sched_time:73867206225689
app_id: 0, app_name: SAR_api-aarch64, task_id: 1051, task_name: DASH_FFT, resource_name: fft1, ref_start_time: 73867206514709, ref_stop_time: 73867206554009, actual_exe_time: 39300, task_app_start_time:73865913473941, task_sched_time:73867206502079
app_id: 0, app_name: SAR_api-aarch64, task_id: 1052, task_name: DASH_FFT, resource_name: fft2, ref_start_time: 73867207112399, ref_stop_time: 73867207159439, actual_exe_time: 47040, task_app_start_time:73865913473941, task_sched_time:73867207106639
app_id: 0, app_name: SAR_api-aarch64, task_id: 1053, task_name: DASH_FFT, resource_name: cpu1, ref_start_time: 73867209258479, ref_stop_time: 73867209315149, actual_exe_time: 56670, task_app_start_time:73865913473941, task_sched_time:73867209250019
app_id: 0, app_name: SAR_api-aarch64, task_id: 1054, task_name: DASH_FFT, resource_name: cpu2, ref_start_time: 73867209942149, ref_stop_time: 73867210004729, actual_exe_time: 62580, task_app_start_time:73865913473941, task_sched_time:73867209939269
app_id: 0, app_name: SAR_api-aarch64, task_id: 1055, task_name: DASH_FFT, resource_name: cpu3, ref_start_time: 73867210380599, ref_stop_time: 73867210426889, actual_exe_time: 46290, task_app_start_time:73865913473941, task_sched_time:73867210370489
app_id: 0, app_name: SAR_api-aarch64, task_id: 1056, task_name: DASH_FFT, resource_name: fft1, ref_start_time: 73867210928669, ref_stop_time: 73867210972859, actual_exe_time: 44190, task_app_start_time:73865913473941, task_sched_time:73867210917269
app_id: 0, app_name: SAR_api-aarch64, task_id: 1057, task_name: DASH_FFT, resource_name: fft2, ref_start_time: 73867211329919, ref_stop_time: 73867211369879, actual_exe_time: 39960, task_app_start_time:73865913473941, task_sched_time:73867211323439
app_id: 0, app_name: SAR_api-aarch64, task_id: 1058, task_name: DASH_FFT, resource_name: cpu1, ref_start_time: 73867211908499, ref_stop_time: 73867211955599, actual_exe_time: 47100, task_app_start_time:73865913473941, task_sched_time:73867211906009
app_id: 0, app_name: SAR_api-aarch64, task_id: 1059, task_name: DASH_FFT, resource_name: cpu2, ref_start_time: 73867212468930, ref_stop_time: 73867212512790, actual_exe_time: 43860, task_app_start_time:73865913473941, task_sched_time:73867212464520
app_id: 0, app_name: SAR_api-aarch64, task_id: 1060, task_name: DASH_FFT, resource_name: cpu3, ref_start_time: 73867212758670, ref_stop_time: 73867212810300, actual_exe_time: 51630, task_app_start_time:73865913473941, task_sched_time:73867212749220
app_id: 0, app_name: SAR_api-aarch64, task_id: 1061, task_name: DASH_FFT, resource_name: fft1, ref_start_time: 73867213252560, ref_stop_time: 73867213289910, actual_exe_time: 37350, task_app_start_time:73865913473941, task_sched_time:73867213246410
app_id: 0, app_name: SAR_api-aarch64, task_id: 1062, task_name: DASH_FFT, resource_name: fft2, ref_start_time: 73867213522650, ref_stop_time: 73867213591530, actual_exe_time: 68880, task_app_start_time:73865913473941, task_sched_time:73867213514520
app_id: 0, app_name: SAR_api-aarch64, task_id: 1063, task_name: DASH_FFT, resource_name: cpu1, ref_start_time: 73867214385540, ref_stop_time: 73867214425200, actual_exe_time: 39660, task_app_start_time:73865913473941, task_sched_time:73867214372250
app_id: 0, app_name: SAR_api-aarch64, task_id: 1064, task_name: DASH_FFT, resource_name: cpu2, ref_start_time: 73867214842200, ref_stop_time: 73867214893110, actual_exe_time: 50910, task_app_start_time:73865913473941, task_sched_time:73867214838180
app_id: 0, app_name: SAR_api-aarch64, task_id: 1065, task_name: DASH_FFT, resource_name: cpu3, ref_start_time: 73867215283260, ref_stop_time: 73867215324660, actual_exe_time: 41400, task_app_start_time:73865913473941, task_sched_time:73867215279120
app_id: 0, app_name: SAR_api-aarch64, task_id: 1066, task_name: DASH_FFT, resource_name: fft1, ref_start_time: 73867215775110, ref_stop_time: 73867215820020, actual_exe_time: 44910, task_app_start_time:73865913473941, task_sched_time:73867215762600
app_id: 0, app_name: SAR_api-aarch64, task_id: 1067, task_name: DASH_FFT, resource_name: fft2, ref_start_time: 73867216217760, ref_stop_time: 73867216257540, actual_exe_time: 39780, task_app_start_time:73865913473941, task_sched_time:73867216214400
app_id: 0, app_name: SAR_api-aarch64, task_id: 1068, task_name: DASH_FFT, resource_name: cpu1, ref_start_time: 73867216810740, ref_stop_time: 73867216856640, actual_exe_time: 45900, task_app_start_time:73865913473941, task_sched_time:73867216806960
app_id: 0, app_name: SAR_api-aarch64, task_id: 1069, task_name: DASH_FFT, resource_name: cpu2, ref_start_time: 73867217327490, ref_stop_time: 73867217371680, actual_exe_time: 44190, task_app_start_time:73865913473941, task_sched_time:73867217318550
app_id: 0, app_name: SAR_api-aarch64, task_id: 1070, task_name: DASH_FFT, resource_name: cpu3, ref_start_time: 73867217928990, ref_stop_time: 73867217976840, actual_exe_time: 47850, task_app_start_time:73865913473941, task_sched_time:73867217908650
app_id: 0, app_name: SAR_api-aarch64, task_id: 1071, task_name: DASH_FFT, resource_name: fft1, ref_start_time: 73867218402931, ref_stop_time: 73867218440641, actual_exe_time: 37710, task_app_start_time:73865913473941, task_sched_time:73867218393061
app_id: 0, app_name: SAR_api-aarch64, task_id: 1072, task_name: DASH_FFT, resource_name: fft2, ref_start_time: 73867218745141, ref_stop_time: 73867218792871, actual_exe_time: 47730, task_app_start_time:73865913473941, task_sched_time:73867218739411
app_id: 0, app_name: SAR_api-aarch64, task_id: 1073, task_name: DASH_FFT, resource_name: cpu1, ref_start_time: 73867219394521, ref_stop_time: 73867219434571, actual_exe_time: 40050, task_app_start_time:73865913473941, task_sched_time:73867219381531
app_id: 0, app_name: SAR_api-aarch64, task_id: 1074, task_name: DASH_FFT, resource_name: cpu2, ref_start_time: 73867219918411, ref_stop_time: 73867219968361, actual_exe_time: 49950, task_app_start_time:73865913473941, task_sched_time:73867219914841
app_id: 0, app_name: SAR_api-aarch64, task_id: 1075, task_name: DASH_FFT, resource_name: cpu3, ref_start_time: 73867220393341, ref_stop_time: 73867220434261, actual_exe_time: 40920, task_app_start_time:73865913473941, task_sched_time:73867220379241
app_id: 0, app_name: SAR_api-aarch64, task_id: 1076, task_name: DASH_FFT, resource_name: fft1, ref_start_time: 73867220814301, ref_stop_time: 73867220857291, actual_exe_time: 42990, task_app_start_time:73865913473941, task_sched_time:73867220805541
app_id: 0, app_name: SAR_api-aarch64, task_id: 1077, task_name: DASH_FFT, resource_name: fft2, ref_start_time: 73867221193351, ref_stop_time: 73867221234121, actual_exe_time: 40770, task_app_start_time:73865913473941, task_sched_time:73867221187441
app_id: 0, app_name: SAR_api-aarch64, task_id: 1078, task_name: DASH_FFT, resource_name: cpu1, ref_start_time: 73867221934231, ref_stop_time: 73867221980131, actual_exe_time: 45900, task_app_start_time:73865913473941, task_sched_time:73867221929521
app_id: 0, app_name: SAR_api-aarch64, task_id: 1079, task_name: DASH_FFT, resource_name: cpu2, ref_start_time: 73867222409131, ref_stop_time: 73867222452091, actual_exe_time: 42960, task_app_start_time:73865913473941, task_sched_time:73867222400041
app_id: 0, app_name: SAR_api-aarch64, task_id: 1080, task_name: DASH_FFT, resource_name: cpu3, ref_start_time: 73867222880191, ref_stop_time: 73867222928251, actual_exe_time: 48060, task_app_start_time:73865913473941, task_sched_time:73867222872991
app_id: 0, app_name: SAR_api-aarch64, task_id: 1081, task_name: DASH_FFT, resource_name: fft1, ref_start_time: 73867223290891, ref_stop_time: 73867223328001, actual_exe_time: 37110, task_app_start_time:73865913473941, task_sched_time:73867223285101
app_id: 0, app_name: SAR_api-aarch64, task_id: 1082, task_name: DASH_FFT, resource_name: fft2, ref_start_time: 73867223789611, ref_stop_time: 73867223837221, actual_exe_time: 47610, task_app_start_time:73865913473941, task_sched_time:73867223785561
app_id: 0, app_name: SAR_api-aarch64, task_id: 1083, task_name: DASH_FFT, resource_name: cpu1, ref_start_time: 73867224293551, ref_stop_time: 73867224333271, actual_exe_time: 39720, task_app_start_time:73865913473941, task_sched_time:73867224286351
app_id: 0, app_name: SAR_api-aarch64, task_id: 1084, task_name: DASH_FFT, resource_name: cpu2, ref_start_time: 73867224876512, ref_stop_time: 73867224935912, actual_exe_time: 59400, task_app_start_time:73865913473941, task_sched_time:73867224864932
app_id: 0, app_name: SAR_api-aarch64, task_id: 1085, task_name: DASH_FFT, resource_name: cpu3, ref_start_time: 73867225244042, ref_stop_time: 73867225284872, actual_exe_time: 40830, task_app_start_time:73865913473941, task_sched_time:73867225228322
app_id: 0, app_name: SAR_api-aarch64, task_id: 1086, task_name: DASH_FFT, resource_name: fft1, ref_start_time: 73867225874882, ref_stop_time: 73867225918922, actual_exe_time: 44040, task_app_start_time:73865913473941, task_sched_time:73867225864352
app_id: 0, app_name: SAR_api-aarch64, task_id: 1087, task_name: DASH_FFT, resource_name: fft2, ref_start_time: 73867226300072, ref_stop_time: 73867226340692, actual_exe_time: 40620, task_app_start_time:73865913473941, task_sched_time:73867226293382
app_id: 0, app_name: SAR_api-aarch64, task_id: 1088, task_name: DASH_FFT, resource_name: cpu1, ref_start_time: 73867227113672, ref_stop_time: 73867227159452, actual_exe_time: 45780, task_app_start_time:73865913473941, task_sched_time:73867227104162
app_id: 0, app_name: SAR_api-aarch64, task_id: 1089, task_name: DASH_FFT, resource_name: cpu2, ref_start_time: 73867227565862, ref_stop_time: 73867227608972, actual_exe_time: 43110, task_app_start_time:73865913473941, task_sched_time:73867227560042
app_id: 0, app_name: SAR_api-aarch64, task_id: 1090, task_name: DASH_FFT, resource_name: cpu3, ref_start_time: 73867228050332, ref_stop_time: 73867228099592, actual_exe_time: 49260, task_app_start_time:73865913473941, task_sched_time:73867228047602
app_id: 0, app_name: SAR_api-aarch64, task_id: 1091, task_name: DASH_FFT, resource_name: fft1, ref_start_time: 73867228525502, ref_stop_time: 73867228562882, actual_exe_time: 37380, task_app_start_time:73865913473941, task_sched_time:73867228520342
app_id: 0, app_name: SAR_api-aarch64, task_id: 1092, task_name: DASH_FFT, resource_name: fft2, ref_start_time: 73867229007812, ref_stop_time: 73867229055272, actual_exe_time: 47460, task_app_start_time:73865913473941, task_sched_time:73867229004782
app_id: 0, app_name: SAR_api-aarch64, task_id: 1093, task_name: DASH_FFT, resource_name: cpu1, ref_start_time: 73867229655422, ref_stop_time: 73867229695712, actual_exe_time: 40290, task_app_start_time:73865913473941, task_sched_time:73867229651612
app_id: 0, app_name: SAR_api-aarch64, task_id: 1094, task_name: DASH_FFT, resource_name: cpu2, ref_start_time: 73867230187052, ref_stop_time: 73867230236852, actual_exe_time: 49800, task_app_start_time:73865913473941, task_sched_time:73867230183032
app_id: 0, app_name: SAR_api-aarch64, task_id: 1095, task_name: DASH_FFT, resource_name: cpu3, ref_start_time: 73867230556952, ref_stop_time: 73867230598952, actual_exe_time: 42000, task_app_start_time:73865913473941, task_sched_time:73867230542372
app_id: 0, app_name: SAR_api-aarch64, task_id: 1096, task_name: DASH_FFT, resource_name: fft1, ref_start_time: 73867231093023, ref_stop_time: 73867231136163, actual_exe_time: 43140, task_app_start_time:73865913473941, task_sched_time:73867231088403
app_id: 0, app_name: SAR_api-aarch64, task_id: 1097, task_name: DASH_FFT, resource_name: fft2, ref_start_time: 73867231460343, ref_stop_time: 73867231501113, actual_exe_time: 40770, task_app_start_time:73865913473941, task_sched_time:73867231452213
app_id: 0, app_name: SAR_api-aarch64, task_id: 1098, task_name: DASH_FFT, resource_name: cpu1, ref_start_time: 73867232310273, ref_stop_time: 73867232356803, actual_exe_time: 46530, task_app_start_time:73865913473941, task_sched_time:73867232303793
app_id: 0, app_name: SAR_api-aarch64, task_id: 1099, task_name: DASH_FFT, resource_name: cpu2, ref_start_time: 73867232766423, ref_stop_time: 73867232810523, actual_exe_time: 44100, task_app_start_time:73865913473941, task_sched_time:73867232762343
app_id: 0, app_name: SAR_api-aarch64, task_id: 1100, task_name: DASH_FFT, resource_name: cpu3, ref_start_time: 73867233339183, ref_stop_time: 73867233387273, actual_exe_time: 48090, task_app_start_time:73865913473941, task_sched_time:73867233335823
app_id: 0, app_name: SAR_api-aarch64, task_id: 1101, task_name: DASH_FFT, resource_name: fft1, ref_start_time: 73867233812763, ref_stop_time: 73867233850743, actual_exe_time: 37980, task_app_start_time:73865913473941, task_sched_time:73867233806103
app_id: 0, app_name: SAR_api-aarch64, task_id: 1102, task_name: DASH_FFT, resource_name: fft2, ref_start_time: 73867234268043, ref_stop_time: 73867234314933, actual_exe_time: 46890, task_app_start_time:73865913473941, task_sched_time:73867234264353
app_id: 0, app_name: SAR_api-aarch64, task_id: 1103, task_name: DASH_FFT, resource_name: cpu1, ref_start_time: 73867234827903, ref_stop_time: 73867234868463, actual_exe_time: 40560, task_app_start_time:73865913473941, task_sched_time:73867234815093
app_id: 0, app_name: SAR_api-aarch64, task_id: 1104, task_name: DASH_FFT, resource_name: cpu2, ref_start_time: 73867235275893, ref_stop_time: 73867235325843, actual_exe_time: 49950, task_app_start_time:73865913473941, task_sched_time:73867235273313
app_id: 0, app_name: SAR_api-aarch64, task_id: 1105, task_name: DASH_FFT, resource_name: cpu3, ref_start_time: 73867235622003, ref_stop_time: 73867235663313, actual_exe_time: 41310, task_app_start_time:73865913473941, task_sched_time:73867235615433
app_id: 0, app_name: SAR_api-aarch64, task_id: 1106, task_name: DASH_FFT, resource_name: fft1, ref_start_time: 73867236258093, ref_stop_time: 73867236302163, actual_exe_time: 44070, task_app_start_time:73865913473941, task_sched_time:73867236244803
app_id: 0, app_name: SAR_api-aarch64, task_id: 1107, task_name: DASH_FFT, resource_name: fft2, ref_start_time: 73867236656253, ref_stop_time: 73867236696123, actual_exe_time: 39870, task_app_start_time:73865913473941, task_sched_time:73867236649923
app_id: 0, app_name: SAR_api-aarch64, task_id: 1108, task_name: DASH_FFT, resource_name: cpu1, ref_start_time: 73867237217674, ref_stop_time: 73867237263484, actual_exe_time: 45810, task_app_start_time:73865913473941, task_sched_time:73867237206664
app_id: 0, app_name: SAR_api-aarch64, task_id: 1109, task_name: DASH_FFT, resource_name: cpu2, ref_start_time: 73867237747864, ref_stop_time: 73867237791664, actual_exe_time: 43800, task_app_start_time:73865913473941, task_sched_time:73867237741264
app_id: 0, app_name: SAR_api-aarch64, task_id: 1110, task_name: DASH_FFT, resource_name: cpu3, ref_start_time: 73867238143504, ref_stop_time: 73867238191414, actual_exe_time: 47910, task_app_start_time:73865913473941, task_sched_time:73867238140834
app_id: 0, app_name: SAR_api-aarch64, task_id: 1111, task_name: DASH_FFT, resource_name: fft1, ref_start_time: 73867238653804, ref_stop_time: 73867238691724, actual_exe_time: 37920, task_app_start_time:73865913473941, task_sched_time:73867238642794
app_id: 0, app_name: SAR_api-aarch64, task_id: 1112, task_name: DASH_FFT, resource_name: fft2, ref_start_time: 73867239144424, ref_stop_time: 73867239192364, actual_exe_time: 47940, task_app_start_time:73865913473941, task_sched_time:73867239137404
app_id: 0, app_name: SAR_api-aarch64, task_id: 1113, task_name: DASH_FFT, resource_name: cpu1, ref_start_time: 73867239741184, ref_stop_time: 73867239781864, actual_exe_time: 40680, task_app_start_time:73865913473941, task_sched_time:73867239737704
app_id: 0, app_name: SAR_api-aarch64, task_id: 1114, task_name: DASH_FFT, resource_name: cpu2, ref_start_time: 73867240132804, ref_stop_time: 73867240182544, actual_exe_time: 49740, task_app_start_time:73865913473941, task_sched_time:73867240130164
app_id: 0, app_name: SAR_api-aarch64, task_id: 1115, task_name: DASH_FFT, resource_name: cpu3, ref_start_time: 73867240565824, ref_stop_time: 73867240607254, actual_exe_time: 41430, task_app_start_time:73865913473941, task_sched_time:73867240561054
app_id: 0, app_name: SAR_api-aarch64, task_id: 1116, task_name: DASH_FFT, resource_name: fft1, ref_start_time: 73867241118154, ref_stop_time: 73867241161594, actual_exe_time: 43440, task_app_start_time:73865913473941, task_sched_time:73867241114854
app_id: 0, app_name: SAR_api-aarch64, task_id: 1117, task_name: DASH_FFT, resource_name: fft2, ref_start_time: 73867241481664, ref_stop_time: 73867241543914, actual_exe_time: 62250, task_app_start_time:73865913473941, task_sched_time:73867241477254
app_id: 0, app_name: SAR_api-aarch64, task_id: 1118, task_name: DASH_FFT, resource_name: cpu1, ref_start_time: 73867242380254, ref_stop_time: 73867242426484, actual_exe_time: 46230, task_app_start_time:73865913473941, task_sched_time:73867242373054
app_id: 0, app_name: SAR_api-aarch64, task_id: 1119, task_name: DASH_FFT, resource_name: cpu2, ref_start_time: 73867242786574, ref_stop_time: 73867242829654, actual_exe_time: 43080, task_app_start_time:73865913473941, task_sched_time:73867242782794
app_id: 0, app_name: SAR_api-aarch64, task_id: 1120, task_name: DASH_FFT, resource_name: cpu3, ref_start_time: 73867243245455, ref_stop_time: 73867243300835, actual_exe_time: 55380, task_app_start_time:73865913473941, task_sched_time:73867243239905
app_id: 0, app_name: SAR_api-aarch64, task_id: 1121, task_name: DASH_FFT, resource_name: fft1, ref_start_time: 73867243876205, ref_stop_time: 73867243913285, actual_exe_time: 37080, task_app_start_time:73865913473941, task_sched_time:73867243872665
app_id: 0, app_name: SAR_api-aarch64, task_id: 1122, task_name: DASH_FFT, resource_name: fft2, ref_start_time: 73867244333615, ref_stop_time: 73867244383025, actual_exe_time: 49410, task_app_start_time:73865913473941, task_sched_time:73867244325305
app_id: 0, app_name: SAR_api-aarch64, task_id: 1123, task_name: DASH_FFT, resource_name: cpu1, ref_start_time: 73867244976215, ref_stop_time: 73867245015545, actual_exe_time: 39330, task_app_start_time:73865913473941, task_sched_time:73867244963585
app_id: 0, app_name: SAR_api-aarch64, task_id: 1124, task_name: DASH_FFT, resource_name: cpu2, ref_start_time: 73867245434735, ref_stop_time: 73867245484535, actual_exe_time: 49800, task_app_start_time:73865913473941, task_sched_time:73867245424925
app_id: 0, app_name: SAR_api-aarch64, task_id: 1125, task_name: DASH_FFT, resource_name: cpu3, ref_start_time: 73867245853265, ref_stop_time: 73867245895145, actual_exe_time: 41880, task_app_start_time:73865913473941, task_sched_time:73867245850145
app_id: 0, app_name: SAR_api-aarch64, task_id: 1126, task_name: DASH_FFT, resource_name: fft1, ref_start_time: 73867246376285, ref_stop_time: 73867246427585, actual_exe_time: 51300, task_app_start_time:73865913473941, task_sched_time:73867246365485
app_id: 0, app_name: SAR_api-aarch64, task_id: 1127, task_name: DASH_FFT, resource_name: fft2, ref_start_time: 73867246812395, ref_stop_time: 73867246854125, actual_exe_time: 41730, task_app_start_time:73865913473941, task_sched_time:73867246809305
app_id: 0, app_name: SAR_api-aarch64, task_id: 1128, task_name: DASH_FFT, resource_name: cpu1, ref_start_time: 73867247429135, ref_stop_time: 73867247474345, actual_exe_time: 45210, task_app_start_time:73865913473941, task_sched_time:73867247420165
app_id: 0, app_name: SAR_api-aarch64, task_id: 1129, task_name: DASH_FFT, resource_name: cpu2, ref_start_time: 73867247878865, ref_stop_time: 73867247922035, actual_exe_time: 43170, task_app_start_time:73865913473941, task_sched_time:73867247874065
app_id: 0, app_name: SAR_api-aarch64, task_id: 1130, task_name: DASH_FFT, resource_name: cpu3, ref_start_time: 73867248363935, ref_stop_time: 73867248412085, actual_exe_time: 48150, task_app_start_time:73865913473941, task_sched_time:73867248361025
app_id: 0, app_name: SAR_api-aarch64, task_id: 1131, task_name: DASH_FFT, resource_name: fft1, ref_start_time: 73867248807695, ref_stop_time: 73867248845015, actual_exe_time: 37320, task_app_start_time:73865913473941, task_sched_time:73867248797495
app_id: 0, app_name: SAR_api-aarch64, task_id: 1132, task_name: DASH_FFT, resource_name: fft2, ref_start_time: 73867249338635, ref_stop_time: 73867249386606, actual_exe_time: 47971, task_app_start_time:73865913473941, task_sched_time:73867249330355
app_id: 0, app_name: SAR_api-aarch64, task_id: 1133, task_name: DASH_FFT, resource_name: cpu1, ref_start_time: 73867249763706, ref_stop_time: 73867249803606, actual_exe_time: 39900, task_app_start_time:73865913473941, task_sched_time:73867249757016
app_id: 0, app_name: SAR_api-aarch64, task_id: 1134, task_name: DASH_FFT, resource_name: cpu2, ref_start_time: 73867250377296, ref_stop_time: 73867250426856, actual_exe_time: 49560, task_app_start_time:73865913473941, task_sched_time:73867250372706
app_id: 0, app_name: SAR_api-aarch64, task_id: 1135, task_name: DASH_FFT, resource_name: cpu3, ref_start_time: 73867250819646, ref_stop_time: 73867250860446, actual_exe_time: 40800, task_app_start_time:73865913473941, task_sched_time:73867250804916
app_id: 0, app_name: SAR_api-aarch64, task_id: 1136, task_name: DASH_FFT, resource_name: fft1, ref_start_time: 73867251244146, ref_stop_time: 73867251287376, actual_exe_time: 43230, task_app_start_time:73865913473941, task_sched_time:73867251241686
app_id: 0, app_name: SAR_api-aarch64, task_id: 1137, task_name: DASH_FFT, resource_name: fft2, ref_start_time: 73867251674676, ref_stop_time: 73867251715206, actual_exe_time: 40530, task_app_start_time:73865913473941, task_sched_time:73867251671556
app_id: 0, app_name: SAR_api-aarch64, task_id: 1138, task_name: DASH_FFT, resource_name: cpu1, ref_start_time: 73867252286616, ref_stop_time: 73867252332186, actual_exe_time: 45570, task_app_start_time:73865913473941, task_sched_time:73867252274496
app_id: 0, app_name: SAR_api-aarch64, task_id: 1139, task_name: DASH_FFT, resource_name: cpu2, ref_start_time: 73867252732596, ref_stop_time: 73867252775916, actual_exe_time: 43320, task_app_start_time:73865913473941, task_sched_time:73867252728276
app_id: 0, app_name: SAR_api-aarch64, task_id: 1140, task_name: DASH_FFT, resource_name: cpu3, ref_start_time: 73867253133336, ref_stop_time: 73867253180706, actual_exe_time: 47370, task_app_start_time:73865913473941, task_sched_time:73867253125656
app_id: 0, app_name: SAR_api-aarch64, task_id: 1141, task_name: DASH_FFT, resource_name: fft1, ref_start_time: 73867253419686, ref_stop_time: 73867253457336, actual_exe_time: 37650, task_app_start_time:73865913473941, task_sched_time:73867253413986
app_id: 0, app_name: SAR_api-aarch64, task_id: 1142, task_name: DASH_FFT, resource_name: fft2, ref_start_time: 73867254017646, ref_stop_time: 73867254064776, actual_exe_time: 47130, task_app_start_time:73865913473941, task_sched_time:73867254011556
app_id: 0, app_name: SAR_api-aarch64, task_id: 1143, task_name: DASH_FFT, resource_name: cpu1, ref_start_time: 73867254565566, ref_stop_time: 73867254605376, actual_exe_time: 39810, task_app_start_time:73865913473941, task_sched_time:73867254554046
app_id: 0, app_name: SAR_api-aarch64, task_id: 1144, task_name: DASH_FFT, resource_name: cpu2, ref_start_time: 73867255031646, ref_stop_time: 73867255082046, actual_exe_time: 50400, task_app_start_time:73865913473941, task_sched_time:73867255023366
app_id: 0, app_name: SAR_api-aarch64, task_id: 1145, task_name: DASH_FFT, resource_name: cpu3, ref_start_time: 73867255487946, ref_stop_time: 73867255529046, actual_exe_time: 41100, task_app_start_time:73865913473941, task_sched_time:73867255480806
app_id: 0, app_name: SAR_api-aarch64, task_id: 1146, task_name: DASH_FFT, resource_name: fft1, ref_start_time: 73867255914187, ref_stop_time: 73867255957477, actual_exe_time: 43290, task_app_start_time:73865913473941, task_sched_time:73867255902067
app_id: 0, app_name: SAR_api-aarch64, task_id: 1147, task_name: DASH_FFT, resource_name: fft2, ref_start_time: 73867256316427, ref_stop_time: 73867256356747, actual_exe_time: 40320, task_app_start_time:73865913473941, task_sched_time:73867256313187
app_id: 0, app_name: SAR_api-aarch64, task_id: 1148, task_name: DASH_FFT, resource_name: cpu1, ref_start_time: 73867256927047, ref_stop_time: 73867256972077, actual_exe_time: 45030, task_app_start_time:73865913473941, task_sched_time:73867256918467
app_id: 0, app_name: SAR_api-aarch64, task_id: 1149, task_name: DASH_FFT, resource_name: cpu2, ref_start_time: 73867257417307, ref_stop_time: 73867257460597, actual_exe_time: 43290, task_app_start_time:73865913473941, task_sched_time:73867257409147
app_id: 0, app_name: SAR_api-aarch64, task_id: 1150, task_name: DASH_FFT, resource_name: cpu3, ref_start_time: 73867257837937, ref_stop_time: 73867257885457, actual_exe_time: 47520, task_app_start_time:73865913473941, task_sched_time:73867257778327
app_id: 0, app_name: SAR_api-aarch64, task_id: 1151, task_name: DASH_FFT, resource_name: fft1, ref_start_time: 73867258298887, ref_stop_time: 73867258336117, actual_exe_time: 37230, task_app_start_time:73865913473941, task_sched_time:73867258296367
app_id: 0, app_name: SAR_api-aarch64, task_id: 1152, task_name: DASH_FFT, resource_name: fft2, ref_start_time: 73867258643287, ref_stop_time: 73867258697917, actual_exe_time: 54630, task_app_start_time:73865913473941, task_sched_time:73867258636237
app_id: 0, app_name: SAR_api-aarch64, task_id: 1153, task_name: DASH_FFT, resource_name: cpu1, ref_start_time: 73867259255347, ref_stop_time: 73867259295037, actual_exe_time: 39690, task_app_start_time:73865913473941, task_sched_time:73867259245957
app_id: 0, app_name: SAR_api-aarch64, task_id: 1154, task_name: DASH_FFT, resource_name: cpu2, ref_start_time: 73867259447257, ref_stop_time: 73867259496907, actual_exe_time: 49650, task_app_start_time:73865913473941, task_sched_time:73867259444227
app_id: 0, app_name: SAR_api-aarch64, task_id: 1155, task_name: DASH_FFT, resource_name: cpu3, ref_start_time: 73867260052357, ref_stop_time: 73867260093397, actual_exe_time: 41040, task_app_start_time:73865913473941, task_sched_time:73867260044167
app_id: 0, app_name: SAR_api-aarch64, task_id: 1156, task_name: DASH_FFT, resource_name: fft1, ref_start_time: 73867260493057, ref_stop_time: 73867260536287, actual_exe_time: 43230, task_app_start_time:73865913473941, task_sched_time:73867260485077
app_id: 0, app_name: SAR_api-aarch64, task_id: 1157, task_name: DASH_FFT, resource_name: fft2, ref_start_time: 73867260912457, ref_stop_time: 73867260954247, actual_exe_time: 41790, task_app_start_time:73865913473941, task_sched_time:73867260909277
app_id: 0, app_name: SAR_api-aarch64, task_id: 1158, task_name: DASH_FFT, resource_name: cpu1, ref_start_time: 73867261424017, ref_stop_time: 73867261470877, actual_exe_time: 46860, task_app_start_time:73865913473941, task_sched_time:73867261418017
app_id: 0, app_name: SAR_api-aarch64, task_id: 1159, task_name: DASH_FFT, resource_name: cpu2, ref_start_time: 73867261870148, ref_stop_time: 73867261913168, actual_exe_time: 43020, task_app_start_time:73865913473941, task_sched_time:73867261865288
app_id: 0, app_name: SAR_api-aarch64, task_id: 1160, task_name: DASH_FFT, resource_name: cpu3, ref_start_time: 73867262343668, ref_stop_time: 73867262391938, actual_exe_time: 48270, task_app_start_time:73865913473941, task_sched_time:73867262336648
app_id: 0, app_name: SAR_api-aarch64, task_id: 1161, task_name: DASH_FFT, resource_name: fft1, ref_start_time: 73867262713298, ref_stop_time: 73867262750828, actual_exe_time: 37530, task_app_start_time:73865913473941, task_sched_time:73867262710538
app_id: 0, app_name: SAR_api-aarch64, task_id: 1162, task_name: DASH_FFT, resource_name: fft2, ref_start_time: 73867263193118, ref_stop_time: 73867263239888, actual_exe_time: 46770, task_app_start_time:73865913473941, task_sched_time:73867263187628
app_id: 0, app_name: SAR_api-aarch64, task_id: 1163, task_name: DASH_FFT, resource_name: cpu1, ref_start_time: 73867263801338, ref_stop_time: 73867263840878, actual_exe_time: 39540, task_app_start_time:73865913473941, task_sched_time:73867263798608
app_id: 0, app_name: SAR_api-aarch64, task_id: 1164, task_name: DASH_FFT, resource_name: cpu2, ref_start_time: 73867264323728, ref_stop_time: 73867264374308, actual_exe_time: 50580, task_app_start_time:73865913473941, task_sched_time:73867264315868
app_id: 0, app_name: SAR_api-aarch64, task_id: 1165, task_name: DASH_FFT, resource_name: cpu3, ref_start_time: 73867264709198, ref_stop_time: 73867264750778, actual_exe_time: 41580, task_app_start_time:73865913473941, task_sched_time:73867264661708
app_id: 0, app_name: SAR_api-aarch64, task_id: 1166, task_name: DASH_FFT, resource_name: fft1, ref_start_time: 73867265253038, ref_stop_time: 73867265296208, actual_exe_time: 43170, task_app_start_time:73865913473941, task_sched_time:73867265243828
app_id: 0, app_name: SAR_api-aarch64, task_id: 1167, task_name: DASH_FFT, resource_name: fft2, ref_start_time: 73867265503358, ref_stop_time: 73867265543888, actual_exe_time: 40530, task_app_start_time:73865913473941, task_sched_time:73867265497178
app_id: 0, app_name: SAR_api-aarch64, task_id: 1168, task_name: DASH_FFT, resource_name: cpu1, ref_start_time: 73867266291848, ref_stop_time: 73867266337868, actual_exe_time: 46020, task_app_start_time:73865913473941, task_sched_time:73867266288218
app_id: 0, app_name: SAR_api-aarch64, task_id: 1169, task_name: DASH_FFT, resource_name: cpu2, ref_start_time: 73867266738068, ref_stop_time: 73867266781388, actual_exe_time: 43320, task_app_start_time:73865913473941, task_sched_time:73867266730598
app_id: 0, app_name: SAR_api-aarch64, task_id: 1170, task_name: DASH_FFT, resource_name: cpu3, ref_start_time: 73867267181918, ref_stop_time: 73867267230578, actual_exe_time: 48660, task_app_start_time:73865913473941, task_sched_time:73867267156838
app_id: 0, app_name: SAR_api-aarch64, task_id: 1171, task_name: DASH_FFT, resource_name: fft1, ref_start_time: 73867267611698, ref_stop_time: 73867267648928, actual_exe_time: 37230, task_app_start_time:73865913473941, task_sched_time:73867267604108
app_id: 0, app_name: SAR_api-aarch64, task_id: 1172, task_name: DASH_FFT, resource_name: fft2, ref_start_time: 73867268000018, ref_stop_time: 73867268047299, actual_exe_time: 47281, task_app_start_time:73865913473941, task_sched_time:73867267995878
app_id: 0, app_name: SAR_api-aarch64, task_id: 1173, task_name: DASH_FFT, resource_name: cpu1, ref_start_time: 73867268671599, ref_stop_time: 73867268711859, actual_exe_time: 40260, task_app_start_time:73865913473941, task_sched_time:73867268659119
app_id: 0, app_name: SAR_api-aarch64, task_id: 1174, task_name: DASH_FFT, resource_name: cpu2, ref_start_time: 73867269112179, ref_stop_time: 73867269161979, actual_exe_time: 49800, task_app_start_time:73865913473941, task_sched_time:73867269107799
app_id: 0, app_name: SAR_api-aarch64, task_id: 1175, task_name: DASH_FFT, resource_name: cpu3, ref_start_time: 73867269326469, ref_stop_time: 73867269367209, actual_exe_time: 40740, task_app_start_time:73865913473941, task_sched_time:73867269318039
app_id: 0, app_name: SAR_api-aarch64, task_id: 1176, task_name: DASH_FFT, resource_name: fft1, ref_start_time: 73867269897489, ref_stop_time: 73867269943149, actual_exe_time: 45660, task_app_start_time:73865913473941, task_sched_time:73867269892989
app_id: 0, app_name: SAR_api-aarch64, task_id: 1177, task_name: DASH_FFT, resource_name: fft2, ref_start_time: 73867270364409, ref_stop_time: 73867270404489, actual_exe_time: 40080, task_app_start_time:73865913473941, task_sched_time:73867270358889
app_id: 0, app_name: SAR_api-aarch64, task_id: 1178, task_name: DASH_FFT, resource_name: cpu1, ref_start_time: 73867270856739, ref_stop_time: 73867270902159, actual_exe_time: 45420, task_app_start_time:73865913473941, task_sched_time:73867270852659
app_id: 0, app_name: SAR_api-aarch64, task_id: 1179, task_name: DASH_FFT, resource_name: cpu2, ref_start_time: 73867271372139, ref_stop_time: 73867271415369, actual_exe_time: 43230, task_app_start_time:73865913473941, task_sched_time:73867271364429
app_id: 0, app_name: SAR_api-aarch64, task_id: 1180, task_name: DASH_FFT, resource_name: cpu3, ref_start_time: 73867271814519, ref_stop_time: 73867271869989, actual_exe_time: 55470, task_app_start_time:73865913473941, task_sched_time:73867271788029
app_id: 0, app_name: SAR_api-aarch64, task_id: 1181, task_name: DASH_FFT, resource_name: fft1, ref_start_time: 73867272277629, ref_stop_time: 73867272314979, actual_exe_time: 37350, task_app_start_time:73865913473941, task_sched_time:73867272273279
app_id: 0, app_name: SAR_api-aarch64, task_id: 1182, task_name: DASH_FFT, resource_name: fft2, ref_start_time: 73867272711249, ref_stop_time: 73867272758379, actual_exe_time: 47130, task_app_start_time:73865913473941, task_sched_time:73867272705519
app_id: 0, app_name: SAR_api-aarch64, task_id: 1183, task_name: DASH_FFT, resource_name: cpu1, ref_start_time: 73867273194429, ref_stop_time: 73867273234119, actual_exe_time: 39690, task_app_start_time:73865913473941, task_sched_time:73867273186659
app_id: 0, app_name: SAR_api-aarch64, task_id: 1184, task_name: DASH_FFT, resource_name: cpu2, ref_start_time: 73867273810659, ref_stop_time: 73867273860309, actual_exe_time: 49650, task_app_start_time:73865913473941, task_sched_time:73867273807239
app_id: 0, app_name: SAR_api-aarch64, task_id: 1185, task_name: DASH_FFT, resource_name: cpu3, ref_start_time: 73867274262010, ref_stop_time: 73867274302990, actual_exe_time: 40980, task_app_start_time:73865913473941, task_sched_time:73867274238190
app_id: 0, app_name: SAR_api-aarch64, task_id: 1186, task_name: DASH_FFT, resource_name: fft1, ref_start_time: 73867274708080, ref_stop_time: 73867274751760, actual_exe_time: 43680, task_app_start_time:73865913473941, task_sched_time:73867274695960
app_id: 0, app_name: SAR_api-aarch64, task_id: 1187, task_name: DASH_FFT, resource_name: fft2, ref_start_time: 73867275130780, ref_stop_time: 73867275172690, actual_exe_time: 41910, task_app_start_time:73865913473941, task_sched_time:73867275122080
app_id: 0, app_name: SAR_api-aarch64, task_id: 1188, task_name: DASH_FFT, resource_name: cpu1, ref_start_time: 73867275650110, ref_stop_time: 73867275695950, actual_exe_time: 45840, task_app_start_time:73865913473941, task_sched_time:73867275641890
app_id: 0, app_name: SAR_api-aarch64, task_id: 1189, task_name: DASH_FFT, resource_name: cpu2, ref_start_time: 73867276094530, ref_stop_time: 73867276137610, actual_exe_time: 43080, task_app_start_time:73865913473941, task_sched_time:73867276086730
app_id: 0, app_name: SAR_api-aarch64, task_id: 1190, task_name: DASH_FFT, resource_name: cpu3, ref_start_time: 73867276496590, ref_stop_time: 73867276544320, actual_exe_time: 47730, task_app_start_time:73865913473941, task_sched_time:73867276490260
app_id: 0, app_name: SAR_api-aarch64, task_id: 1191, task_name: DASH_FFT, resource_name: fft1, ref_start_time: 73867276872610, ref_stop_time: 73867276910170, actual_exe_time: 37560, task_app_start_time:73865913473941, task_sched_time:73867276867540
app_id: 0, app_name: SAR_api-aarch64, task_id: 1192, task_name: DASH_FFT, resource_name: fft2, ref_start_time: 73867277346700, ref_stop_time: 73867277393470, actual_exe_time: 46770, task_app_start_time:73865913473941, task_sched_time:73867277340550
app_id: 0, app_name: SAR_api-aarch64, task_id: 1193, task_name: DASH_FFT, resource_name: cpu1, ref_start_time: 73867278043060, ref_stop_time: 73867278083290, actual_exe_time: 40230, task_app_start_time:73865913473941, task_sched_time:73867278029680
app_id: 0, app_name: SAR_api-aarch64, task_id: 1194, task_name: DASH_FFT, resource_name: cpu2, ref_start_time: 73867278561850, ref_stop_time: 73867278622600, actual_exe_time: 60750, task_app_start_time:73865913473941, task_sched_time:73867278556210
app_id: 0, app_name: SAR_api-aarch64, task_id: 1195, task_name: DASH_FFT, resource_name: cpu3, ref_start_time: 73867278790420, ref_stop_time: 73867278831430, actual_exe_time: 41010, task_app_start_time:73865913473941, task_sched_time:73867278750040
app_id: 0, app_name: SAR_api-aarch64, task_id: 1196, task_name: DASH_FFT, resource_name: fft1, ref_start_time: 73867279404340, ref_stop_time: 73867279447720, actual_exe_time: 43380, task_app_start_time:73865913473941, task_sched_time:73867279395310
app_id: 0, app_name: SAR_api-aarch64, task_id: 1197, task_name: DASH_FFT, resource_name: fft2, ref_start_time: 73867279810390, ref_stop_time: 73867279850380, actual_exe_time: 39990, task_app_start_time:73865913473941, task_sched_time:73867279801540
app_id: 0, app_name: SAR_api-aarch64, task_id: 1198, task_name: DASH_FFT, resource_name: cpu1, ref_start_time: 73867280322640, ref_stop_time: 73867280376370, actual_exe_time: 53730, task_app_start_time:73865913473941, task_sched_time:73867280319010
app_id: 0, app_name: SAR_api-aarch64, task_id: 1199, task_name: DASH_FFT, resource_name: cpu2, ref_start_time: 73867280755751, ref_stop_time: 73867280799041, actual_exe_time: 43290, task_app_start_time:73865913473941, task_sched_time:73867280748071
app_id: 0, app_name: SAR_api-aarch64, task_id: 1200, task_name: DASH_FFT, resource_name: cpu3, ref_start_time: 73867281168221, ref_stop_time: 73867281215981, actual_exe_time: 47760, task_app_start_time:73865913473941, task_sched_time:73867281164471
app_id: 0, app_name: SAR_api-aarch64, task_id: 1201, task_name: DASH_FFT, resource_name: fft1, ref_start_time: 73867281579371, ref_stop_time: 73867281616391, actual_exe_time: 37020, task_app_start_time:73865913473941, task_sched_time:73867281573821
app_id: 0, app_name: SAR_api-aarch64, task_id: 1202, task_name: DASH_FFT, resource_name: fft2, ref_start_time: 73867282115081, ref_stop_time: 73867282161911, actual_exe_time: 46830, task_app_start_time:73865913473941, task_sched_time:73867282108421
app_id: 0, app_name: SAR_api-aarch64, task_id: 1203, task_name: DASH_FFT, resource_name: cpu1, ref_start_time: 73867282746701, ref_stop_time: 73867282786301, actual_exe_time: 39600, task_app_start_time:73865913473941, task_sched_time:73867282736411
app_id: 0, app_name: SAR_api-aarch64, task_id: 1204, task_name: DASH_FFT, resource_name: cpu2, ref_start_time: 73867283074961, ref_stop_time: 73867283125451, actual_exe_time: 50490, task_app_start_time:73865913473941, task_sched_time:73867283068391
app_id: 0, app_name: SAR_api-aarch64, task_id: 1205, task_name: DASH_FFT, resource_name: cpu3, ref_start_time: 73867283695181, ref_stop_time: 73867283736131, actual_exe_time: 40950, task_app_start_time:73865913473941, task_sched_time:73867283689901
app_id: 0, app_name: SAR_api-aarch64, task_id: 1206, task_name: DASH_FFT, resource_name: fft1, ref_start_time: 73867283896421, ref_stop_time: 73867283940071, actual_exe_time: 43650, task_app_start_time:73865913473941, task_sched_time:73867283888411
app_id: 0, app_name: SAR_api-aarch64, task_id: 1207, task_name: DASH_FFT, resource_name: fft2, ref_start_time: 73867284492581, ref_stop_time: 73867284532991, actual_exe_time: 40410, task_app_start_time:73865913473941, task_sched_time:73867284488441
app_id: 0, app_name: SAR_api-aarch64, task_id: 1208, task_name: DASH_FFT, resource_name: cpu1, ref_start_time: 73867285002761, ref_stop_time: 73867285049141, actual_exe_time: 46380, task_app_start_time:73865913473941, task_sched_time:73867284989291
app_id: 0, app_name: SAR_api-aarch64, task_id: 1209, task_name: DASH_FFT, resource_name: cpu2, ref_start_time: 73867285409531, ref_stop_time: 73867285453181, actual_exe_time: 43650, task_app_start_time:73865913473941, task_sched_time:73867285405451
app_id: 0, app_name: SAR_api-aarch64, task_id: 1210, task_name: DASH_FFT, resource_name: cpu3, ref_start_time: 73867285884371, ref_stop_time: 73867285932041, actual_exe_time: 47670, task_app_start_time:73865913473941, task_sched_time:73867285880321
app_id: 0, app_name: SAR_api-aarch64, task_id: 1211, task_name: DASH_FFT, resource_name: fft1, ref_start_time: 73867286324171, ref_stop_time: 73867286361641, actual_exe_time: 37470, task_app_start_time:73865913473941, task_sched_time:73867286317271
app_id: 0, app_name: SAR_api-aarch64, task_id: 1212, task_name: DASH_FFT, resource_name: fft2, ref_start_time: 73867286781612, ref_stop_time: 73867286828682, actual_exe_time: 47070, task_app_start_time:73865913473941, task_sched_time:73867286778372
app_id: 0, app_name: SAR_api-aarch64, task_id: 1213, task_name: DASH_FFT, resource_name: cpu1, ref_start_time: 73867287263442, ref_stop_time: 73867287303132, actual_exe_time: 39690, task_app_start_time:73865913473941, task_sched_time:73867287257862
app_id: 0, app_name: SAR_api-aarch64, task_id: 1214, task_name: DASH_FFT, resource_name: cpu2, ref_start_time: 73867287863382, ref_stop_time: 73867287913242, actual_exe_time: 49860, task_app_start_time:73865913473941, task_sched_time:73867287860262
app_id: 0, app_name: SAR_api-aarch64, task_id: 1215, task_name: DASH_FFT, resource_name: cpu3, ref_start_time: 73867288341882, ref_stop_time: 73867288383432, actual_exe_time: 41550, task_app_start_time:73865913473941, task_sched_time:73867288330752
app_id: 0, app_name: SAR_api-aarch64, task_id: 1216, task_name: DASH_FFT, resource_name: fft1, ref_start_time: 73867288782012, ref_stop_time: 73867288825542, actual_exe_time: 43530, task_app_start_time:73865913473941, task_sched_time:73867288779282
app_id: 0, app_name: SAR_api-aarch64, task_id: 1217, task_name: DASH_FFT, resource_name: fft2, ref_start_time: 73867289192862, ref_stop_time: 73867289234742, actual_exe_time: 41880, task_app_start_time:73865913473941, task_sched_time:73867289185602
app_id: 0, app_name: SAR_api-aarch64, task_id: 1218, task_name: DASH_FFT, resource_name: cpu1, ref_start_time: 73867289750862, ref_stop_time: 73867289796882, actual_exe_time: 46020, task_app_start_time:73865913473941, task_sched_time:73867289742612
app_id: 0, app_name: SAR_api-aarch64, task_id: 1219, task_name: DASH_FFT, resource_name: cpu2, ref_start_time: 73867290156372, ref_stop_time: 73867290200382, actual_exe_time: 44010, task_app_start_time:73865913473941, task_sched_time:73867290152412
app_id: 0, app_name: SAR_api-aarch64, task_id: 1220, task_name: DASH_FFT, resource_name: cpu3, ref_start_time: 73867290612162, ref_stop_time: 73867290659652, actual_exe_time: 47490, task_app_start_time:73865913473941, task_sched_time:73867290597792
app_id: 0, app_name: SAR_api-aarch64, task_id: 1221, task_name: DASH_FFT, resource_name: fft1, ref_start_time: 73867291031622, ref_stop_time: 73867291068402, actual_exe_time: 36780, task_app_start_time:73865913473941, task_sched_time:73867291022352
app_id: 0, app_name: SAR_api-aarch64, task_id: 1222, task_name: DASH_FFT, resource_name: fft2, ref_start_time: 73867291204902, ref_stop_time: 73867291259532, actual_exe_time: 54630, task_app_start_time:73865913473941, task_sched_time:73867291191402
app_id: 0, app_name: SAR_api-aarch64, task_id: 1223, task_name: DASH_FFT, resource_name: cpu1, ref_start_time: 73867291920282, ref_stop_time: 73867291960122, actual_exe_time: 39840, task_app_start_time:73865913473941, task_sched_time:73867291912902
app_id: 0, app_name: SAR_api-aarch64, task_id: 1224, task_name: DASH_FFT, resource_name: cpu2, ref_start_time: 73867292349612, ref_stop_time: 73867292399352, actual_exe_time: 49740, task_app_start_time:73865913473941, task_sched_time:73867292345802
app_id: 0, app_name: SAR_api-aarch64, task_id: 1225, task_name: DASH_FFT, resource_name: cpu3, ref_start_time: 73867292762562, ref_stop_time: 73867292803392, actual_exe_time: 40830, task_app_start_time:73865913473941, task_sched_time:73867292755302
app_id: 0, app_name: SAR_api-aarch64, task_id: 1226, task_name: DASH_FFT, resource_name: fft1, ref_start_time: 73867293208603, ref_stop_time: 73867293252103, actual_exe_time: 43500, task_app_start_time:73865913473941, task_sched_time:73867293198193
app_id: 0, app_name: SAR_api-aarch64, task_id: 1227, task_name: DASH_FFT, resource_name: fft2, ref_start_time: 73867293657493, ref_stop_time: 73867293698353, actual_exe_time: 40860, task_app_start_time:73865913473941, task_sched_time:73867293650833
app_id: 0, app_name: SAR_api-aarch64, task_id: 1228, task_name: DASH_FFT, resource_name: cpu1, ref_start_time: 73867294193923, ref_stop_time: 73867294239643, actual_exe_time: 45720, task_app_start_time:73865913473941, task_sched_time:73867294182343
app_id: 0, app_name: SAR_api-aarch64, task_id: 1229, task_name: DASH_FFT, resource_name: cpu2, ref_start_time: 73867294624993, ref_stop_time: 73867294668703, actual_exe_time: 43710, task_app_start_time:73865913473941, task_sched_time:73867294616713
app_id: 0, app_name: SAR_api-aarch64, task_id: 1230, task_name: DASH_FFT, resource_name: cpu3, ref_start_time: 73867294891483, ref_stop_time: 73867294939753, actual_exe_time: 48270, task_app_start_time:73865913473941, task_sched_time:73867294877233
app_id: 0, app_name: SAR_api-aarch64, task_id: 1231, task_name: DASH_FFT, resource_name: fft1, ref_start_time: 73867295507683, ref_stop_time: 73867295544823, actual_exe_time: 37140, task_app_start_time:73865913473941, task_sched_time:73867295497843
app_id: 0, app_name: SAR_api-aarch64, task_id: 1232, task_name: DASH_FFT, resource_name: fft2, ref_start_time: 73867295924203, ref_stop_time: 73867295970433, actual_exe_time: 46230, task_app_start_time:73865913473941, task_sched_time:73867295916883
app_id: 0, app_name: SAR_api-aarch64, task_id: 1233, task_name: DASH_FFT, resource_name: cpu1, ref_start_time: 73867296467563, ref_stop_time: 73867296507463, actual_exe_time: 39900, task_app_start_time:73865913473941, task_sched_time:73867296454903
app_id: 0, app_name: SAR_api-aarch64, task_id: 1234, task_name: DASH_FFT, resource_name: cpu2, ref_start_time: 73867296907903, ref_stop_time: 73867296957433, actual_exe_time: 49530, task_app_start_time:73865913473941, task_sched_time:73867296898903
app_id: 0, app_name: SAR_api-aarch64, task_id: 1235, task_name: DASH_FFT, resource_name: cpu3, ref_start_time: 73867297376143, ref_stop_time: 73867297417393, actual_exe_time: 41250, task_app_start_time:73865913473941, task_sched_time:73867297372813
app_id: 0, app_name: SAR_api-aarch64, task_id: 1236, task_name: DASH_FFT, resource_name: fft1, ref_start_time: 73867297848523, ref_stop_time: 73867297892233, actual_exe_time: 43710, task_app_start_time:73865913473941, task_sched_time:73867297844263
app_id: 0, app_name: SAR_api-aarch64, task_id: 1237, task_name: DASH_FFT, resource_name: fft2, ref_start_time: 73867298223193, ref_stop_time: 73867298263663, actual_exe_time: 40470, task_app_start_time:73865913473941, task_sched_time:73867298214133
app_id: 0, app_name: SAR_api-aarch64, task_id: 1238, task_name: DASH_FFT, resource_name: cpu1, ref_start_time: 73867298795533, ref_stop_time: 73867298842963, actual_exe_time: 47430, task_app_start_time:73865913473941, task_sched_time:73867298784733
app_id: 0, app_name: SAR_api-aarch64, task_id: 1239, task_name: DASH_FFT, resource_name: cpu2, ref_start_time: 73867299156104, ref_stop_time: 73867299199604, actual_exe_time: 43500, task_app_start_time:73865913473941, task_sched_time:73867299150914
app_id: 0, app_name: SAR_api-aarch64, task_id: 1240, task_name: DASH_FFT, resource_name: cpu3, ref_start_time: 73867299693254, ref_stop_time: 73867299741734, actual_exe_time: 48480, task_app_start_time:73865913473941, task_sched_time:73867299681584
app_id: 0, app_name: SAR_api-aarch64, task_id: 1241, task_name: DASH_FFT, resource_name: fft1, ref_start_time: 73867300014194, ref_stop_time: 73867300051514, actual_exe_time: 37320, task_app_start_time:73865913473941, task_sched_time:73867300002104
app_id: 0, app_name: SAR_api-aarch64, task_id: 1242, task_name: DASH_FFT, resource_name: fft2, ref_start_time: 73867300281464, ref_stop_time: 73867300327664, actual_exe_time: 46200, task_app_start_time:73865913473941, task_sched_time:73867300273994
app_id: 0, app_name: SAR_api-aarch64, task_id: 1243, task_name: DASH_FFT, resource_name: cpu1, ref_start_time: 73867300976714, ref_stop_time: 73867301016434, actual_exe_time: 39720, task_app_start_time:73865913473941, task_sched_time:73867300965434
app_id: 0, app_name: SAR_api-aarch64, task_id: 1244, task_name: DASH_FFT, resource_name: cpu2, ref_start_time: 73867301173934, ref_stop_time: 73867301226194, actual_exe_time: 52260, task_app_start_time:73865913473941, task_sched_time:73867301168354
app_id: 0, app_name: SAR_api-aarch64, task_id: 1245, task_name: DASH_FFT, resource_name: cpu3, ref_start_time: 73867302335444, ref_stop_time: 73867302378224, actual_exe_time: 42780, task_app_start_time:73865913473941, task_sched_time:73867302330404
app_id: 0, app_name: SAR_api-aarch64, task_id: 1246, task_name: DASH_FFT, resource_name: fft1, ref_start_time: 73867302826424, ref_stop_time: 73867302873944, actual_exe_time: 47520, task_app_start_time:73865913473941, task_sched_time:73867302811484
app_id: 0, app_name: SAR_api-aarch64, task_id: 1247, task_name: DASH_FFT, resource_name: fft2, ref_start_time: 73867303274564, ref_stop_time: 73867303314854, actual_exe_time: 40290, task_app_start_time:73865913473941, task_sched_time:73867303266314
app_id: 0, app_name: SAR_api-aarch64, task_id: 1248, task_name: DASH_FFT, resource_name: cpu1, ref_start_time: 73867303823264, ref_stop_time: 73867303869674, actual_exe_time: 46410, task_app_start_time:73865913473941, task_sched_time:73867303809704
app_id: 0, app_name: SAR_api-aarch64, task_id: 1249, task_name: DASH_FFT, resource_name: cpu2, ref_start_time: 73867304319404, ref_stop_time: 73867304362634, actual_exe_time: 43230, task_app_start_time:73865913473941, task_sched_time:73867304313824
app_id: 0, app_name: SAR_api-aarch64, task_id: 1250, task_name: DASH_FFT, resource_name: cpu3, ref_start_time: 73867304824334, ref_stop_time: 73867304872844, actual_exe_time: 48510, task_app_start_time:73865913473941, task_sched_time:73867304809034
app_id: 0, app_name: SAR_api-aarch64, task_id: 1251, task_name: DASH_FFT, resource_name: fft1, ref_start_time: 73867305234674, ref_stop_time: 73867305271634, actual_exe_time: 36960, task_app_start_time:73865913473941, task_sched_time:73867305232064
app_id: 0, app_name: SAR_api-aarch64, task_id: 1252, task_name: DASH_FFT, resource_name: fft2, ref_start_time: 73867305619005, ref_stop_time: 73867305666255, actual_exe_time: 47250, task_app_start_time:73865913473941, task_sched_time:73867305615795
app_id: 0, app_name: SAR_api-aarch64, task_id: 1253, task_name: DASH_FFT, resource_name: cpu1, ref_start_time: 73867306313565, ref_stop_time: 73867306354005, actual_exe_time: 40440, task_app_start_time:73865913473941, task_sched_time:73867306310505
app_id: 0, app_name: SAR_api-aarch64, task_id: 1254, task_name: DASH_FFT, resource_name: cpu2, ref_start_time: 73867306745565, ref_stop_time: 73867306795245, actual_exe_time: 49680, task_app_start_time:73865913473941, task_sched_time:73867306742955
app_id: 0, app_name: SAR_api-aarch64, task_id: 1255, task_name: DASH_FFT, resource_name: cpu3, ref_start_time: 73867307240865, ref_stop_time: 73867307282085, actual_exe_time: 41220, task_app_start_time:73865913473941, task_sched_time:73867307230815
app_id: 0, app_name: SAR_api-aarch64, task_id: 1256, task_name: DASH_FFT, resource_name: fft1, ref_start_time: 73867309454205, ref_stop_time: 73867309500285, actual_exe_time: 46080, task_app_start_time:73865913473941, task_sched_time:73867309444665
app_id: 0, app_name: SAR_api-aarch64, task_id: 1257, task_name: DASH_FFT, resource_name: fft2, ref_start_time: 73867309968645, ref_stop_time: 73867310008875, actual_exe_time: 40230, task_app_start_time:73865913473941, task_sched_time:73867309960095
app_id: 0, app_name: SAR_api-aarch64, task_id: 1258, task_name: DASH_FFT, resource_name: cpu1, ref_start_time: 73867310469975, ref_stop_time: 73867310516145, actual_exe_time: 46170, task_app_start_time:73865913473941, task_sched_time:73867310462865
app_id: 0, app_name: SAR_api-aarch64, task_id: 1259, task_name: DASH_FFT, resource_name: cpu2, ref_start_time: 73867310910795, ref_stop_time: 73867310954805, actual_exe_time: 44010, task_app_start_time:73865913473941, task_sched_time:73867310906145
app_id: 0, app_name: SAR_api-aarch64, task_id: 1260, task_name: DASH_FFT, resource_name: cpu3, ref_start_time: 73867311319995, ref_stop_time: 73867311370215, actual_exe_time: 50220, task_app_start_time:73865913473941, task_sched_time:73867311310875
app_id: 0, app_name: SAR_api-aarch64, task_id: 1261, task_name: DASH_FFT, resource_name: fft1, ref_start_time: 73867311819766, ref_stop_time: 73867311857266, actual_exe_time: 37500, task_app_start_time:73865913473941, task_sched_time:73867311812416
app_id: 0, app_name: SAR_api-aarch64, task_id: 1262, task_name: DASH_FFT, resource_name: fft2, ref_start_time: 73867312321546, ref_stop_time: 73867312369216, actual_exe_time: 47670, task_app_start_time:73865913473941, task_sched_time:73867312316716
app_id: 0, app_name: SAR_api-aarch64, task_id: 1263, task_name: DASH_FFT, resource_name: cpu1, ref_start_time: 73867312975126, ref_stop_time: 73867313015326, actual_exe_time: 40200, task_app_start_time:73865913473941, task_sched_time:73867312968886
app_id: 0, app_name: SAR_api-aarch64, task_id: 1264, task_name: DASH_FFT, resource_name: cpu2, ref_start_time: 73867313482126, ref_stop_time: 73867313533036, actual_exe_time: 50910, task_app_start_time:73865913473941, task_sched_time:73867313475586
app_id: 0, app_name: SAR_api-aarch64, task_id: 1265, task_name: DASH_FFT, resource_name: cpu3, ref_start_time: 73867313767306, ref_stop_time: 73867313808616, actual_exe_time: 41310, task_app_start_time:73865913473941, task_sched_time:73867313679556
app_id: 0, app_name: SAR_api-aarch64, task_id: 1266, task_name: DASH_FFT, resource_name: fft1, ref_start_time: 73867314371056, ref_stop_time: 73867314414316, actual_exe_time: 43260, task_app_start_time:73865913473941, task_sched_time:73867314365476
app_id: 0, app_name: SAR_api-aarch64, task_id: 1267, task_name: DASH_FFT, resource_name: fft2, ref_start_time: 73867314806176, ref_stop_time: 73867314846856, actual_exe_time: 40680, task_app_start_time:73865913473941, task_sched_time:73867314801556
app_id: 0, app_name: SAR_api-aarch64, task_id: 1268, task_name: DASH_FFT, resource_name: cpu1, ref_start_time: 73867315435186, ref_stop_time: 73867315481476, actual_exe_time: 46290, task_app_start_time:73865913473941, task_sched_time:73867315428436
app_id: 0, app_name: SAR_api-aarch64, task_id: 1269, task_name: DASH_FFT, resource_name: cpu2, ref_start_time: 73867316010196, ref_stop_time: 73867316053636, actual_exe_time: 43440, task_app_start_time:73865913473941, task_sched_time:73867316006626
app_id: 0, app_name: SAR_api-aarch64, task_id: 1270, task_name: DASH_FFT, resource_name: cpu3, ref_start_time: 73867316463916, ref_stop_time: 73867316513836, actual_exe_time: 49920, task_app_start_time:73865913473941, task_sched_time:73867316452126
app_id: 0, app_name: SAR_api-aarch64, task_id: 1271, task_name: DASH_FFT, resource_name: fft1, ref_start_time: 73867316943166, ref_stop_time: 73867316980906, actual_exe_time: 37740, task_app_start_time:73865913473941, task_sched_time:73867316929186
app_id: 0, app_name: SAR_api-aarch64, task_id: 1272, task_name: DASH_FFT, resource_name: fft2, ref_start_time: 73867317415996, ref_stop_time: 73867317463936, actual_exe_time: 47940, task_app_start_time:73865913473941, task_sched_time:73867317409366
app_id: 0, app_name: SAR_api-aarch64, task_id: 1273, task_name: DASH_FFT, resource_name: cpu1, ref_start_time: 73867318204217, ref_stop_time: 73867318244687, actual_exe_time: 40470, task_app_start_time:73865913473941, task_sched_time:73867318199267
app_id: 0, app_name: SAR_api-aarch64, task_id: 1274, task_name: DASH_FFT, resource_name: cpu2, ref_start_time: 73867318674197, ref_stop_time: 73867318724687, actual_exe_time: 50490, task_app_start_time:73865913473941, task_sched_time:73867318669607
app_id: 0, app_name: SAR_api-aarch64, task_id: 1275, task_name: DASH_FFT, resource_name: cpu3, ref_start_time: 73867319131337, ref_stop_time: 73867319178347, actual_exe_time: 47010, task_app_start_time:73865913473941, task_sched_time:73867319128547
app_id: 0, app_name: SAR_api-aarch64, task_id: 1276, task_name: DASH_FFT, resource_name: fft1, ref_start_time: 73867319684537, ref_stop_time: 73867319737547, actual_exe_time: 53010, task_app_start_time:73865913473941, task_sched_time:73867319674247
app_id: 0, app_name: SAR_api-aarch64, task_id: 1277, task_name: DASH_FFT, resource_name: fft2, ref_start_time: 73867320008237, ref_stop_time: 73867320048557, actual_exe_time: 40320, task_app_start_time:73865913473941, task_sched_time:73867320001577
app_id: 0, app_name: SAR_api-aarch64, task_id: 1278, task_name: DASH_FFT, resource_name: cpu1, ref_start_time: 73867320640607, ref_stop_time: 73867320686597, actual_exe_time: 45990, task_app_start_time:73865913473941, task_sched_time:73867320629327
app_id: 0, app_name: SAR_api-aarch64, task_id: 1279, task_name: DASH_FFT, resource_name: cpu2, ref_start_time: 73867321013867, ref_stop_time: 73867321057427, actual_exe_time: 43560, task_app_start_time:73865913473941, task_sched_time:73867321007147
app_id: 0, app_name: SAR_api-aarch64, task_id: 1280, task_name: DASH_FFT, resource_name: cpu3, ref_start_time: 73867321562027, ref_stop_time: 73867321609907, actual_exe_time: 47880, task_app_start_time:73865913473941, task_sched_time:73867321558217
app_id: 0, app_name: SAR_api-aarch64, task_id: 1281, task_name: DASH_ZIP, resource_name: zip1, ref_start_time: 73867322146727, ref_stop_time: 73867322273237, actual_exe_time: 126510, task_app_start_time:73865913473941, task_sched_time:73867322097377
app_id: 0, app_name: SAR_api-aarch64, task_id: 1282, task_name: DASH_FFT, resource_name: cpu1, ref_start_time: 73867322706467, ref_stop_time: 73867322747777, actual_exe_time: 41310, task_app_start_time:73865913473941, task_sched_time:73867322697707
app_id: 0, app_name: SAR_api-aarch64, task_id: 1283, task_name: DASH_ZIP, resource_name: cpu2, ref_start_time: 73867326081198, ref_stop_time: 73867326160308, actual_exe_time: 79110, task_app_start_time:73865913473941, task_sched_time:73867326077328
app_id: 0, app_name: SAR_api-aarch64, task_id: 1284, task_name: DASH_FFT, resource_name: cpu3, ref_start_time: 73867326483888, ref_stop_time: 73867326533448, actual_exe_time: 49560, task_app_start_time:73865913473941, task_sched_time:73867326481128
app_id: 0, app_name: SAR_api-aarch64, task_id: 1285, task_name: DASH_ZIP, resource_name: zip1, ref_start_time: 73867327330548, ref_stop_time: 73867327449108, actual_exe_time: 118560, task_app_start_time:73865913473941, task_sched_time:73867327279158
app_id: 0, app_name: SAR_api-aarch64, task_id: 1286, task_name: DASH_FFT, resource_name: cpu1, ref_start_time: 73867327878588, ref_stop_time: 73867327920198, actual_exe_time: 41610, task_app_start_time:73865913473941, task_sched_time:73867327866528
app_id: 0, app_name: SAR_api-aarch64, task_id: 1287, task_name: DASH_ZIP, resource_name: cpu2, ref_start_time: 73867328452308, ref_stop_time: 73867328530788, actual_exe_time: 78480, task_app_start_time:73865913473941, task_sched_time:73867328446518
app_id: 0, app_name: SAR_api-aarch64, task_id: 1288, task_name: DASH_FFT, resource_name: cpu3, ref_start_time: 73867328965758, ref_stop_time: 73867329018108, actual_exe_time: 52350, task_app_start_time:73865913473941, task_sched_time:73867328962128
app_id: 0, app_name: SAR_api-aarch64, task_id: 1289, task_name: DASH_ZIP, resource_name: zip1, ref_start_time: 73867329500688, ref_stop_time: 73867329619788, actual_exe_time: 119100, task_app_start_time:73865913473941, task_sched_time:73867329450918
app_id: 0, app_name: SAR_api-aarch64, task_id: 1290, task_name: DASH_FFT, resource_name: cpu1, ref_start_time: 73867329751638, ref_stop_time: 73867329793788, actual_exe_time: 42150, task_app_start_time:73865913473941, task_sched_time:73867329747288
app_id: 0, app_name: SAR_api-aarch64, task_id: 1291, task_name: DASH_ZIP, resource_name: cpu2, ref_start_time: 73867330480399, ref_stop_time: 73867330558669, actual_exe_time: 78270, task_app_start_time:73865913473941, task_sched_time:73867330471699
app_id: 0, app_name: SAR_api-aarch64, task_id: 1292, task_name: DASH_FFT, resource_name: cpu3, ref_start_time: 73867330892209, ref_stop_time: 73867330945669, actual_exe_time: 53460, task_app_start_time:73865913473941, task_sched_time:73867330880779
app_id: 0, app_name: SAR_api-aarch64, task_id: 1293, task_name: DASH_ZIP, resource_name: zip1, ref_start_time: 73867331818129, ref_stop_time: 73867331936209, actual_exe_time: 118080, task_app_start_time:73865913473941, task_sched_time:73867331808379
app_id: 0, app_name: SAR_api-aarch64, task_id: 1294, task_name: DASH_FFT, resource_name: cpu1, ref_start_time: 73867332358339, ref_stop_time: 73867332399409, actual_exe_time: 41070, task_app_start_time:73865913473941, task_sched_time:73867332350899
app_id: 0, app_name: SAR_api-aarch64, task_id: 1295, task_name: DASH_ZIP, resource_name: cpu2, ref_start_time: 73867332916999, ref_stop_time: 73867332994309, actual_exe_time: 77310, task_app_start_time:73865913473941, task_sched_time:73867332912169
app_id: 0, app_name: SAR_api-aarch64, task_id: 1296, task_name: DASH_FFT, resource_name: cpu3, ref_start_time: 73867333352629, ref_stop_time: 73867333412029, actual_exe_time: 59400, task_app_start_time:73865913473941, task_sched_time:73867333348759
app_id: 0, app_name: SAR_api-aarch64, task_id: 1297, task_name: DASH_ZIP, resource_name: zip1, ref_start_time: 73867334055829, ref_stop_time: 73867334172859, actual_exe_time: 117030, task_app_start_time:73865913473941, task_sched_time:73867334000119
app_id: 0, app_name: SAR_api-aarch64, task_id: 1298, task_name: DASH_FFT, resource_name: cpu1, ref_start_time: 73867334600569, ref_stop_time: 73867334641459, actual_exe_time: 40890, task_app_start_time:73865913473941, task_sched_time:73867334589589
app_id: 0, app_name: SAR_api-aarch64, task_id: 1299, task_name: DASH_ZIP, resource_name: cpu2, ref_start_time: 73867335096859, ref_stop_time: 73867335174499, actual_exe_time: 77640, task_app_start_time:73865913473941, task_sched_time:73867335088399
app_id: 0, app_name: SAR_api-aarch64, task_id: 1300, task_name: DASH_FFT, resource_name: cpu3, ref_start_time: 73867335682579, ref_stop_time: 73867335739639, actual_exe_time: 57060, task_app_start_time:73865913473941, task_sched_time:73867335679339
app_id: 0, app_name: SAR_api-aarch64, task_id: 1301, task_name: DASH_ZIP, resource_name: zip1, ref_start_time: 73867336433750, ref_stop_time: 73867336551530, actual_exe_time: 117780, task_app_start_time:73865913473941, task_sched_time:73867336430540
app_id: 0, app_name: SAR_api-aarch64, task_id: 1302, task_name: DASH_FFT, resource_name: cpu1, ref_start_time: 73867337031140, ref_stop_time: 73867337071910, actual_exe_time: 40770, task_app_start_time:73865913473941, task_sched_time:73867337020490
app_id: 0, app_name: SAR_api-aarch64, task_id: 1303, task_name: DASH_ZIP, resource_name: cpu2, ref_start_time: 73867337530910, ref_stop_time: 73867337609060, actual_exe_time: 78150, task_app_start_time:73865913473941, task_sched_time:73867337522150
app_id: 0, app_name: SAR_api-aarch64, task_id: 1304, task_name: DASH_FFT, resource_name: cpu3, ref_start_time: 73867337729120, ref_stop_time: 73867337781110, actual_exe_time: 51990, task_app_start_time:73865913473941, task_sched_time:73867337717060
app_id: 0, app_name: SAR_api-aarch64, task_id: 1305, task_name: DASH_ZIP, resource_name: zip1, ref_start_time: 73867338593990, ref_stop_time: 73867338711200, actual_exe_time: 117210, task_app_start_time:73865913473941, task_sched_time:73867338591200
app_id: 0, app_name: SAR_api-aarch64, task_id: 1306, task_name: DASH_FFT, resource_name: cpu1, ref_start_time: 73867339229360, ref_stop_time: 73867339270400, actual_exe_time: 41040, task_app_start_time:73865913473941, task_sched_time:73867339217210
app_id: 0, app_name: SAR_api-aarch64, task_id: 1307, task_name: DASH_ZIP, resource_name: cpu2, ref_start_time: 73867339721060, ref_stop_time: 73867339799180, actual_exe_time: 78120, task_app_start_time:73865913473941, task_sched_time:73867339716650
app_id: 0, app_name: SAR_api-aarch64, task_id: 1308, task_name: DASH_FFT, resource_name: cpu3, ref_start_time: 73867340176970, ref_stop_time: 73867340228630, actual_exe_time: 51660, task_app_start_time:73865913473941, task_sched_time:73867340174030
app_id: 0, app_name: SAR_api-aarch64, task_id: 1309, task_name: DASH_ZIP, resource_name: zip1, ref_start_time: 73867340863850, ref_stop_time: 73867340982170, actual_exe_time: 118320, task_app_start_time:73865913473941, task_sched_time:73867340827430
app_id: 0, app_name: SAR_api-aarch64, task_id: 1310, task_name: DASH_FFT, resource_name: cpu1, ref_start_time: 73867341466940, ref_stop_time: 73867341508550, actual_exe_time: 41610, task_app_start_time:73865913473941, task_sched_time:73867341456800
app_id: 0, app_name: SAR_api-aarch64, task_id: 1311, task_name: DASH_ZIP, resource_name: cpu2, ref_start_time: 73867341934670, ref_stop_time: 73867342012850, actual_exe_time: 78180, task_app_start_time:73865913473941, task_sched_time:73867341930800
app_id: 0, app_name: SAR_api-aarch64, task_id: 1312, task_name: DASH_FFT, resource_name: cpu3, ref_start_time: 73867342416590, ref_stop_time: 73867342469750, actual_exe_time: 53160, task_app_start_time:73865913473941, task_sched_time:73867342411820
app_id: 0, app_name: SAR_api-aarch64, task_id: 1313, task_name: DASH_ZIP, resource_name: zip1, ref_start_time: 73867343160021, ref_stop_time: 73867343277321, actual_exe_time: 117300, task_app_start_time:73865913473941, task_sched_time:73867343111931
app_id: 0, app_name: SAR_api-aarch64, task_id: 1314, task_name: DASH_FFT, resource_name: cpu1, ref_start_time: 73867343796621, ref_stop_time: 73867343837541, actual_exe_time: 40920, task_app_start_time:73865913473941, task_sched_time:73867343784651
app_id: 0, app_name: SAR_api-aarch64, task_id: 1315, task_name: DASH_ZIP, resource_name: cpu2, ref_start_time: 73867344272271, ref_stop_time: 73867344350001, actual_exe_time: 77730, task_app_start_time:73865913473941, task_sched_time:73867344263751
app_id: 0, app_name: SAR_api-aarch64, task_id: 1316, task_name: DASH_FFT, resource_name: cpu3, ref_start_time: 73867344772881, ref_stop_time: 73867344824811, actual_exe_time: 51930, task_app_start_time:73865913473941, task_sched_time:73867344748971
app_id: 0, app_name: SAR_api-aarch64, task_id: 1317, task_name: DASH_ZIP, resource_name: zip1, ref_start_time: 73867345409511, ref_stop_time: 73867345528551, actual_exe_time: 119040, task_app_start_time:73865913473941, task_sched_time:73867345406031
app_id: 0, app_name: SAR_api-aarch64, task_id: 1318, task_name: DASH_FFT, resource_name: cpu1, ref_start_time: 73867346170401, ref_stop_time: 73867346211921, actual_exe_time: 41520, task_app_start_time:73865913473941, task_sched_time:73867346166681
app_id: 0, app_name: SAR_api-aarch64, task_id: 1319, task_name: DASH_ZIP, resource_name: cpu2, ref_start_time: 73867346698521, ref_stop_time: 73867346775711, actual_exe_time: 77190, task_app_start_time:73865913473941, task_sched_time:73867346689701
app_id: 0, app_name: SAR_api-aarch64, task_id: 1320, task_name: DASH_FFT, resource_name: cpu3, ref_start_time: 73867347304461, ref_stop_time: 73867347356301, actual_exe_time: 51840, task_app_start_time:73865913473941, task_sched_time:73867347248841
app_id: 0, app_name: SAR_api-aarch64, task_id: 1321, task_name: DASH_ZIP, resource_name: zip1, ref_start_time: 73867348080081, ref_stop_time: 73867348197771, actual_exe_time: 117690, task_app_start_time:73865913473941, task_sched_time:73867348077291
app_id: 0, app_name: SAR_api-aarch64, task_id: 1322, task_name: DASH_FFT, resource_name: cpu1, ref_start_time: 73867348622211, ref_stop_time: 73867348663011, actual_exe_time: 40800, task_app_start_time:73865913473941, task_sched_time:73867348613751
app_id: 0, app_name: SAR_api-aarch64, task_id: 1323, task_name: DASH_ZIP, resource_name: cpu2, ref_start_time: 73867349176642, ref_stop_time: 73867349255422, actual_exe_time: 78780, task_app_start_time:73865913473941, task_sched_time:73867349170102
app_id: 0, app_name: SAR_api-aarch64, task_id: 1324, task_name: DASH_FFT, resource_name: cpu3, ref_start_time: 73867349761582, ref_stop_time: 73867349813392, actual_exe_time: 51810, task_app_start_time:73865913473941, task_sched_time:73867349758132
app_id: 0, app_name: SAR_api-aarch64, task_id: 1325, task_name: DASH_ZIP, resource_name: zip1, ref_start_time: 73867350409162, ref_stop_time: 73867350526102, actual_exe_time: 116940, task_app_start_time:73865913473941, task_sched_time:73867350315922
app_id: 0, app_name: SAR_api-aarch64, task_id: 1326, task_name: DASH_FFT, resource_name: cpu1, ref_start_time: 73867351137382, ref_stop_time: 73867351178782, actual_exe_time: 41400, task_app_start_time:73865913473941, task_sched_time:73867351130902
app_id: 0, app_name: SAR_api-aarch64, task_id: 1327, task_name: DASH_ZIP, resource_name: cpu2, ref_start_time: 73867351539892, ref_stop_time: 73867351617892, actual_exe_time: 78000, task_app_start_time:73865913473941, task_sched_time:73867351533052
app_id: 0, app_name: SAR_api-aarch64, task_id: 1328, task_name: DASH_FFT, resource_name: cpu3, ref_start_time: 73867352084962, ref_stop_time: 73867352138782, actual_exe_time: 53820, task_app_start_time:73865913473941, task_sched_time:73867352077102
app_id: 0, app_name: SAR_api-aarch64, task_id: 1329, task_name: DASH_ZIP, resource_name: zip1, ref_start_time: 73867352649502, ref_stop_time: 73867352768002, actual_exe_time: 118500, task_app_start_time:73865913473941, task_sched_time:73867352646292
app_id: 0, app_name: SAR_api-aarch64, task_id: 1330, task_name: DASH_FFT, resource_name: cpu1, ref_start_time: 73867353366952, ref_stop_time: 73867353408082, actual_exe_time: 41130, task_app_start_time:73865913473941, task_sched_time:73867353364162
app_id: 0, app_name: SAR_api-aarch64, task_id: 1331, task_name: DASH_ZIP, resource_name: cpu2, ref_start_time: 73867353999082, ref_stop_time: 73867354076602, actual_exe_time: 77520, task_app_start_time:73865913473941, task_sched_time:73867353996022
app_id: 0, app_name: SAR_api-aarch64, task_id: 1332, task_name: DASH_FFT, resource_name: cpu3, ref_start_time: 73867354628242, ref_stop_time: 73867354678942, actual_exe_time: 50700, task_app_start_time:73865913473941, task_sched_time:73867354619152
app_id: 0, app_name: SAR_api-aarch64, task_id: 1333, task_name: DASH_ZIP, resource_name: zip1, ref_start_time: 73867355097893, ref_stop_time: 73867355216513, actual_exe_time: 118620, task_app_start_time:73865913473941, task_sched_time:73867355089403
app_id: 0, app_name: SAR_api-aarch64, task_id: 1334, task_name: DASH_FFT, resource_name: cpu1, ref_start_time: 73867355887793, ref_stop_time: 73867355928623, actual_exe_time: 40830, task_app_start_time:73865913473941, task_sched_time:73867355876153
app_id: 0, app_name: SAR_api-aarch64, task_id: 1335, task_name: DASH_ZIP, resource_name: cpu2, ref_start_time: 73867356456353, ref_stop_time: 73867356533963, actual_exe_time: 77610, task_app_start_time:73865913473941, task_sched_time:73867356450683
app_id: 0, app_name: SAR_api-aarch64, task_id: 1336, task_name: DASH_FFT, resource_name: cpu3, ref_start_time: 73867356923963, ref_stop_time: 73867356975383, actual_exe_time: 51420, task_app_start_time:73865913473941, task_sched_time:73867356920273
app_id: 0, app_name: SAR_api-aarch64, task_id: 1337, task_name: DASH_ZIP, resource_name: zip1, ref_start_time: 73867357710113, ref_stop_time: 73867357827803, actual_exe_time: 117690, task_app_start_time:73865913473941, task_sched_time:73867357699823
app_id: 0, app_name: SAR_api-aarch64, task_id: 1338, task_name: DASH_FFT, resource_name: cpu1, ref_start_time: 73867358318873, ref_stop_time: 73867358359853, actual_exe_time: 40980, task_app_start_time:73865913473941, task_sched_time:73867358314613
app_id: 0, app_name: SAR_api-aarch64, task_id: 1339, task_name: DASH_ZIP, resource_name: cpu2, ref_start_time: 73867359000353, ref_stop_time: 73867359077783, actual_exe_time: 77430, task_app_start_time:73865913473941, task_sched_time:73867358995973
app_id: 0, app_name: SAR_api-aarch64, task_id: 1340, task_name: DASH_FFT, resource_name: cpu3, ref_start_time: 73867359478973, ref_stop_time: 73867359536513, actual_exe_time: 57540, task_app_start_time:73865913473941, task_sched_time:73867359473033
app_id: 0, app_name: SAR_api-aarch64, task_id: 1341, task_name: DASH_ZIP, resource_name: zip1, ref_start_time: 73867360014203, ref_stop_time: 73867360131713, actual_exe_time: 117510, task_app_start_time:73865913473941, task_sched_time:73867359977183
app_id: 0, app_name: SAR_api-aarch64, task_id: 1342, task_name: DASH_FFT, resource_name: cpu1, ref_start_time: 73867360859693, ref_stop_time: 73867360900103, actual_exe_time: 40410, task_app_start_time:73865913473941, task_sched_time:73867360853753
app_id: 0, app_name: SAR_api-aarch64, task_id: 1343, task_name: DASH_ZIP, resource_name: cpu2, ref_start_time: 73867361421264, ref_stop_time: 73867361498424, actual_exe_time: 77160, task_app_start_time:73865913473941, task_sched_time:73867361413644
app_id: 0, app_name: SAR_api-aarch64, task_id: 1344, task_name: DASH_FFT, resource_name: cpu3, ref_start_time: 73867361957694, ref_stop_time: 73867362008664, actual_exe_time: 50970, task_app_start_time:73865913473941, task_sched_time:73867361952744
app_id: 0, app_name: SAR_api-aarch64, task_id: 1345, task_name: DASH_ZIP, resource_name: zip1, ref_start_time: 73867362671904, ref_stop_time: 73867362790014, actual_exe_time: 118110, task_app_start_time:73865913473941, task_sched_time:73867362641424
app_id: 0, app_name: SAR_api-aarch64, task_id: 1346, task_name: DASH_FFT, resource_name: cpu1, ref_start_time: 73867363261014, ref_stop_time: 73867363302474, actual_exe_time: 41460, task_app_start_time:73865913473941, task_sched_time:73867363250004
app_id: 0, app_name: SAR_api-aarch64, task_id: 1347, task_name: DASH_ZIP, resource_name: cpu2, ref_start_time: 73867363759374, ref_stop_time: 73867363837494, actual_exe_time: 78120, task_app_start_time:73865913473941, task_sched_time:73867363756254
app_id: 0, app_name: SAR_api-aarch64, task_id: 1348, task_name: DASH_FFT, resource_name: cpu3, ref_start_time: 73867364206614, ref_stop_time: 73867364258274, actual_exe_time: 51660, task_app_start_time:73865913473941, task_sched_time:73867364202684
app_id: 0, app_name: SAR_api-aarch64, task_id: 1349, task_name: DASH_ZIP, resource_name: zip1, ref_start_time: 73867364659044, ref_stop_time: 73867364775504, actual_exe_time: 116460, task_app_start_time:73865913473941, task_sched_time:73867364652654
app_id: 0, app_name: SAR_api-aarch64, task_id: 1350, task_name: DASH_FFT, resource_name: cpu1, ref_start_time: 73867365111204, ref_stop_time: 73867365151914, actual_exe_time: 40710, task_app_start_time:73865913473941, task_sched_time:73867365104334
app_id: 0, app_name: SAR_api-aarch64, task_id: 1351, task_name: DASH_ZIP, resource_name: cpu2, ref_start_time: 73867365851994, ref_stop_time: 73867365930174, actual_exe_time: 78180, task_app_start_time:73865913473941, task_sched_time:73867365842094
app_id: 0, app_name: SAR_api-aarch64, task_id: 1352, task_name: DASH_FFT, resource_name: cpu3, ref_start_time: 73867366224144, ref_stop_time: 73867366275744, actual_exe_time: 51600, task_app_start_time:73865913473941, task_sched_time:73867366215114
app_id: 0, app_name: SAR_api-aarch64, task_id: 1353, task_name: DASH_ZIP, resource_name: zip1, ref_start_time: 73867367027304, ref_stop_time: 73867367146554, actual_exe_time: 119250, task_app_start_time:73865913473941, task_sched_time:73867367023524
app_id: 0, app_name: SAR_api-aarch64, task_id: 1354, task_name: DASH_FFT, resource_name: cpu1, ref_start_time: 73867367589805, ref_stop_time: 73867367631145, actual_exe_time: 41340, task_app_start_time:73865913473941, task_sched_time:73867367578825
app_id: 0, app_name: SAR_api-aarch64, task_id: 1355, task_name: DASH_ZIP, resource_name: cpu2, ref_start_time: 73867368087535, ref_stop_time: 73867368165115, actual_exe_time: 77580, task_app_start_time:73865913473941, task_sched_time:73867368081715
app_id: 0, app_name: SAR_api-aarch64, task_id: 1356, task_name: DASH_FFT, resource_name: cpu3, ref_start_time: 73867368751285, ref_stop_time: 73867368817315, actual_exe_time: 66030, task_app_start_time:73865913473941, task_sched_time:73867368744385
app_id: 0, app_name: SAR_api-aarch64, task_id: 1357, task_name: DASH_ZIP, resource_name: zip1, ref_start_time: 73867369525015, ref_stop_time: 73867369642075, actual_exe_time: 117060, task_app_start_time:73865913473941, task_sched_time:73867369516375
app_id: 0, app_name: SAR_api-aarch64, task_id: 1358, task_name: DASH_FFT, resource_name: cpu1, ref_start_time: 73867370108755, ref_stop_time: 73867370149735, actual_exe_time: 40980, task_app_start_time:73865913473941, task_sched_time:73867370106145
app_id: 0, app_name: SAR_api-aarch64, task_id: 1359, task_name: DASH_ZIP, resource_name: cpu2, ref_start_time: 73867370584885, ref_stop_time: 73867370662465, actual_exe_time: 77580, task_app_start_time:73865913473941, task_sched_time:73867370579995
app_id: 0, app_name: SAR_api-aarch64, task_id: 1360, task_name: DASH_FFT, resource_name: cpu3, ref_start_time: 73867371066115, ref_stop_time: 73867371118435, actual_exe_time: 52320, task_app_start_time:73865913473941, task_sched_time:73867371060355
app_id: 0, app_name: SAR_api-aarch64, task_id: 1361, task_name: DASH_ZIP, resource_name: zip1, ref_start_time: 73867371848605, ref_stop_time: 73867371966715, actual_exe_time: 118110, task_app_start_time:73865913473941, task_sched_time:73867371843325
app_id: 0, app_name: SAR_api-aarch64, task_id: 1362, task_name: DASH_FFT, resource_name: cpu1, ref_start_time: 73867372479685, ref_stop_time: 73867372521055, actual_exe_time: 41370, task_app_start_time:73865913473941, task_sched_time:73867372467325
app_id: 0, app_name: SAR_api-aarch64, task_id: 1363, task_name: DASH_ZIP, resource_name: cpu2, ref_start_time: 73867372922995, ref_stop_time: 73867373000545, actual_exe_time: 77550, task_app_start_time:73865913473941, task_sched_time:73867372915315
app_id: 0, app_name: SAR_api-aarch64, task_id: 1364, task_name: DASH_FFT, resource_name: cpu3, ref_start_time: 73867373496205, ref_stop_time: 73867373548345, actual_exe_time: 52140, task_app_start_time:73865913473941, task_sched_time:73867373464645
app_id: 0, app_name: SAR_api-aarch64, task_id: 1365, task_name: DASH_ZIP, resource_name: zip1, ref_start_time: 73867374016136, ref_stop_time: 73867374135266, actual_exe_time: 119130, task_app_start_time:73865913473941, task_sched_time:73867374011246
app_id: 0, app_name: SAR_api-aarch64, task_id: 1366, task_name: DASH_FFT, resource_name: cpu1, ref_start_time: 73867374791486, ref_stop_time: 73867374832796, actual_exe_time: 41310, task_app_start_time:73865913473941, task_sched_time:73867374785186
app_id: 0, app_name: SAR_api-aarch64, task_id: 1367, task_name: DASH_ZIP, resource_name: cpu2, ref_start_time: 73867375309196, ref_stop_time: 73867375388456, actual_exe_time: 79260, task_app_start_time:73865913473941, task_sched_time:73867375300436
app_id: 0, app_name: SAR_api-aarch64, task_id: 1368, task_name: DASH_FFT, resource_name: cpu3, ref_start_time: 73867375771166, ref_stop_time: 73867375822436, actual_exe_time: 51270, task_app_start_time:73865913473941, task_sched_time:73867375757816
app_id: 0, app_name: SAR_api-aarch64, task_id: 1369, task_name: DASH_ZIP, resource_name: zip1, ref_start_time: 73867376443406, ref_stop_time: 73867376560376, actual_exe_time: 116970, task_app_start_time:73865913473941, task_sched_time:73867376438306
app_id: 0, app_name: SAR_api-aarch64, task_id: 1370, task_name: DASH_FFT, resource_name: cpu1, ref_start_time: 73867376987516, ref_stop_time: 73867377028166, actual_exe_time: 40650, task_app_start_time:73865913473941, task_sched_time:73867376980646
app_id: 0, app_name: SAR_api-aarch64, task_id: 1371, task_name: DASH_ZIP, resource_name: cpu2, ref_start_time: 73867377563246, ref_stop_time: 73867377640886, actual_exe_time: 77640, task_app_start_time:73865913473941, task_sched_time:73867377556346
app_id: 0, app_name: SAR_api-aarch64, task_id: 1372, task_name: DASH_FFT, resource_name: cpu3, ref_start_time: 73867378040336, ref_stop_time: 73867378091426, actual_exe_time: 51090, task_app_start_time:73865913473941, task_sched_time:73867378030676
app_id: 0, app_name: SAR_api-aarch64, task_id: 1373, task_name: DASH_ZIP, resource_name: zip1, ref_start_time: 73867378604036, ref_stop_time: 73867378726736, actual_exe_time: 122700, task_app_start_time:73865913473941, task_sched_time:73867378558316
app_id: 0, app_name: SAR_api-aarch64, task_id: 1374, task_name: DASH_FFT, resource_name: cpu1, ref_start_time: 73867379422766, ref_stop_time: 73867379464316, actual_exe_time: 41550, task_app_start_time:73865913473941, task_sched_time:73867379416526
app_id: 0, app_name: SAR_api-aarch64, task_id: 1375, task_name: DASH_ZIP, resource_name: cpu2, ref_start_time: 73867380017427, ref_stop_time: 73867380094677, actual_exe_time: 77250, task_app_start_time:73865913473941, task_sched_time:73867380008127
app_id: 0, app_name: SAR_api-aarch64, task_id: 1376, task_name: DASH_FFT, resource_name: cpu3, ref_start_time: 73867380511227, ref_stop_time: 73867380562137, actual_exe_time: 50910, task_app_start_time:73865913473941, task_sched_time:73867380503097
app_id: 0, app_name: SAR_api-aarch64, task_id: 1377, task_name: DASH_ZIP, resource_name: zip1, ref_start_time: 73867381355097, ref_stop_time: 73867381472907, actual_exe_time: 117810, task_app_start_time:73865913473941, task_sched_time:73867381349637
app_id: 0, app_name: SAR_api-aarch64, task_id: 1378, task_name: DASH_FFT, resource_name: cpu1, ref_start_time: 73867381996287, ref_stop_time: 73867382037057, actual_exe_time: 40770, task_app_start_time:73865913473941, task_sched_time:73867381987377
app_id: 0, app_name: SAR_api-aarch64, task_id: 1379, task_name: DASH_ZIP, resource_name: cpu2, ref_start_time: 73867382558457, ref_stop_time: 73867382635917, actual_exe_time: 77460, task_app_start_time:73865913473941, task_sched_time:73867382552187
app_id: 0, app_name: SAR_api-aarch64, task_id: 1380, task_name: DASH_FFT, resource_name: cpu3, ref_start_time: 73867383001287, ref_stop_time: 73867383053217, actual_exe_time: 51930, task_app_start_time:73865913473941, task_sched_time:73867382993487
app_id: 0, app_name: SAR_api-aarch64, task_id: 1381, task_name: DASH_ZIP, resource_name: zip1, ref_start_time: 73867383853077, ref_stop_time: 73867383969957, actual_exe_time: 116880, task_app_start_time:73865913473941, task_sched_time:73867383849267
app_id: 0, app_name: SAR_api-aarch64, task_id: 1382, task_name: DASH_FFT, resource_name: cpu1, ref_start_time: 73867384393077, ref_stop_time: 73867384433817, actual_exe_time: 40740, task_app_start_time:73865913473941, task_sched_time:73867384388997
app_id: 0, app_name: SAR_api-aarch64, task_id: 1383, task_name: DASH_ZIP, resource_name: cpu2, ref_start_time: 73867384892607, ref_stop_time: 73867384970757, actual_exe_time: 78150, task_app_start_time:73865913473941, task_sched_time:73867384884207
app_id: 0, app_name: SAR_api-aarch64, task_id: 1384, task_name: DASH_FFT, resource_name: cpu3, ref_start_time: 73867385379477, ref_stop_time: 73867385431887, actual_exe_time: 52410, task_app_start_time:73865913473941, task_sched_time:73867385330577
app_id: 0, app_name: SAR_api-aarch64, task_id: 1385, task_name: DASH_ZIP, resource_name: zip1, ref_start_time: 73867386185608, ref_stop_time: 73867386304948, actual_exe_time: 119340, task_app_start_time:73865913473941, task_sched_time:73867386181948
app_id: 0, app_name: SAR_api-aarch64, task_id: 1386, task_name: DASH_FFT, resource_name: cpu1, ref_start_time: 73867386570118, ref_stop_time: 73867386611428, actual_exe_time: 41310, task_app_start_time:73865913473941, task_sched_time:73867386562948
app_id: 0, app_name: SAR_api-aarch64, task_id: 1387, task_name: DASH_ZIP, resource_name: cpu2, ref_start_time: 73867387236328, ref_stop_time: 73867387313548, actual_exe_time: 77220, task_app_start_time:73865913473941, task_sched_time:73867387230658
app_id: 0, app_name: SAR_api-aarch64, task_id: 1388, task_name: DASH_FFT, resource_name: cpu3, ref_start_time: 73867387695448, ref_stop_time: 73867387746958, actual_exe_time: 51510, task_app_start_time:73865913473941, task_sched_time:73867387688218
app_id: 0, app_name: SAR_api-aarch64, task_id: 1389, task_name: DASH_ZIP, resource_name: zip1, ref_start_time: 73867388410708, ref_stop_time: 73867388528848, actual_exe_time: 118140, task_app_start_time:73865913473941, task_sched_time:73867388393308
app_id: 0, app_name: SAR_api-aarch64, task_id: 1390, task_name: DASH_FFT, resource_name: cpu1, ref_start_time: 73867388945728, ref_stop_time: 73867388986138, actual_exe_time: 40410, task_app_start_time:73865913473941, task_sched_time:73867388933908
app_id: 0, app_name: SAR_api-aarch64, task_id: 1391, task_name: DASH_ZIP, resource_name: cpu2, ref_start_time: 73867389495928, ref_stop_time: 73867389573718, actual_exe_time: 77790, task_app_start_time:73865913473941, task_sched_time:73867389488698
app_id: 0, app_name: SAR_api-aarch64, task_id: 1392, task_name: DASH_FFT, resource_name: cpu3, ref_start_time: 73867389935788, ref_stop_time: 73867389986488, actual_exe_time: 50700, task_app_start_time:73865913473941, task_sched_time:73867389922588
app_id: 0, app_name: SAR_api-aarch64, task_id: 1393, task_name: DASH_ZIP, resource_name: zip1, ref_start_time: 73867390601308, ref_stop_time: 73867390718758, actual_exe_time: 117450, task_app_start_time:73865913473941, task_sched_time:73867390564048
app_id: 0, app_name: SAR_api-aarch64, task_id: 1394, task_name: DASH_FFT, resource_name: cpu1, ref_start_time: 73867390947148, ref_stop_time: 73867390988158, actual_exe_time: 41010, task_app_start_time:73865913473941, task_sched_time:73867390942618
app_id: 0, app_name: SAR_api-aarch64, task_id: 1395, task_name: DASH_ZIP, resource_name: cpu2, ref_start_time: 73867391614438, ref_stop_time: 73867391691388, actual_exe_time: 76950, task_app_start_time:73865913473941, task_sched_time:73867391610598
app_id: 0, app_name: SAR_api-aarch64, task_id: 1396, task_name: DASH_FFT, resource_name: cpu3, ref_start_time: 73867392039148, ref_stop_time: 73867392089848, actual_exe_time: 50700, task_app_start_time:73865913473941, task_sched_time:73867392030748
app_id: 0, app_name: SAR_api-aarch64, task_id: 1397, task_name: DASH_ZIP, resource_name: zip1, ref_start_time: 73867392713159, ref_stop_time: 73867392830159, actual_exe_time: 117000, task_app_start_time:73865913473941, task_sched_time:73867392671339
app_id: 0, app_name: SAR_api-aarch64, task_id: 1398, task_name: DASH_FFT, resource_name: cpu1, ref_start_time: 73867393226429, ref_stop_time: 73867393267079, actual_exe_time: 40650, task_app_start_time:73865913473941, task_sched_time:73867393215959
app_id: 0, app_name: SAR_api-aarch64, task_id: 1399, task_name: DASH_ZIP, resource_name: cpu2, ref_start_time: 73867393779449, ref_stop_time: 73867393857059, actual_exe_time: 77610, task_app_start_time:73865913473941, task_sched_time:73867393774649
app_id: 0, app_name: SAR_api-aarch64, task_id: 1400, task_name: DASH_FFT, resource_name: cpu3, ref_start_time: 73867394251559, ref_stop_time: 73867394302679, actual_exe_time: 51120, task_app_start_time:73865913473941, task_sched_time:73867394217089
app_id: 0, app_name: SAR_api-aarch64, task_id: 1401, task_name: DASH_ZIP, resource_name: zip1, ref_start_time: 73867394798369, ref_stop_time: 73867394915429, actual_exe_time: 117060, task_app_start_time:73865913473941, task_sched_time:73867394748629
app_id: 0, app_name: SAR_api-aarch64, task_id: 1402, task_name: DASH_FFT, resource_name: cpu1, ref_start_time: 73867395467549, ref_stop_time: 73867395508469, actual_exe_time: 40920, task_app_start_time:73865913473941, task_sched_time:73867395455069
app_id: 0, app_name: SAR_api-aarch64, task_id: 1403, task_name: DASH_ZIP, resource_name: cpu2, ref_start_time: 73867395865289, ref_stop_time: 73867395942689, actual_exe_time: 77400, task_app_start_time:73865913473941, task_sched_time:73867395857549
app_id: 0, app_name: SAR_api-aarch64, task_id: 1404, task_name: DASH_FFT, resource_name: cpu3, ref_start_time: 73867396434719, ref_stop_time: 73867396491059, actual_exe_time: 56340, task_app_start_time:73865913473941, task_sched_time:73867396406459
app_id: 0, app_name: SAR_api-aarch64, task_id: 1405, task_name: DASH_ZIP, resource_name: zip1, ref_start_time: 73867396973459, ref_stop_time: 73867397090189, actual_exe_time: 116730, task_app_start_time:73865913473941, task_sched_time:73867396967369
app_id: 0, app_name: SAR_api-aarch64, task_id: 1406, task_name: DASH_FFT, resource_name: cpu1, ref_start_time: 73867397750489, ref_stop_time: 73867397791529, actual_exe_time: 41040, task_app_start_time:73865913473941, task_sched_time:73867397739659
app_id: 0, app_name: SAR_api-aarch64, task_id: 1407, task_name: DASH_ZIP, resource_name: cpu2, ref_start_time: 73867398278639, ref_stop_time: 73867398356069, actual_exe_time: 77430, task_app_start_time:73865913473941, task_sched_time:73867398275819
app_id: 0, app_name: SAR_api-aarch64, task_id: 1408, task_name: DASH_FFT, resource_name: cpu3, ref_start_time: 73867398738690, ref_stop_time: 73867398790140, actual_exe_time: 51450, task_app_start_time:73865913473941, task_sched_time:73867398731160
app_id: 0, app_name: SAR_api-aarch64, task_id: 1409, task_name: DASH_ZIP, resource_name: zip1, ref_start_time: 73867399508820, ref_stop_time: 73867399627440, actual_exe_time: 118620, task_app_start_time:73865913473941, task_sched_time:73867399501290
app_id: 0, app_name: SAR_api-aarch64, task_id: 1410, task_name: DASH_FFT, resource_name: cpu1, ref_start_time: 73867400050650, ref_stop_time: 73867400091300, actual_exe_time: 40650, task_app_start_time:73865913473941, task_sched_time:73867400040780
app_id: 0, app_name: SAR_api-aarch64, task_id: 1411, task_name: DASH_ZIP, resource_name: cpu2, ref_start_time: 73867400589450, ref_stop_time: 73867400667180, actual_exe_time: 77730, task_app_start_time:73865913473941, task_sched_time:73867400584590
app_id: 0, app_name: SAR_api-aarch64, task_id: 1412, task_name: DASH_FFT, resource_name: cpu3, ref_start_time: 73867401031740, ref_stop_time: 73867401082650, actual_exe_time: 50910, task_app_start_time:73865913473941, task_sched_time:73867401006960
app_id: 0, app_name: SAR_api-aarch64, task_id: 1413, task_name: DASH_ZIP, resource_name: zip1, ref_start_time: 73867401699720, ref_stop_time: 73867401816600, actual_exe_time: 116880, task_app_start_time:73865913473941, task_sched_time:73867401656190
app_id: 0, app_name: SAR_api-aarch64, task_id: 1414, task_name: DASH_FFT, resource_name: cpu1, ref_start_time: 73867402316970, ref_stop_time: 73867402358160, actual_exe_time: 41190, task_app_start_time:73865913473941, task_sched_time:73867402311000
app_id: 0, app_name: SAR_api-aarch64, task_id: 1415, task_name: DASH_ZIP, resource_name: cpu2, ref_start_time: 73867402613130, ref_stop_time: 73867402692030, actual_exe_time: 78900, task_app_start_time:73865913473941, task_sched_time:73867402608030
app_id: 0, app_name: SAR_api-aarch64, task_id: 1416, task_name: DASH_FFT, resource_name: cpu3, ref_start_time: 73867403301780, ref_stop_time: 73867403361180, actual_exe_time: 59400, task_app_start_time:73865913473941, task_sched_time:73867403252760
app_id: 0, app_name: SAR_api-aarch64, task_id: 1417, task_name: DASH_ZIP, resource_name: zip1, ref_start_time: 73867404072030, ref_stop_time: 73867404188580, actual_exe_time: 116550, task_app_start_time:73865913473941, task_sched_time:73867403984790
app_id: 0, app_name: SAR_api-aarch64, task_id: 1418, task_name: DASH_FFT, resource_name: cpu1, ref_start_time: 73867404596940, ref_stop_time: 73867404637560, actual_exe_time: 40620, task_app_start_time:73865913473941, task_sched_time:73867404592950
app_id: 0, app_name: SAR_api-aarch64, task_id: 1419, task_name: DASH_ZIP, resource_name: cpu2, ref_start_time: 73867405129561, ref_stop_time: 73867405207141, actual_exe_time: 77580, task_app_start_time:73865913473941, task_sched_time:73867405123531
app_id: 0, app_name: SAR_api-aarch64, task_id: 1420, task_name: DASH_FFT, resource_name: cpu3, ref_start_time: 73867405351531, ref_stop_time: 73867405402561, actual_exe_time: 51030, task_app_start_time:73865913473941, task_sched_time:73867405347421
app_id: 0, app_name: SAR_api-aarch64, task_id: 1421, task_name: DASH_ZIP, resource_name: zip1, ref_start_time: 73867406170921, ref_stop_time: 73867406287711, actual_exe_time: 116790, task_app_start_time:73865913473941, task_sched_time:73867406134921
app_id: 0, app_name: SAR_api-aarch64, task_id: 1422, task_name: DASH_FFT, resource_name: cpu1, ref_start_time: 73867406711671, ref_stop_time: 73867406752591, actual_exe_time: 40920, task_app_start_time:73865913473941, task_sched_time:73867406708461
app_id: 0, app_name: SAR_api-aarch64, task_id: 1423, task_name: DASH_ZIP, resource_name: cpu2, ref_start_time: 73867407254071, ref_stop_time: 73867407331381, actual_exe_time: 77310, task_app_start_time:73865913473941, task_sched_time:73867407246271
app_id: 0, app_name: SAR_api-aarch64, task_id: 1424, task_name: DASH_FFT, resource_name: cpu3, ref_start_time: 73867407538621, ref_stop_time: 73867407589231, actual_exe_time: 50610, task_app_start_time:73865913473941, task_sched_time:73867407530011
app_id: 0, app_name: SAR_api-aarch64, task_id: 1425, task_name: DASH_ZIP, resource_name: zip1, ref_start_time: 73867408389121, ref_stop_time: 73867408505791, actual_exe_time: 116670, task_app_start_time:73865913473941, task_sched_time:73867408375711
app_id: 0, app_name: SAR_api-aarch64, task_id: 1426, task_name: DASH_FFT, resource_name: cpu1, ref_start_time: 73867408929241, ref_stop_time: 73867408970371, actual_exe_time: 41130, task_app_start_time:73865913473941, task_sched_time:73867408920241
app_id: 0, app_name: SAR_api-aarch64, task_id: 1427, task_name: DASH_ZIP, resource_name: cpu2, ref_start_time: 73867409460541, ref_stop_time: 73867409537881, actual_exe_time: 77340, task_app_start_time:73865913473941, task_sched_time:73867409456101
app_id: 0, app_name: SAR_api-aarch64, task_id: 1428, task_name: DASH_FFT, resource_name: cpu3, ref_start_time: 73867409888641, ref_stop_time: 73867409940541, actual_exe_time: 51900, task_app_start_time:73865913473941, task_sched_time:73867409880871
app_id: 0, app_name: SAR_api-aarch64, task_id: 1429, task_name: DASH_ZIP, resource_name: zip1, ref_start_time: 73867410560611, ref_stop_time: 73867410677581, actual_exe_time: 116970, task_app_start_time:73865913473941, task_sched_time:73867410519361
app_id: 0, app_name: SAR_api-aarch64, task_id: 1430, task_name: DASH_FFT, resource_name: cpu1, ref_start_time: 73867411079372, ref_stop_time: 73867411120442, actual_exe_time: 41070, task_app_start_time:73865913473941, task_sched_time:73867411073702
app_id: 0, app_name: SAR_api-aarch64, task_id: 1431, task_name: DASH_ZIP, resource_name: cpu2, ref_start_time: 73867411573622, ref_stop_time: 73867411650902, actual_exe_time: 77280, task_app_start_time:73865913473941, task_sched_time:73867411570442
app_id: 0, app_name: SAR_api-aarch64, task_id: 1432, task_name: DASH_FFT, resource_name: cpu3, ref_start_time: 73867411912982, ref_stop_time: 73867411963532, actual_exe_time: 50550, task_app_start_time:73865913473941, task_sched_time:73867411846862
app_id: 0, app_name: SAR_api-aarch64, task_id: 1433, task_name: DASH_ZIP, resource_name: zip1, ref_start_time: 73867412721812, ref_stop_time: 73867412838722, actual_exe_time: 116910, task_app_start_time:73865913473941, task_sched_time:73867412683532
app_id: 0, app_name: SAR_api-aarch64, task_id: 1434, task_name: DASH_FFT, resource_name: cpu1, ref_start_time: 73867413213992, ref_stop_time: 73867413254852, actual_exe_time: 40860, task_app_start_time:73865913473941, task_sched_time:73867413201362
app_id: 0, app_name: SAR_api-aarch64, task_id: 1435, task_name: DASH_ZIP, resource_name: cpu2, ref_start_time: 73867413766112, ref_stop_time: 73867413843362, actual_exe_time: 77250, task_app_start_time:73865913473941, task_sched_time:73867413761672
app_id: 0, app_name: SAR_api-aarch64, task_id: 1436, task_name: DASH_FFT, resource_name: cpu3, ref_start_time: 73867414224422, ref_stop_time: 73867414275152, actual_exe_time: 50730, task_app_start_time:73865913473941, task_sched_time:73867414216262
app_id: 0, app_name: SAR_api-aarch64, task_id: 1437, task_name: DASH_ZIP, resource_name: zip1, ref_start_time: 73867414937432, ref_stop_time: 73867415055662, actual_exe_time: 118230, task_app_start_time:73865913473941, task_sched_time:73867414925042
app_id: 0, app_name: SAR_api-aarch64, task_id: 1438, task_name: DASH_FFT, resource_name: cpu1, ref_start_time: 73867415461262, ref_stop_time: 73867415502212, actual_exe_time: 40950, task_app_start_time:73865913473941, task_sched_time:73867415453582
app_id: 0, app_name: SAR_api-aarch64, task_id: 1439, task_name: DASH_ZIP, resource_name: cpu2, ref_start_time: 73867415994092, ref_stop_time: 73867416071432, actual_exe_time: 77340, task_app_start_time:73865913473941, task_sched_time:73867415988212
app_id: 0, app_name: SAR_api-aarch64, task_id: 1440, task_name: DASH_FFT, resource_name: cpu3, ref_start_time: 73867416347192, ref_stop_time: 73867416397922, actual_exe_time: 50730, task_app_start_time:73865913473941, task_sched_time:73867416339482
app_id: 0, app_name: SAR_api-aarch64, task_id: 1441, task_name: DASH_ZIP, resource_name: zip1, ref_start_time: 73867417160883, ref_stop_time: 73867417277673, actual_exe_time: 116790, task_app_start_time:73865913473941, task_sched_time:73867417114742
app_id: 0, app_name: SAR_api-aarch64, task_id: 1442, task_name: DASH_FFT, resource_name: cpu1, ref_start_time: 73867418040663, ref_stop_time: 73867418081793, actual_exe_time: 41130, task_app_start_time:73865913473941, task_sched_time:73867418027403
app_id: 0, app_name: SAR_api-aarch64, task_id: 1443, task_name: DASH_ZIP, resource_name: cpu2, ref_start_time: 73867418585103, ref_stop_time: 73867418663643, actual_exe_time: 78540, task_app_start_time:73865913473941, task_sched_time:73867418579193
app_id: 0, app_name: SAR_api-aarch64, task_id: 1444, task_name: DASH_FFT, resource_name: cpu3, ref_start_time: 73867419061503, ref_stop_time: 73867419117333, actual_exe_time: 55830, task_app_start_time:73865913473941, task_sched_time:73867419056703
app_id: 0, app_name: SAR_api-aarch64, task_id: 1445, task_name: DASH_ZIP, resource_name: zip1, ref_start_time: 73867419826893, ref_stop_time: 73867419943863, actual_exe_time: 116970, task_app_start_time:73865913473941, task_sched_time:73867419809133
app_id: 0, app_name: SAR_api-aarch64, task_id: 1446, task_name: DASH_FFT, resource_name: cpu1, ref_start_time: 73867420379283, ref_stop_time: 73867420420263, actual_exe_time: 40980, task_app_start_time:73865913473941, task_sched_time:73867420374513
app_id: 0, app_name: SAR_api-aarch64, task_id: 1447, task_name: DASH_ZIP, resource_name: cpu2, ref_start_time: 73867420872453, ref_stop_time: 73867420949703, actual_exe_time: 77250, task_app_start_time:73865913473941, task_sched_time:73867420868103
app_id: 0, app_name: SAR_api-aarch64, task_id: 1448, task_name: DASH_FFT, resource_name: cpu3, ref_start_time: 73867421268063, ref_stop_time: 73867421330463, actual_exe_time: 62400, task_app_start_time:73865913473941, task_sched_time:73867421218443
app_id: 0, app_name: SAR_api-aarch64, task_id: 1449, task_name: DASH_ZIP, resource_name: zip1, ref_start_time: 73867422116283, ref_stop_time: 73867422233223, actual_exe_time: 116940, task_app_start_time:73865913473941, task_sched_time:73867422060423
app_id: 0, app_name: SAR_api-aarch64, task_id: 1450, task_name: DASH_FFT, resource_name: cpu1, ref_start_time: 73867422743673, ref_stop_time: 73867422784623, actual_exe_time: 40950, task_app_start_time:73865913473941, task_sched_time:73867422738813
app_id: 0, app_name: SAR_api-aarch64, task_id: 1451, task_name: DASH_ZIP, resource_name: cpu2, ref_start_time: 73867423277433, ref_stop_time: 73867423355554, actual_exe_time: 78121, task_app_start_time:73865913473941, task_sched_time:73867423271073
app_id: 0, app_name: SAR_api-aarch64, task_id: 1452, task_name: DASH_FFT, resource_name: cpu3, ref_start_time: 73867423674514, ref_stop_time: 73867423725484, actual_exe_time: 50970, task_app_start_time:73865913473941, task_sched_time:73867423670704
app_id: 0, app_name: SAR_api-aarch64, task_id: 1453, task_name: DASH_ZIP, resource_name: zip1, ref_start_time: 73867424366464, ref_stop_time: 73867424485114, actual_exe_time: 118650, task_app_start_time:73865913473941, task_sched_time:73867424310874
app_id: 0, app_name: SAR_api-aarch64, task_id: 1454, task_name: DASH_FFT, resource_name: cpu1, ref_start_time: 73867424874784, ref_stop_time: 73867424915224, actual_exe_time: 40440, task_app_start_time:73865913473941, task_sched_time:73867424861914
app_id: 0, app_name: SAR_api-aarch64, task_id: 1455, task_name: DASH_ZIP, resource_name: cpu2, ref_start_time: 73867426077874, ref_stop_time: 73867426160344, actual_exe_time: 82470, task_app_start_time:73865913473941, task_sched_time:73867426071934
app_id: 0, app_name: SAR_api-aarch64, task_id: 1456, task_name: DASH_FFT, resource_name: cpu3, ref_start_time: 73867426447114, ref_stop_time: 73867426506544, actual_exe_time: 59430, task_app_start_time:73865913473941, task_sched_time:73867426382584
app_id: 0, app_name: SAR_api-aarch64, task_id: 1457, task_name: DASH_ZIP, resource_name: zip1, ref_start_time: 73867427421604, ref_stop_time: 73867427539654, actual_exe_time: 118050, task_app_start_time:73865913473941, task_sched_time:73867427417104
app_id: 0, app_name: SAR_api-aarch64, task_id: 1458, task_name: DASH_FFT, resource_name: cpu1, ref_start_time: 73867427742574, ref_stop_time: 73867427783374, actual_exe_time: 40800, task_app_start_time:73865913473941, task_sched_time:73867427736424
app_id: 0, app_name: SAR_api-aarch64, task_id: 1459, task_name: DASH_ZIP, resource_name: cpu2, ref_start_time: 73867428376354, ref_stop_time: 73867428453664, actual_exe_time: 77310, task_app_start_time:73865913473941, task_sched_time:73867428372064
app_id: 0, app_name: SAR_api-aarch64, task_id: 1460, task_name: DASH_FFT, resource_name: cpu3, ref_start_time: 73867428869614, ref_stop_time: 73867428920434, actual_exe_time: 50820, task_app_start_time:73865913473941, task_sched_time:73867428861454
app_id: 0, app_name: SAR_api-aarch64, task_id: 1461, task_name: DASH_ZIP, resource_name: zip1, ref_start_time: 73867429680605, ref_stop_time: 73867429799015, actual_exe_time: 118410, task_app_start_time:73865913473941, task_sched_time:73867429671995
app_id: 0, app_name: SAR_api-aarch64, task_id: 1462, task_name: DASH_FFT, resource_name: cpu1, ref_start_time: 73867430236205, ref_stop_time: 73867430277035, actual_exe_time: 40830, task_app_start_time:73865913473941, task_sched_time:73867430232005
app_id: 0, app_name: SAR_api-aarch64, task_id: 1463, task_name: DASH_ZIP, resource_name: cpu2, ref_start_time: 73867430814185, ref_stop_time: 73867430891855, actual_exe_time: 77670, task_app_start_time:73865913473941, task_sched_time:73867430809595
app_id: 0, app_name: SAR_api-aarch64, task_id: 1464, task_name: DASH_FFT, resource_name: cpu3, ref_start_time: 73867431268625, ref_stop_time: 73867431319805, actual_exe_time: 51180, task_app_start_time:73865913473941, task_sched_time:73867431251765
app_id: 0, app_name: SAR_api-aarch64, task_id: 1465, task_name: DASH_ZIP, resource_name: zip1, ref_start_time: 73867432593695, ref_stop_time: 73867432711595, actual_exe_time: 117900, task_app_start_time:73865913473941, task_sched_time:73867432558655
app_id: 0, app_name: SAR_api-aarch64, task_id: 1466, task_name: DASH_FFT, resource_name: cpu1, ref_start_time: 73867432884845, ref_stop_time: 73867432925585, actual_exe_time: 40740, task_app_start_time:73865913473941, task_sched_time:73867432871885
app_id: 0, app_name: SAR_api-aarch64, task_id: 1467, task_name: DASH_ZIP, resource_name: cpu2, ref_start_time: 73867433607545, ref_stop_time: 73867433685155, actual_exe_time: 77610, task_app_start_time:73865913473941, task_sched_time:73867433602055
app_id: 0, app_name: SAR_api-aarch64, task_id: 1468, task_name: DASH_FFT, resource_name: cpu3, ref_start_time: 73867434088955, ref_stop_time: 73867434142235, actual_exe_time: 53280, task_app_start_time:73865913473941, task_sched_time:73867434079685
app_id: 0, app_name: SAR_api-aarch64, task_id: 1469, task_name: DASH_ZIP, resource_name: zip1, ref_start_time: 73867434820985, ref_stop_time: 73867434938165, actual_exe_time: 117180, task_app_start_time:73865913473941, task_sched_time:73867434780905
app_id: 0, app_name: SAR_api-aarch64, task_id: 1470, task_name: DASH_FFT, resource_name: cpu1, ref_start_time: 73867435367015, ref_stop_time: 73867435408025, actual_exe_time: 41010, task_app_start_time:73865913473941, task_sched_time:73867435364225
app_id: 0, app_name: SAR_api-aarch64, task_id: 1471, task_name: DASH_ZIP, resource_name: cpu2, ref_start_time: 73867435957356, ref_stop_time: 73867436034936, actual_exe_time: 77580, task_app_start_time:73865913473941, task_sched_time:73867435950546
app_id: 0, app_name: SAR_api-aarch64, task_id: 1472, task_name: DASH_FFT, resource_name: cpu3, ref_start_time: 73867436521326, ref_stop_time: 73867436572476, actual_exe_time: 51150, task_app_start_time:73865913473941, task_sched_time:73867436464326
app_id: 0, app_name: SAR_api-aarch64, task_id: 1473, task_name: DASH_ZIP, resource_name: zip1, ref_start_time: 73867437243966, ref_stop_time: 73867437363456, actual_exe_time: 119490, task_app_start_time:73865913473941, task_sched_time:73867437235146
app_id: 0, app_name: SAR_api-aarch64, task_id: 1474, task_name: DASH_FFT, resource_name: cpu1, ref_start_time: 73867437955356, ref_stop_time: 73867437996216, actual_exe_time: 40860, task_app_start_time:73865913473941, task_sched_time:73867437952476
app_id: 0, app_name: SAR_api-aarch64, task_id: 1475, task_name: DASH_ZIP, resource_name: cpu2, ref_start_time: 73867438537086, ref_stop_time: 73867438614456, actual_exe_time: 77370, task_app_start_time:73865913473941, task_sched_time:73867438528026
app_id: 0, app_name: SAR_api-aarch64, task_id: 1476, task_name: DASH_FFT, resource_name: cpu3, ref_start_time: 73867439025636, ref_stop_time: 73867439087346, actual_exe_time: 61710, task_app_start_time:73865913473941, task_sched_time:73867439018646
app_id: 0, app_name: SAR_api-aarch64, task_id: 1477, task_name: DASH_ZIP, resource_name: zip1, ref_start_time: 73867439815776, ref_stop_time: 73867439933136, actual_exe_time: 117360, task_app_start_time:73865913473941, task_sched_time:73867439810706
app_id: 0, app_name: SAR_api-aarch64, task_id: 1478, task_name: DASH_FFT, resource_name: cpu1, ref_start_time: 73867440549516, ref_stop_time: 73867440590046, actual_exe_time: 40530, task_app_start_time:73865913473941, task_sched_time:73867440538236
app_id: 0, app_name: SAR_api-aarch64, task_id: 1479, task_name: DASH_ZIP, resource_name: cpu2, ref_start_time: 73867441081656, ref_stop_time: 73867441159146, actual_exe_time: 77490, task_app_start_time:73865913473941, task_sched_time:73867441079076
app_id: 0, app_name: SAR_api-aarch64, task_id: 1480, task_name: DASH_FFT, resource_name: cpu3, ref_start_time: 73867441584606, ref_stop_time: 73867441637736, actual_exe_time: 53130, task_app_start_time:73865913473941, task_sched_time:73867441575336
app_id: 0, app_name: SAR_api-aarch64, task_id: 1481, task_name: DASH_ZIP, resource_name: zip1, ref_start_time: 73867442115877, ref_stop_time: 73867442232997, actual_exe_time: 117120, task_app_start_time:73865913473941, task_sched_time:73867442111407
app_id: 0, app_name: SAR_api-aarch64, task_id: 1482, task_name: DASH_FFT, resource_name: cpu1, ref_start_time: 73867442837317, ref_stop_time: 73867442878057, actual_exe_time: 40740, task_app_start_time:73865913473941, task_sched_time:73867442832847
app_id: 0, app_name: SAR_api-aarch64, task_id: 1483, task_name: DASH_ZIP, resource_name: cpu2, ref_start_time: 73867443400747, ref_stop_time: 73867443478477, actual_exe_time: 77730, task_app_start_time:73865913473941, task_sched_time:73867443391297
app_id: 0, app_name: SAR_api-aarch64, task_id: 1484, task_name: DASH_FFT, resource_name: cpu3, ref_start_time: 73867443879937, ref_stop_time: 73867443932017, actual_exe_time: 52080, task_app_start_time:73865913473941, task_sched_time:73867443866437
app_id: 0, app_name: SAR_api-aarch64, task_id: 1485, task_name: DASH_ZIP, resource_name: zip1, ref_start_time: 73867444675867, ref_stop_time: 73867444795717, actual_exe_time: 119850, task_app_start_time:73865913473941, task_sched_time:73867444666477
app_id: 0, app_name: SAR_api-aarch64, task_id: 1486, task_name: DASH_FFT, resource_name: cpu1, ref_start_time: 73867445216827, ref_stop_time: 73867445257327, actual_exe_time: 40500, task_app_start_time:73865913473941, task_sched_time:73867445205217
app_id: 0, app_name: SAR_api-aarch64, task_id: 1487, task_name: DASH_ZIP, resource_name: cpu2, ref_start_time: 73867445846587, ref_stop_time: 73867445923957, actual_exe_time: 77370, task_app_start_time:73865913473941, task_sched_time:73867445838517
app_id: 0, app_name: SAR_api-aarch64, task_id: 1488, task_name: DASH_FFT, resource_name: cpu3, ref_start_time: 73867446301777, ref_stop_time: 73867446352837, actual_exe_time: 51060, task_app_start_time:73865913473941, task_sched_time:73867446290617
app_id: 0, app_name: SAR_api-aarch64, task_id: 1489, task_name: DASH_ZIP, resource_name: zip1, ref_start_time: 73867447006717, ref_stop_time: 73867447124287, actual_exe_time: 117570, task_app_start_time:73865913473941, task_sched_time:73867446945667
app_id: 0, app_name: SAR_api-aarch64, task_id: 1490, task_name: DASH_FFT, resource_name: cpu1, ref_start_time: 73867447701607, ref_stop_time: 73867447742407, actual_exe_time: 40800, task_app_start_time:73865913473941, task_sched_time:73867447690897
app_id: 0, app_name: SAR_api-aarch64, task_id: 1491, task_name: DASH_ZIP, resource_name: cpu2, ref_start_time: 73867448346278, ref_stop_time: 73867448424128, actual_exe_time: 77850, task_app_start_time:73865913473941, task_sched_time:73867448341748
app_id: 0, app_name: SAR_api-aarch64, task_id: 1492, task_name: DASH_FFT, resource_name: cpu3, ref_start_time: 73867448939258, ref_stop_time: 73867448997758, actual_exe_time: 58500, task_app_start_time:73865913473941, task_sched_time:73867448929898
app_id: 0, app_name: SAR_api-aarch64, task_id: 1493, task_name: DASH_ZIP, resource_name: zip1, ref_start_time: 73867449641768, ref_stop_time: 73867449758858, actual_exe_time: 117090, task_app_start_time:73865913473941, task_sched_time:73867449581078
app_id: 0, app_name: SAR_api-aarch64, task_id: 1494, task_name: DASH_FFT, resource_name: cpu1, ref_start_time: 73867450321418, ref_stop_time: 73867450362308, actual_exe_time: 40890, task_app_start_time:73865913473941, task_sched_time:73867450317218
app_id: 0, app_name: SAR_api-aarch64, task_id: 1495, task_name: DASH_ZIP, resource_name: cpu2, ref_start_time: 73867450869098, ref_stop_time: 73867450947488, actual_exe_time: 78390, task_app_start_time:73865913473941, task_sched_time:73867450859408
app_id: 0, app_name: SAR_api-aarch64, task_id: 1496, task_name: DASH_FFT, resource_name: cpu3, ref_start_time: 73867451324588, ref_stop_time: 73867451377718, actual_exe_time: 53130, task_app_start_time:73865913473941, task_sched_time:73867451318828
app_id: 0, app_name: SAR_api-aarch64, task_id: 1497, task_name: DASH_ZIP, resource_name: zip1, ref_start_time: 73867452042758, ref_stop_time: 73867452160238, actual_exe_time: 117480, task_app_start_time:73865913473941, task_sched_time:73867451990528
app_id: 0, app_name: SAR_api-aarch64, task_id: 1498, task_name: DASH_FFT, resource_name: cpu1, ref_start_time: 73867452648878, ref_stop_time: 73867452689618, actual_exe_time: 40740, task_app_start_time:73865913473941, task_sched_time:73867452639578
app_id: 0, app_name: SAR_api-aarch64, task_id: 1499, task_name: DASH_ZIP, resource_name: cpu2, ref_start_time: 73867453476188, ref_stop_time: 73867453553888, actual_exe_time: 77700, task_app_start_time:73865913473941, task_sched_time:73867453471598
app_id: 0, app_name: SAR_api-aarch64, task_id: 1500, task_name: DASH_FFT, resource_name: cpu3, ref_start_time: 73867453813988, ref_stop_time: 73867453865198, actual_exe_time: 51210, task_app_start_time:73865913473941, task_sched_time:73867453766708
app_id: 0, app_name: SAR_api-aarch64, task_id: 1501, task_name: DASH_ZIP, resource_name: zip1, ref_start_time: 73867454718099, ref_stop_time: 73867454835219, actual_exe_time: 117120, task_app_start_time:73865913473941, task_sched_time:73867454674509
app_id: 0, app_name: SAR_api-aarch64, task_id: 1502, task_name: DASH_FFT, resource_name: cpu1, ref_start_time: 73867455298479, ref_stop_time: 73867455340539, actual_exe_time: 42060, task_app_start_time:73865913473941, task_sched_time:73867455295359
app_id: 0, app_name: SAR_api-aarch64, task_id: 1503, task_name: DASH_ZIP, resource_name: cpu2, ref_start_time: 73867455883809, ref_stop_time: 73867455961389, actual_exe_time: 77580, task_app_start_time:73865913473941, task_sched_time:73867455880569
app_id: 0, app_name: SAR_api-aarch64, task_id: 1504, task_name: DASH_FFT, resource_name: cpu3, ref_start_time: 73867456359459, ref_stop_time: 73867456410429, actual_exe_time: 50970, task_app_start_time:73865913473941, task_sched_time:73867456352949
app_id: 0, app_name: SAR_api-aarch64, task_id: 1505, task_name: DASH_ZIP, resource_name: zip1, ref_start_time: 73867457203659, ref_stop_time: 73867457330289, actual_exe_time: 126630, task_app_start_time:73865913473941, task_sched_time:73867457195979
app_id: 0, app_name: SAR_api-aarch64, task_id: 1506, task_name: DASH_FFT, resource_name: cpu1, ref_start_time: 73867457827449, ref_stop_time: 73867457868249, actual_exe_time: 40800, task_app_start_time:73865913473941, task_sched_time:73867457817549
app_id: 0, app_name: SAR_api-aarch64, task_id: 1507, task_name: DASH_ZIP, resource_name: cpu2, ref_start_time: 73867458380259, ref_stop_time: 73867458457629, actual_exe_time: 77370, task_app_start_time:73865913473941, task_sched_time:73867458375519
app_id: 0, app_name: SAR_api-aarch64, task_id: 1508, task_name: DASH_FFT, resource_name: cpu3, ref_start_time: 73867458641259, ref_stop_time: 73867458693639, actual_exe_time: 52380, task_app_start_time:73865913473941, task_sched_time:73867458637149
app_id: 0, app_name: SAR_api-aarch64, task_id: 1509, task_name: DASH_ZIP, resource_name: zip1, ref_start_time: 73867459500159, ref_stop_time: 73867459617099, actual_exe_time: 116940, task_app_start_time:73865913473941, task_sched_time:73867459483149
app_id: 0, app_name: SAR_api-aarch64, task_id: 1510, task_name: DASH_FFT, resource_name: cpu1, ref_start_time: 73867460084199, ref_stop_time: 73867460124699, actual_exe_time: 40500, task_app_start_time:73865913473941, task_sched_time:73867460072649
app_id: 0, app_name: SAR_api-aarch64, task_id: 1511, task_name: DASH_ZIP, resource_name: cpu2, ref_start_time: 73867460633560, ref_stop_time: 73867460711290, actual_exe_time: 77730, task_app_start_time:73865913473941, task_sched_time:73867460630590
app_id: 0, app_name: SAR_api-aarch64, task_id: 1512, task_name: DASH_FFT, resource_name: cpu3, ref_start_time: 73867461097390, ref_stop_time: 73867461149530, actual_exe_time: 52140, task_app_start_time:73865913473941, task_sched_time:73867461093730
app_id: 0, app_name: SAR_api-aarch64, task_id: 1513, task_name: DASH_ZIP, resource_name: zip1, ref_start_time: 73867461863590, ref_stop_time: 73867461983440, actual_exe_time: 119850, task_app_start_time:73865913473941, task_sched_time:73867461848230
app_id: 0, app_name: SAR_api-aarch64, task_id: 1514, task_name: DASH_FFT, resource_name: cpu1, ref_start_time: 73867462421530, ref_stop_time: 73867462462810, actual_exe_time: 41280, task_app_start_time:73865913473941, task_sched_time:73867462412410
app_id: 0, app_name: SAR_api-aarch64, task_id: 1515, task_name: DASH_ZIP, resource_name: cpu2, ref_start_time: 73867462906420, ref_stop_time: 73867462983430, actual_exe_time: 77010, task_app_start_time:73865913473941, task_sched_time:73867462901380
app_id: 0, app_name: SAR_api-aarch64, task_id: 1516, task_name: DASH_FFT, resource_name: cpu3, ref_start_time: 73867463461000, ref_stop_time: 73867463513470, actual_exe_time: 52470, task_app_start_time:73865913473941, task_sched_time:73867463458420
app_id: 0, app_name: SAR_api-aarch64, task_id: 1517, task_name: DASH_ZIP, resource_name: zip1, ref_start_time: 73867464150820, ref_stop_time: 73867464268390, actual_exe_time: 117570, task_app_start_time:73865913473941, task_sched_time:73867464095740
app_id: 0, app_name: SAR_api-aarch64, task_id: 1518, task_name: DASH_FFT, resource_name: cpu1, ref_start_time: 73867464703900, ref_stop_time: 73867464744850, actual_exe_time: 40950, task_app_start_time:73865913473941, task_sched_time:73867464694870
app_id: 0, app_name: SAR_api-aarch64, task_id: 1519, task_name: DASH_ZIP, resource_name: cpu2, ref_start_time: 73867465286260, ref_stop_time: 73867465372690, actual_exe_time: 86430, task_app_start_time:73865913473941, task_sched_time:73867465276780
app_id: 0, app_name: SAR_api-aarch64, task_id: 1520, task_name: DASH_FFT, resource_name: cpu3, ref_start_time: 73867465722370, ref_stop_time: 73867465773850, actual_exe_time: 51480, task_app_start_time:73865913473941, task_sched_time:73867465709020
app_id: 0, app_name: SAR_api-aarch64, task_id: 1521, task_name: DASH_ZIP, resource_name: zip1, ref_start_time: 73867466282980, ref_stop_time: 73867466408260, actual_exe_time: 125280, task_app_start_time:73865913473941, task_sched_time:73867466222650
app_id: 0, app_name: SAR_api-aarch64, task_id: 1522, task_name: DASH_FFT, resource_name: cpu1, ref_start_time: 73867467147071, ref_stop_time: 73867467187841, actual_exe_time: 40770, task_app_start_time:73865913473941, task_sched_time:73867467143801
app_id: 0, app_name: SAR_api-aarch64, task_id: 1523, task_name: DASH_ZIP, resource_name: cpu2, ref_start_time: 73867467737171, ref_stop_time: 73867467814511, actual_exe_time: 77340, task_app_start_time:73865913473941, task_sched_time:73867467730871
app_id: 0, app_name: SAR_api-aarch64, task_id: 1524, task_name: DASH_FFT, resource_name: cpu3, ref_start_time: 73867468292591, ref_stop_time: 73867468349171, actual_exe_time: 56580, task_app_start_time:73865913473941, task_sched_time:73867468284431
app_id: 0, app_name: SAR_api-aarch64, task_id: 1525, task_name: DASH_ZIP, resource_name: zip1, ref_start_time: 73867469128991, ref_stop_time: 73867469246141, actual_exe_time: 117150, task_app_start_time:73865913473941, task_sched_time:73867469116331
app_id: 0, app_name: SAR_api-aarch64, task_id: 1526, task_name: DASH_FFT, resource_name: cpu1, ref_start_time: 73867469701001, ref_stop_time: 73867469741801, actual_exe_time: 40800, task_app_start_time:73865913473941, task_sched_time:73867469698121
app_id: 0, app_name: SAR_api-aarch64, task_id: 1527, task_name: DASH_ZIP, resource_name: cpu2, ref_start_time: 73867470326591, ref_stop_time: 73867470403841, actual_exe_time: 77250, task_app_start_time:73865913473941, task_sched_time:73867470317801
app_id: 0, app_name: SAR_api-aarch64, task_id: 1528, task_name: DASH_FFT, resource_name: cpu3, ref_start_time: 73867470758681, ref_stop_time: 73867470813101, actual_exe_time: 54420, task_app_start_time:73865913473941, task_sched_time:73867470731081
app_id: 0, app_name: SAR_api-aarch64, task_id: 1529, task_name: DASH_ZIP, resource_name: zip1, ref_start_time: 73867471681481, ref_stop_time: 73867471798481, actual_exe_time: 117000, task_app_start_time:73865913473941, task_sched_time:73867471665281
app_id: 0, app_name: SAR_api-aarch64, task_id: 1530, task_name: DASH_FFT, resource_name: cpu1, ref_start_time: 73867472223311, ref_stop_time: 73867472264051, actual_exe_time: 40740, task_app_start_time:73865913473941, task_sched_time:73867472218721
app_id: 0, app_name: SAR_api-aarch64, task_id: 1531, task_name: DASH_ZIP, resource_name: cpu2, ref_start_time: 73867472911391, ref_stop_time: 73867472989451, actual_exe_time: 78060, task_app_start_time:73865913473941, task_sched_time:73867472905631
app_id: 0, app_name: SAR_api-aarch64, task_id: 1532, task_name: DASH_FFT, resource_name: cpu3, ref_start_time: 73867473373482, ref_stop_time: 73867473424722, actual_exe_time: 51240, task_app_start_time:73865913473941, task_sched_time:73867473368502
app_id: 0, app_name: SAR_api-aarch64, task_id: 1533, task_name: DASH_ZIP, resource_name: zip1, ref_start_time: 73867474111392, ref_stop_time: 73867474228662, actual_exe_time: 117270, task_app_start_time:73865913473941, task_sched_time:73867474056792
app_id: 0, app_name: SAR_api-aarch64, task_id: 1534, task_name: DASH_FFT, resource_name: cpu1, ref_start_time: 73867474661292, ref_stop_time: 73867474701912, actual_exe_time: 40620, task_app_start_time:73865913473941, task_sched_time:73867474657992
app_id: 0, app_name: SAR_api-aarch64, task_id: 1535, task_name: DASH_ZIP, resource_name: cpu2, ref_start_time: 73867475347212, ref_stop_time: 73867475425512, actual_exe_time: 78300, task_app_start_time:73865913473941, task_sched_time:73867475339472
app_id: 0, app_name: SAR_api-aarch64, task_id: 1536, task_name: DASH_FFT, resource_name: cpu3, ref_start_time: 73867475754972, ref_stop_time: 73867475814822, actual_exe_time: 59850, task_app_start_time:73865913473941, task_sched_time:73867475745162
app_id: 0, app_name: SAR_api-aarch64, task_id: 1537, task_name: DASH_ZIP, resource_name: zip1, ref_start_time: 73867476592452, ref_stop_time: 73867476709752, actual_exe_time: 117300, task_app_start_time:73865913473941, task_sched_time:73867476541812
app_id: 0, app_name: SAR_api-aarch64, task_id: 1538, task_name: DASH_FFT, resource_name: cpu1, ref_start_time: 73867477058862, ref_stop_time: 73867477099542, actual_exe_time: 40680, task_app_start_time:73865913473941, task_sched_time:73867477048992
app_id: 0, app_name: SAR_api-aarch64, task_id: 1539, task_name: DASH_ZIP, resource_name: cpu2, ref_start_time: 73867477774542, ref_stop_time: 73867477851942, actual_exe_time: 77400, task_app_start_time:73865913473941, task_sched_time:73867477770642
app_id: 0, app_name: SAR_api-aarch64, task_id: 1540, task_name: DASH_FFT, resource_name: cpu3, ref_start_time: 73867478274492, ref_stop_time: 73867478325942, actual_exe_time: 51450, task_app_start_time:73865913473941, task_sched_time:73867478270682
app_id: 0, app_name: SAR_api-aarch64, task_id: 1541, task_name: DASH_ZIP, resource_name: zip1, ref_start_time: 73867478968482, ref_stop_time: 73867479086682, actual_exe_time: 118200, task_app_start_time:73865913473941, task_sched_time:73867478914812
app_id: 0, app_name: SAR_api-aarch64, task_id: 1542, task_name: DASH_FFT, resource_name: cpu1, ref_start_time: 73867479615403, ref_stop_time: 73867479656143, actual_exe_time: 40740, task_app_start_time:73865913473941, task_sched_time:73867479610123
app_id: 0, app_name: SAR_api-aarch64, task_id: 1543, task_name: DASH_ZIP, resource_name: cpu2, ref_start_time: 73867480185223, ref_stop_time: 73867480263433, actual_exe_time: 78210, task_app_start_time:73865913473941, task_sched_time:73867480181473
app_id: 0, app_name: SAR_api-aarch64, task_id: 1544, task_name: DASH_FFT, resource_name: cpu3, ref_start_time: 73867480703713, ref_stop_time: 73867480756693, actual_exe_time: 52980, task_app_start_time:73865913473941, task_sched_time:73867480653103
app_id: 0, app_name: SAR_api-aarch64, task_id: 1545, task_name: DASH_ZIP, resource_name: zip1, ref_start_time: 73867481578273, ref_stop_time: 73867481696923, actual_exe_time: 118650, task_app_start_time:73865913473941, task_sched_time:73867481530513
app_id: 0, app_name: SAR_api-aarch64, task_id: 1546, task_name: DASH_FFT, resource_name: cpu1, ref_start_time: 73867482281863, ref_stop_time: 73867482322903, actual_exe_time: 41040, task_app_start_time:73865913473941, task_sched_time:73867482274243
app_id: 0, app_name: SAR_api-aarch64, task_id: 1547, task_name: DASH_ZIP, resource_name: cpu2, ref_start_time: 73867482776833, ref_stop_time: 73867482854833, actual_exe_time: 78000, task_app_start_time:73865913473941, task_sched_time:73867482772693
app_id: 0, app_name: SAR_api-aarch64, task_id: 1548, task_name: DASH_FFT, resource_name: cpu3, ref_start_time: 73867483265653, ref_stop_time: 73867483316953, actual_exe_time: 51300, task_app_start_time:73865913473941, task_sched_time:73867483262953
app_id: 0, app_name: SAR_api-aarch64, task_id: 1549, task_name: DASH_ZIP, resource_name: zip1, ref_start_time: 73867484091913, ref_stop_time: 73867484210743, actual_exe_time: 118830, task_app_start_time:73865913473941, task_sched_time:73867484087983
app_id: 0, app_name: SAR_api-aarch64, task_id: 1550, task_name: DASH_FFT, resource_name: cpu1, ref_start_time: 73867484729443, ref_stop_time: 73867484770003, actual_exe_time: 40560, task_app_start_time:73865913473941, task_sched_time:73867484725003
app_id: 0, app_name: SAR_api-aarch64, task_id: 1551, task_name: DASH_ZIP, resource_name: cpu2, ref_start_time: 73867485272353, ref_stop_time: 73867485358093, actual_exe_time: 85740, task_app_start_time:73865913473941, task_sched_time:73867485267973
app_id: 0, app_name: SAR_api-aarch64, task_id: 1552, task_name: DASH_FFT, resource_name: cpu3, ref_start_time: 73867485669464, ref_stop_time: 73867485721064, actual_exe_time: 51600, task_app_start_time:73865913473941, task_sched_time:73867485641924
app_id: 0, app_name: SAR_api-aarch64, task_id: 1553, task_name: DASH_ZIP, resource_name: zip1, ref_start_time: 73867486534874, ref_stop_time: 73867486651754, actual_exe_time: 116880, task_app_start_time:73865913473941, task_sched_time:73867486527344
app_id: 0, app_name: SAR_api-aarch64, task_id: 1554, task_name: DASH_FFT, resource_name: cpu1, ref_start_time: 73867487092814, ref_stop_time: 73867487133854, actual_exe_time: 41040, task_app_start_time:73865913473941, task_sched_time:73867487086574
app_id: 0, app_name: SAR_api-aarch64, task_id: 1555, task_name: DASH_ZIP, resource_name: cpu2, ref_start_time: 73867487664074, ref_stop_time: 73867487741204, actual_exe_time: 77130, task_app_start_time:73865913473941, task_sched_time:73867487658554
app_id: 0, app_name: SAR_api-aarch64, task_id: 1556, task_name: DASH_FFT, resource_name: cpu3, ref_start_time: 73867488105974, ref_stop_time: 73867488157904, actual_exe_time: 51930, task_app_start_time:73865913473941, task_sched_time:73867488096644
app_id: 0, app_name: SAR_api-aarch64, task_id: 1557, task_name: DASH_ZIP, resource_name: zip1, ref_start_time: 73867488967664, ref_stop_time: 73867489085804, actual_exe_time: 118140, task_app_start_time:73865913473941, task_sched_time:73867488957944
app_id: 0, app_name: SAR_api-aarch64, task_id: 1558, task_name: DASH_FFT, resource_name: cpu1, ref_start_time: 73867489539164, ref_stop_time: 73867489580594, actual_exe_time: 41430, task_app_start_time:73865913473941, task_sched_time:73867489527614
app_id: 0, app_name: SAR_api-aarch64, task_id: 1559, task_name: DASH_ZIP, resource_name: cpu2, ref_start_time: 73867490143664, ref_stop_time: 73867490221904, actual_exe_time: 78240, task_app_start_time:73865913473941, task_sched_time:73867490138924
app_id: 0, app_name: SAR_api-aarch64, task_id: 1560, task_name: DASH_FFT, resource_name: cpu3, ref_start_time: 73867490609684, ref_stop_time: 73867490661584, actual_exe_time: 51900, task_app_start_time:73865913473941, task_sched_time:73867490586164
app_id: 0, app_name: SAR_api-aarch64, task_id: 1561, task_name: DASH_ZIP, resource_name: zip1, ref_start_time: 73867491292214, ref_stop_time: 73867491410774, actual_exe_time: 118560, task_app_start_time:73865913473941, task_sched_time:73867491251744
app_id: 0, app_name: SAR_api-aarch64, task_id: 1562, task_name: DASH_FFT, resource_name: cpu1, ref_start_time: 73867492015605, ref_stop_time: 73867492056435, actual_exe_time: 40830, task_app_start_time:73865913473941, task_sched_time:73867492005495
app_id: 0, app_name: SAR_api-aarch64, task_id: 1563, task_name: DASH_ZIP, resource_name: cpu2, ref_start_time: 73867492566105, ref_stop_time: 73867492643535, actual_exe_time: 77430, task_app_start_time:73865913473941, task_sched_time:73867492557345
app_id: 0, app_name: SAR_api-aarch64, task_id: 1564, task_name: DASH_FFT, resource_name: cpu3, ref_start_time: 73867493099025, ref_stop_time: 73867493150445, actual_exe_time: 51420, task_app_start_time:73865913473941, task_sched_time:73867493093835
app_id: 0, app_name: SAR_api-aarch64, task_id: 1565, task_name: DASH_ZIP, resource_name: zip1, ref_start_time: 73867493625855, ref_stop_time: 73867493743155, actual_exe_time: 117300, task_app_start_time:73865913473941, task_sched_time:73867493590635
app_id: 0, app_name: SAR_api-aarch64, task_id: 1566, task_name: DASH_FFT, resource_name: cpu1, ref_start_time: 73867494491955, ref_stop_time: 73867494532845, actual_exe_time: 40890, task_app_start_time:73865913473941, task_sched_time:73867494485685
app_id: 0, app_name: SAR_api-aarch64, task_id: 1567, task_name: DASH_ZIP, resource_name: cpu2, ref_start_time: 73867495079655, ref_stop_time: 73867495157475, actual_exe_time: 77820, task_app_start_time:73865913473941, task_sched_time:73867495070895
app_id: 0, app_name: SAR_api-aarch64, task_id: 1568, task_name: DASH_FFT, resource_name: cpu3, ref_start_time: 73867495607805, ref_stop_time: 73867495658835, actual_exe_time: 51030, task_app_start_time:73865913473941, task_sched_time:73867495585275
app_id: 0, app_name: SAR_api-aarch64, task_id: 1569, task_name: DASH_ZIP, resource_name: zip1, ref_start_time: 73867496292165, ref_stop_time: 73867496409195, actual_exe_time: 117030, task_app_start_time:73865913473941, task_sched_time:73867496255685
app_id: 0, app_name: SAR_api-aarch64, task_id: 1570, task_name: DASH_FFT, resource_name: cpu1, ref_start_time: 73867496790855, ref_stop_time: 73867496831475, actual_exe_time: 40620, task_app_start_time:73865913473941, task_sched_time:73867496778945
app_id: 0, app_name: SAR_api-aarch64, task_id: 1571, task_name: DASH_ZIP, resource_name: cpu2, ref_start_time: 73867497382275, ref_stop_time: 73867497460455, actual_exe_time: 78180, task_app_start_time:73865913473941, task_sched_time:73867497378705
app_id: 0, app_name: SAR_api-aarch64, task_id: 1572, task_name: DASH_FFT, resource_name: cpu3, ref_start_time: 73867497872145, ref_stop_time: 73867497923716, actual_exe_time: 51571, task_app_start_time:73865913473941, task_sched_time:73867497828225
app_id: 0, app_name: SAR_api-aarch64, task_id: 1573, task_name: DASH_ZIP, resource_name: zip1, ref_start_time: 73867498428226, ref_stop_time: 73867498545496, actual_exe_time: 117270, task_app_start_time:73865913473941, task_sched_time:73867498365706
app_id: 0, app_name: SAR_api-aarch64, task_id: 1574, task_name: DASH_FFT, resource_name: cpu1, ref_start_time: 73867499304376, ref_stop_time: 73867499345086, actual_exe_time: 40710, task_app_start_time:73865913473941, task_sched_time:73867499290456
app_id: 0, app_name: SAR_api-aarch64, task_id: 1575, task_name: DASH_ZIP, resource_name: cpu2, ref_start_time: 73867499857816, ref_stop_time: 73867499935036, actual_exe_time: 77220, task_app_start_time:73865913473941, task_sched_time:73867499852686
app_id: 0, app_name: SAR_api-aarch64, task_id: 1576, task_name: DASH_FFT, resource_name: cpu3, ref_start_time: 73867500277576, ref_stop_time: 73867500331396, actual_exe_time: 53820, task_app_start_time:73865913473941, task_sched_time:73867500268786
app_id: 0, app_name: SAR_api-aarch64, task_id: 1577, task_name: DASH_ZIP, resource_name: zip1, ref_start_time: 73867501080976, ref_stop_time: 73867501198996, actual_exe_time: 118020, task_app_start_time:73865913473941, task_sched_time:73867501077406
app_id: 0, app_name: SAR_api-aarch64, task_id: 1578, task_name: DASH_FFT, resource_name: cpu1, ref_start_time: 73867501641496, ref_stop_time: 73867501682686, actual_exe_time: 41190, task_app_start_time:73865913473941, task_sched_time:73867501635646
app_id: 0, app_name: SAR_api-aarch64, task_id: 1579, task_name: DASH_ZIP, resource_name: cpu2, ref_start_time: 73867502185816, ref_stop_time: 73867502264236, actual_exe_time: 78420, task_app_start_time:73865913473941, task_sched_time:73867502182096
app_id: 0, app_name: SAR_api-aarch64, task_id: 1580, task_name: DASH_FFT, resource_name: cpu3, ref_start_time: 73867502595826, ref_stop_time: 73867502647456, actual_exe_time: 51630, task_app_start_time:73865913473941, task_sched_time:73867502592676
app_id: 0, app_name: SAR_api-aarch64, task_id: 1581, task_name: DASH_ZIP, resource_name: zip1, ref_start_time: 73867503126286, ref_stop_time: 73867503246286, actual_exe_time: 120000, task_app_start_time:73865913473941, task_sched_time:73867503122476
app_id: 0, app_name: SAR_api-aarch64, task_id: 1582, task_name: DASH_FFT, resource_name: cpu1, ref_start_time: 73867503903706, ref_stop_time: 73867503944656, actual_exe_time: 40950, task_app_start_time:73865913473941, task_sched_time:73867503897526
app_id: 0, app_name: SAR_api-aarch64, task_id: 1583, task_name: DASH_ZIP, resource_name: cpu2, ref_start_time: 73867504402067, ref_stop_time: 73867504480937, actual_exe_time: 78870, task_app_start_time:73865913473941, task_sched_time:73867504392677
app_id: 0, app_name: SAR_api-aarch64, task_id: 1584, task_name: DASH_FFT, resource_name: cpu3, ref_start_time: 73867504882127, ref_stop_time: 73867504934147, actual_exe_time: 52020, task_app_start_time:73865913473941, task_sched_time:73867504873517
app_id: 0, app_name: SAR_api-aarch64, task_id: 1585, task_name: DASH_ZIP, resource_name: zip1, ref_start_time: 73867505799227, ref_stop_time: 73867505916437, actual_exe_time: 117210, task_app_start_time:73865913473941, task_sched_time:73867505790017
app_id: 0, app_name: SAR_api-aarch64, task_id: 1586, task_name: DASH_FFT, resource_name: cpu1, ref_start_time: 73867506372287, ref_stop_time: 73867506413387, actual_exe_time: 41100, task_app_start_time:73865913473941, task_sched_time:73867506361787
app_id: 0, app_name: SAR_api-aarch64, task_id: 1587, task_name: DASH_ZIP, resource_name: cpu2, ref_start_time: 73867506940997, ref_stop_time: 73867507018547, actual_exe_time: 77550, task_app_start_time:73865913473941, task_sched_time:73867506932237
app_id: 0, app_name: SAR_api-aarch64, task_id: 1588, task_name: DASH_FFT, resource_name: cpu3, ref_start_time: 73867507409057, ref_stop_time: 73867507461167, actual_exe_time: 52110, task_app_start_time:73865913473941, task_sched_time:73867507405427
app_id: 0, app_name: SAR_api-aarch64, task_id: 1589, task_name: DASH_ZIP, resource_name: zip1, ref_start_time: 73867507766717, ref_stop_time: 73867507883447, actual_exe_time: 116730, task_app_start_time:73865913473941, task_sched_time:73867507758317
app_id: 0, app_name: SAR_api-aarch64, task_id: 1590, task_name: DASH_FFT, resource_name: cpu1, ref_start_time: 73867508635487, ref_stop_time: 73867508676407, actual_exe_time: 40920, task_app_start_time:73865913473941, task_sched_time:73867508632547
app_id: 0, app_name: SAR_api-aarch64, task_id: 1591, task_name: DASH_ZIP, resource_name: cpu2, ref_start_time: 73867509190307, ref_stop_time: 73867509267767, actual_exe_time: 77460, task_app_start_time:73865913473941, task_sched_time:73867509181037
app_id: 0, app_name: SAR_api-aarch64, task_id: 1592, task_name: DASH_FFT, resource_name: cpu3, ref_start_time: 73867509716567, ref_stop_time: 73867509768437, actual_exe_time: 51870, task_app_start_time:73865913473941, task_sched_time:73867509711587
app_id: 0, app_name: SAR_api-aarch64, task_id: 1593, task_name: DASH_ZIP, resource_name: zip1, ref_start_time: 73867510513098, ref_stop_time: 73867510630428, actual_exe_time: 117330, task_app_start_time:73865913473941, task_sched_time:73867510443288
app_id: 0, app_name: SAR_api-aarch64, task_id: 1594, task_name: DASH_FFT, resource_name: cpu1, ref_start_time: 73867511072868, ref_stop_time: 73867511114208, actual_exe_time: 41340, task_app_start_time:73865913473941, task_sched_time:73867511059908
app_id: 0, app_name: SAR_api-aarch64, task_id: 1595, task_name: DASH_ZIP, resource_name: cpu2, ref_start_time: 73867511658228, ref_stop_time: 73867511736948, actual_exe_time: 78720, task_app_start_time:73865913473941, task_sched_time:73867511655258
app_id: 0, app_name: SAR_api-aarch64, task_id: 1596, task_name: DASH_FFT, resource_name: cpu3, ref_start_time: 73867512193248, ref_stop_time: 73867512255678, actual_exe_time: 62430, task_app_start_time:73865913473941, task_sched_time:73867512183678
app_id: 0, app_name: SAR_api-aarch64, task_id: 1597, task_name: DASH_ZIP, resource_name: zip1, ref_start_time: 73867512870918, ref_stop_time: 73867512988638, actual_exe_time: 117720, task_app_start_time:73865913473941, task_sched_time:73867512865548
app_id: 0, app_name: SAR_api-aarch64, task_id: 1598, task_name: DASH_FFT, resource_name: cpu1, ref_start_time: 73867513638198, ref_stop_time: 73867513679298, actual_exe_time: 41100, task_app_start_time:73865913473941, task_sched_time:73867513631208
app_id: 0, app_name: SAR_api-aarch64, task_id: 1599, task_name: DASH_ZIP, resource_name: cpu2, ref_start_time: 73867514233368, ref_stop_time: 73867514311308, actual_exe_time: 77940, task_app_start_time:73865913473941, task_sched_time:73867514227518
app_id: 0, app_name: SAR_api-aarch64, task_id: 1600, task_name: DASH_FFT, resource_name: cpu3, ref_start_time: 73867514683368, ref_stop_time: 73867514735688, actual_exe_time: 52320, task_app_start_time:73865913473941, task_sched_time:73867514678298
app_id: 0, app_name: SAR_api-aarch64, task_id: 1601, task_name: DASH_ZIP, resource_name: zip1, ref_start_time: 73867515379308, ref_stop_time: 73867515497808, actual_exe_time: 118500, task_app_start_time:73865913473941, task_sched_time:73867515332748
app_id: 0, app_name: SAR_api-aarch64, task_id: 1602, task_name: DASH_FFT, resource_name: cpu1, ref_start_time: 73867515932508, ref_stop_time: 73867515973218, actual_exe_time: 40710, task_app_start_time:73865913473941, task_sched_time:73867515928518
app_id: 0, app_name: SAR_api-aarch64, task_id: 1603, task_name: DASH_ZIP, resource_name: cpu2, ref_start_time: 73867516500978, ref_stop_time: 73867516578889, actual_exe_time: 77911, task_app_start_time:73865913473941, task_sched_time:73867516492548
app_id: 0, app_name: SAR_api-aarch64, task_id: 1604, task_name: DASH_FFT, resource_name: cpu3, ref_start_time: 73867516938619, ref_stop_time: 73867516990429, actual_exe_time: 51810, task_app_start_time:73865913473941, task_sched_time:73867516928089
app_id: 0, app_name: SAR_api-aarch64, task_id: 1605, task_name: DASH_ZIP, resource_name: zip1, ref_start_time: 73867517469439, ref_stop_time: 73867517586469, actual_exe_time: 117030, task_app_start_time:73865913473941, task_sched_time:73867517423359
app_id: 0, app_name: SAR_api-aarch64, task_id: 1606, task_name: DASH_FFT, resource_name: cpu1, ref_start_time: 73867518481939, ref_stop_time: 73867518523819, actual_exe_time: 41880, task_app_start_time:73865913473941, task_sched_time:73867518473299
app_id: 0, app_name: SAR_api-aarch64, task_id: 1607, task_name: DASH_ZIP, resource_name: cpu2, ref_start_time: 73867519133419, ref_stop_time: 73867519210969, actual_exe_time: 77550, task_app_start_time:73865913473941, task_sched_time:73867519127329
app_id: 0, app_name: SAR_api-aarch64, task_id: 1608, task_name: DASH_FFT, resource_name: cpu3, ref_start_time: 73867519539859, ref_stop_time: 73867519594219, actual_exe_time: 54360, task_app_start_time:73865913473941, task_sched_time:73867519531279
app_id: 0, app_name: SAR_api-aarch64, task_id: 1609, task_name: DASH_ZIP, resource_name: zip1, ref_start_time: 73867520328739, ref_stop_time: 73867520448289, actual_exe_time: 119550, task_app_start_time:73865913473941, task_sched_time:73867520319289
app_id: 0, app_name: SAR_api-aarch64, task_id: 1610, task_name: DASH_FFT, resource_name: cpu1, ref_start_time: 73867520874349, ref_stop_time: 73867520914909, actual_exe_time: 40560, task_app_start_time:73865913473941, task_sched_time:73867520865289
app_id: 0, app_name: SAR_api-aarch64, task_id: 1611, task_name: DASH_ZIP, resource_name: cpu2, ref_start_time: 73867521468589, ref_stop_time: 73867521546439, actual_exe_time: 77850, task_app_start_time:73865913473941, task_sched_time:73867521464209
app_id: 0, app_name: SAR_api-aarch64, task_id: 1612, task_name: DASH_FFT, resource_name: cpu3, ref_start_time: 73867521876379, ref_stop_time: 73867521927379, actual_exe_time: 51000, task_app_start_time:73865913473941, task_sched_time:73867521868609
app_id: 0, app_name: SAR_api-aarch64, task_id: 1613, task_name: DASH_ZIP, resource_name: zip1, ref_start_time: 73867522562089, ref_stop_time: 73867522681729, actual_exe_time: 119640, task_app_start_time:73865913473941, task_sched_time:73867522525069
app_id: 0, app_name: SAR_api-aarch64, task_id: 1614, task_name: DASH_FFT, resource_name: cpu1, ref_start_time: 73867523148140, ref_stop_time: 73867523188820, actual_exe_time: 40680, task_app_start_time:73865913473941, task_sched_time:73867523135120
app_id: 0, app_name: SAR_api-aarch64, task_id: 1615, task_name: DASH_ZIP, resource_name: cpu2, ref_start_time: 73867523549720, ref_stop_time: 73867523627240, actual_exe_time: 77520, task_app_start_time:73865913473941, task_sched_time:73867523542280
app_id: 0, app_name: SAR_api-aarch64, task_id: 1616, task_name: DASH_FFT, resource_name: cpu3, ref_start_time: 73867524261590, ref_stop_time: 73867524312560, actual_exe_time: 50970, task_app_start_time:73865913473941, task_sched_time:73867524251990
app_id: 0, app_name: SAR_api-aarch64, task_id: 1617, task_name: DASH_ZIP, resource_name: zip1, ref_start_time: 73867525035920, ref_stop_time: 73867525154540, actual_exe_time: 118620, task_app_start_time:73865913473941, task_sched_time:73867525030760
app_id: 0, app_name: SAR_api-aarch64, task_id: 1618, task_name: DASH_FFT, resource_name: cpu1, ref_start_time: 73867525849400, ref_stop_time: 73867525890560, actual_exe_time: 41160, task_app_start_time:73865913473941, task_sched_time:73867525842620
app_id: 0, app_name: SAR_api-aarch64, task_id: 1619, task_name: DASH_ZIP, resource_name: cpu2, ref_start_time: 73867526416130, ref_stop_time: 73867526494280, actual_exe_time: 78150, task_app_start_time:73865913473941, task_sched_time:73867526406950
app_id: 0, app_name: SAR_api-aarch64, task_id: 1620, task_name: DASH_FFT, resource_name: cpu3, ref_start_time: 73867526907260, ref_stop_time: 73867526959730, actual_exe_time: 52470, task_app_start_time:73865913473941, task_sched_time:73867526903630
app_id: 0, app_name: SAR_api-aarch64, task_id: 1621, task_name: DASH_ZIP, resource_name: zip1, ref_start_time: 73867527743510, ref_stop_time: 73867527860900, actual_exe_time: 117390, task_app_start_time:73865913473941, task_sched_time:73867527735230
app_id: 0, app_name: SAR_api-aarch64, task_id: 1622, task_name: DASH_FFT, resource_name: cpu1, ref_start_time: 73867528377170, ref_stop_time: 73867528417880, actual_exe_time: 40710, task_app_start_time:73865913473941, task_sched_time:73867528366610
app_id: 0, app_name: SAR_api-aarch64, task_id: 1623, task_name: DASH_ZIP, resource_name: cpu2, ref_start_time: 73867528934390, ref_stop_time: 73867529012061, actual_exe_time: 77671, task_app_start_time:73865913473941, task_sched_time:73867528924790
app_id: 0, app_name: SAR_api-aarch64, task_id: 1624, task_name: DASH_FFT, resource_name: cpu3, ref_start_time: 73867529496921, ref_stop_time: 73867529549541, actual_exe_time: 52620, task_app_start_time:73865913473941, task_sched_time:73867529485101
app_id: 0, app_name: SAR_api-aarch64, task_id: 1625, task_name: DASH_ZIP, resource_name: zip1, ref_start_time: 73867530060201, ref_stop_time: 73867530177891, actual_exe_time: 117690, task_app_start_time:73865913473941, task_sched_time:73867529999631
app_id: 0, app_name: SAR_api-aarch64, task_id: 1626, task_name: DASH_FFT, resource_name: cpu1, ref_start_time: 73867530776631, ref_stop_time: 73867530817791, actual_exe_time: 41160, task_app_start_time:73865913473941, task_sched_time:73867530769041
app_id: 0, app_name: SAR_api-aarch64, task_id: 1627, task_name: DASH_ZIP, resource_name: cpu2, ref_start_time: 73867531015431, ref_stop_time: 73867531093221, actual_exe_time: 77790, task_app_start_time:73865913473941, task_sched_time:73867531006101
app_id: 0, app_name: SAR_api-aarch64, task_id: 1628, task_name: DASH_FFT, resource_name: cpu3, ref_start_time: 73867531747371, ref_stop_time: 73867531798581, actual_exe_time: 51210, task_app_start_time:73865913473941, task_sched_time:73867531737771
app_id: 0, app_name: SAR_api-aarch64, task_id: 1629, task_name: DASH_ZIP, resource_name: zip1, ref_start_time: 73867532509971, ref_stop_time: 73867532627421, actual_exe_time: 117450, task_app_start_time:73865913473941, task_sched_time:73867532505831
app_id: 0, app_name: SAR_api-aarch64, task_id: 1630, task_name: DASH_FFT, resource_name: cpu1, ref_start_time: 73867533090291, ref_stop_time: 73867533130701, actual_exe_time: 40410, task_app_start_time:73865913473941, task_sched_time:73867533080991
app_id: 0, app_name: SAR_api-aarch64, task_id: 1631, task_name: DASH_ZIP, resource_name: cpu2, ref_start_time: 73867533635631, ref_stop_time: 73867533714681, actual_exe_time: 79050, task_app_start_time:73865913473941, task_sched_time:73867533627051
app_id: 0, app_name: SAR_api-aarch64, task_id: 1632, task_name: DASH_FFT, resource_name: cpu3, ref_start_time: 73867534143861, ref_stop_time: 73867534197021, actual_exe_time: 53160, task_app_start_time:73865913473941, task_sched_time:73867534116711
app_id: 0, app_name: SAR_api-aarch64, task_id: 1633, task_name: DASH_ZIP, resource_name: zip1, ref_start_time: 73867534925391, ref_stop_time: 73867535042001, actual_exe_time: 116610, task_app_start_time:73865913473941, task_sched_time:73867534920261
app_id: 0, app_name: SAR_api-aarch64, task_id: 1634, task_name: DASH_FFT, resource_name: cpu1, ref_start_time: 73867535416852, ref_stop_time: 73867535457802, actual_exe_time: 40950, task_app_start_time:73865913473941, task_sched_time:73867535405692
app_id: 0, app_name: SAR_api-aarch64, task_id: 1635, task_name: DASH_ZIP, resource_name: cpu2, ref_start_time: 73867536011542, ref_stop_time: 73867536089092, actual_exe_time: 77550, task_app_start_time:73865913473941, task_sched_time:73867536001792
app_id: 0, app_name: SAR_api-aarch64, task_id: 1636, task_name: DASH_FFT, resource_name: cpu3, ref_start_time: 73867536505252, ref_stop_time: 73867536558832, actual_exe_time: 53580, task_app_start_time:73865913473941, task_sched_time:73867536496702
app_id: 0, app_name: SAR_api-aarch64, task_id: 1637, task_name: DASH_ZIP, resource_name: zip1, ref_start_time: 73867537098382, ref_stop_time: 73867537214722, actual_exe_time: 116340, task_app_start_time:73865913473941, task_sched_time:73867537008112
app_id: 0, app_name: SAR_api-aarch64, task_id: 1638, task_name: DASH_FFT, resource_name: cpu1, ref_start_time: 73867537872352, ref_stop_time: 73867537913962, actual_exe_time: 41610, task_app_start_time:73865913473941, task_sched_time:73867537864252
app_id: 0, app_name: SAR_api-aarch64, task_id: 1639, task_name: DASH_ZIP, resource_name: cpu2, ref_start_time: 73867538411752, ref_stop_time: 73867538489062, actual_exe_time: 77310, task_app_start_time:73865913473941, task_sched_time:73867538408752
app_id: 0, app_name: SAR_api-aarch64, task_id: 1640, task_name: DASH_FFT, resource_name: cpu3, ref_start_time: 73867538865202, ref_stop_time: 73867538917192, actual_exe_time: 51990, task_app_start_time:73865913473941, task_sched_time:73867538859412
app_id: 0, app_name: SAR_api-aarch64, task_id: 1641, task_name: DASH_ZIP, resource_name: zip1, ref_start_time: 73867539620182, ref_stop_time: 73867539737332, actual_exe_time: 117150, task_app_start_time:73865913473941, task_sched_time:73867539606712
app_id: 0, app_name: SAR_api-aarch64, task_id: 1642, task_name: DASH_FFT, resource_name: cpu1, ref_start_time: 73867540247122, ref_stop_time: 73867540288552, actual_exe_time: 41430, task_app_start_time:73865913473941, task_sched_time:73867540235872
app_id: 0, app_name: SAR_api-aarch64, task_id: 1643, task_name: DASH_ZIP, resource_name: cpu2, ref_start_time: 73867540791622, ref_stop_time: 73867540869292, actual_exe_time: 77670, task_app_start_time:73865913473941, task_sched_time:73867540786432
app_id: 0, app_name: SAR_api-aarch64, task_id: 1644, task_name: DASH_FFT, resource_name: cpu3, ref_start_time: 73867541238562, ref_stop_time: 73867541290522, actual_exe_time: 51960, task_app_start_time:73865913473941, task_sched_time:73867541233012
app_id: 0, app_name: SAR_api-aarch64, task_id: 1645, task_name: DASH_ZIP, resource_name: zip1, ref_start_time: 73867541785673, ref_stop_time: 73867541927033, actual_exe_time: 141360, task_app_start_time:73865913473941, task_sched_time:73867541782613
app_id: 0, app_name: SAR_api-aarch64, task_id: 1646, task_name: DASH_FFT, resource_name: cpu1, ref_start_time: 73867542672233, ref_stop_time: 73867542714743, actual_exe_time: 42510, task_app_start_time:73865913473941, task_sched_time:73867542661703
app_id: 0, app_name: SAR_api-aarch64, task_id: 1647, task_name: DASH_ZIP, resource_name: cpu2, ref_start_time: 73867543164113, ref_stop_time: 73867543241573, actual_exe_time: 77460, task_app_start_time:73865913473941, task_sched_time:73867543157123
app_id: 0, app_name: SAR_api-aarch64, task_id: 1648, task_name: DASH_FFT, resource_name: cpu3, ref_start_time: 73867543636703, ref_stop_time: 73867543690883, actual_exe_time: 54180, task_app_start_time:73865913473941, task_sched_time:73867543629323
app_id: 0, app_name: SAR_api-aarch64, task_id: 1649, task_name: DASH_ZIP, resource_name: zip1, ref_start_time: 73867544298503, ref_stop_time: 73867544415803, actual_exe_time: 117300, task_app_start_time:73865913473941, task_sched_time:73867544295323
app_id: 0, app_name: SAR_api-aarch64, task_id: 1650, task_name: DASH_FFT, resource_name: cpu1, ref_start_time: 73867544799443, ref_stop_time: 73867544840423, actual_exe_time: 40980, task_app_start_time:73865913473941, task_sched_time:73867544794103
app_id: 0, app_name: SAR_api-aarch64, task_id: 1651, task_name: DASH_ZIP, resource_name: cpu2, ref_start_time: 73867545456503, ref_stop_time: 73867545534323, actual_exe_time: 77820, task_app_start_time:73865913473941, task_sched_time:73867545451373
app_id: 0, app_name: SAR_api-aarch64, task_id: 1652, task_name: DASH_FFT, resource_name: cpu3, ref_start_time: 73867545862763, ref_stop_time: 73867545915233, actual_exe_time: 52470, task_app_start_time:73865913473941, task_sched_time:73867545856613
app_id: 0, app_name: SAR_api-aarch64, task_id: 1653, task_name: DASH_ZIP, resource_name: zip1, ref_start_time: 73867546555703, ref_stop_time: 73867546674533, actual_exe_time: 118830, task_app_start_time:73865913473941, task_sched_time:73867546519013
app_id: 0, app_name: SAR_api-aarch64, task_id: 1654, task_name: DASH_FFT, resource_name: cpu1, ref_start_time: 73867547267153, ref_stop_time: 73867547308643, actual_exe_time: 41490, task_app_start_time:73865913473941, task_sched_time:73867547261483
app_id: 0, app_name: SAR_api-aarch64, task_id: 1655, task_name: DASH_ZIP, resource_name: cpu2, ref_start_time: 73867547666604, ref_stop_time: 73867547744604, actual_exe_time: 78000, task_app_start_time:73865913473941, task_sched_time:73867547660514
app_id: 0, app_name: SAR_api-aarch64, task_id: 1656, task_name: DASH_FFT, resource_name: cpu3, ref_start_time: 73867548236064, ref_stop_time: 73867548303024, actual_exe_time: 66960, task_app_start_time:73865913473941, task_sched_time:73867548230754
app_id: 0, app_name: SAR_api-aarch64, task_id: 1657, task_name: DASH_ZIP, resource_name: zip1, ref_start_time: 73867548785694, ref_stop_time: 73867548903834, actual_exe_time: 118140, task_app_start_time:73865913473941, task_sched_time:73867548730044
app_id: 0, app_name: SAR_api-aarch64, task_id: 1658, task_name: DASH_FFT, resource_name: cpu1, ref_start_time: 73867549680564, ref_stop_time: 73867549721904, actual_exe_time: 41340, task_app_start_time:73865913473941, task_sched_time:73867549676604
app_id: 0, app_name: SAR_api-aarch64, task_id: 1659, task_name: DASH_ZIP, resource_name: cpu2, ref_start_time: 73867550232804, ref_stop_time: 73867550310444, actual_exe_time: 77640, task_app_start_time:73865913473941, task_sched_time:73867550227524
app_id: 0, app_name: SAR_api-aarch64, task_id: 1660, task_name: DASH_FFT, resource_name: cpu3, ref_start_time: 73867550694024, ref_stop_time: 73867550745624, actual_exe_time: 51600, task_app_start_time:73865913473941, task_sched_time:73867550691144
app_id: 0, app_name: SAR_api-aarch64, task_id: 1661, task_name: DASH_ZIP, resource_name: zip1, ref_start_time: 73867551670674, ref_stop_time: 73867551787554, actual_exe_time: 116880, task_app_start_time:73865913473941, task_sched_time:73867551619524
app_id: 0, app_name: SAR_api-aarch64, task_id: 1662, task_name: DASH_FFT, resource_name: cpu1, ref_start_time: 73867552207734, ref_stop_time: 73867552248474, actual_exe_time: 40740, task_app_start_time:73865913473941, task_sched_time:73867552201614
app_id: 0, app_name: SAR_api-aarch64, task_id: 1663, task_name: DASH_ZIP, resource_name: cpu2, ref_start_time: 73867552805874, ref_stop_time: 73867552883574, actual_exe_time: 77700, task_app_start_time:73865913473941, task_sched_time:73867552796814
app_id: 0, app_name: SAR_api-aarch64, task_id: 1664, task_name: DASH_FFT, resource_name: cpu3, ref_start_time: 73867553290734, ref_stop_time: 73867553358924, actual_exe_time: 68190, task_app_start_time:73865913473941, task_sched_time:73867553287374
app_id: 0, app_name: SAR_api-aarch64, task_id: 1665, task_name: DASH_ZIP, resource_name: zip1, ref_start_time: 73867553838895, ref_stop_time: 73867553956435, actual_exe_time: 117540, task_app_start_time:73865913473941, task_sched_time:73867553834874
app_id: 0, app_name: SAR_api-aarch64, task_id: 1666, task_name: DASH_FFT, resource_name: cpu1, ref_start_time: 73867554612925, ref_stop_time: 73867554653755, actual_exe_time: 40830, task_app_start_time:73865913473941, task_sched_time:73867554603115
app_id: 0, app_name: SAR_api-aarch64, task_id: 1667, task_name: DASH_ZIP, resource_name: cpu2, ref_start_time: 73867555169545, ref_stop_time: 73867555247185, actual_exe_time: 77640, task_app_start_time:73865913473941, task_sched_time:73867555160545
app_id: 0, app_name: SAR_api-aarch64, task_id: 1668, task_name: DASH_FFT, resource_name: cpu3, ref_start_time: 73867555638925, ref_stop_time: 73867555689955, actual_exe_time: 51030, task_app_start_time:73865913473941, task_sched_time:73867555632805
app_id: 0, app_name: SAR_api-aarch64, task_id: 1669, task_name: DASH_ZIP, resource_name: zip1, ref_start_time: 73867556347855, ref_stop_time: 73867556468635, actual_exe_time: 120780, task_app_start_time:73865913473941, task_sched_time:73867556321245
app_id: 0, app_name: SAR_api-aarch64, task_id: 1670, task_name: DASH_FFT, resource_name: cpu1, ref_start_time: 73867556932315, ref_stop_time: 73867556972935, actual_exe_time: 40620, task_app_start_time:73865913473941, task_sched_time:73867556919775
app_id: 0, app_name: SAR_api-aarch64, task_id: 1671, task_name: DASH_ZIP, resource_name: cpu2, ref_start_time: 73867557688045, ref_stop_time: 73867557765385, actual_exe_time: 77340, task_app_start_time:73865913473941, task_sched_time:73867557683005
app_id: 0, app_name: SAR_api-aarch64, task_id: 1672, task_name: DASH_FFT, resource_name: cpu3, ref_start_time: 73867558193665, ref_stop_time: 73867558245835, actual_exe_time: 52170, task_app_start_time:73865913473941, task_sched_time:73867558164325
app_id: 0, app_name: SAR_api-aarch64, task_id: 1673, task_name: DASH_ZIP, resource_name: zip1, ref_start_time: 73867559014735, ref_stop_time: 73867559132125, actual_exe_time: 117390, task_app_start_time:73865913473941, task_sched_time:73867559010805
app_id: 0, app_name: SAR_api-aarch64, task_id: 1674, task_name: DASH_FFT, resource_name: cpu1, ref_start_time: 73867559497885, ref_stop_time: 73867559539255, actual_exe_time: 41370, task_app_start_time:73865913473941, task_sched_time:73867559487115
app_id: 0, app_name: SAR_api-aarch64, task_id: 1675, task_name: DASH_ZIP, resource_name: cpu2, ref_start_time: 73867560185756, ref_stop_time: 73867560263006, actual_exe_time: 77250, task_app_start_time:73865913473941, task_sched_time:73867560178706
app_id: 0, app_name: SAR_api-aarch64, task_id: 1676, task_name: DASH_FFT, resource_name: cpu3, ref_start_time: 73867560706736, ref_stop_time: 73867560757526, actual_exe_time: 50790, task_app_start_time:73865913473941, task_sched_time:73867560698066
app_id: 0, app_name: SAR_api-aarch64, task_id: 1677, task_name: DASH_ZIP, resource_name: zip1, ref_start_time: 73867561524326, ref_stop_time: 73867561642556, actual_exe_time: 118230, task_app_start_time:73865913473941, task_sched_time:73867561517996
app_id: 0, app_name: SAR_api-aarch64, task_id: 1678, task_name: DASH_FFT, resource_name: cpu1, ref_start_time: 73867562065826, ref_stop_time: 73867562107016, actual_exe_time: 41190, task_app_start_time:73865913473941, task_sched_time:73867562061866
app_id: 0, app_name: SAR_api-aarch64, task_id: 1679, task_name: DASH_ZIP, resource_name: cpu2, ref_start_time: 73867562609216, ref_stop_time: 73867562686646, actual_exe_time: 77430, task_app_start_time:73865913473941, task_sched_time:73867562605286
app_id: 0, app_name: SAR_api-aarch64, task_id: 1680, task_name: DASH_FFT, resource_name: cpu3, ref_start_time: 73867563071636, ref_stop_time: 73867563122696, actual_exe_time: 51060, task_app_start_time:73865913473941, task_sched_time:73867563060836
app_id: 0, app_name: SAR_api-aarch64, task_id: 1681, task_name: DASH_ZIP, resource_name: zip1, ref_start_time: 73867563919226, ref_stop_time: 73867564037666, actual_exe_time: 118440, task_app_start_time:73865913473941, task_sched_time:73867563916226
app_id: 0, app_name: SAR_api-aarch64, task_id: 1682, task_name: DASH_FFT, resource_name: cpu1, ref_start_time: 73867564550606, ref_stop_time: 73867564591196, actual_exe_time: 40590, task_app_start_time:73865913473941, task_sched_time:73867564542926
app_id: 0, app_name: SAR_api-aarch64, task_id: 1683, task_name: DASH_ZIP, resource_name: cpu2, ref_start_time: 73867565134016, ref_stop_time: 73867565212586, actual_exe_time: 78570, task_app_start_time:73865913473941, task_sched_time:73867565131106
app_id: 0, app_name: SAR_api-aarch64, task_id: 1684, task_name: DASH_FFT, resource_name: cpu3, ref_start_time: 73867565805596, ref_stop_time: 73867565858786, actual_exe_time: 53190, task_app_start_time:73865913473941, task_sched_time:73867565762126
app_id: 0, app_name: SAR_api-aarch64, task_id: 1685, task_name: DASH_ZIP, resource_name: zip1, ref_start_time: 73867566318597, ref_stop_time: 73867566436107, actual_exe_time: 117510, task_app_start_time:73865913473941, task_sched_time:73867566304407
app_id: 0, app_name: SAR_api-aarch64, task_id: 1686, task_name: DASH_FFT, resource_name: cpu1, ref_start_time: 73867567075737, ref_stop_time: 73867567116627, actual_exe_time: 40890, task_app_start_time:73865913473941, task_sched_time:73867567072737
app_id: 0, app_name: SAR_api-aarch64, task_id: 1687, task_name: DASH_ZIP, resource_name: cpu2, ref_start_time: 73867567620867, ref_stop_time: 73867567698477, actual_exe_time: 77610, task_app_start_time:73865913473941, task_sched_time:73867567613547
app_id: 0, app_name: SAR_api-aarch64, task_id: 1688, task_name: DASH_FFT, resource_name: cpu3, ref_start_time: 73867568193597, ref_stop_time: 73867568247207, actual_exe_time: 53610, task_app_start_time:73865913473941, task_sched_time:73867568181507
app_id: 0, app_name: SAR_api-aarch64, task_id: 1689, task_name: DASH_ZIP, resource_name: zip1, ref_start_time: 73867568837367, ref_stop_time: 73867568954577, actual_exe_time: 117210, task_app_start_time:73865913473941, task_sched_time:73867568754507
app_id: 0, app_name: SAR_api-aarch64, task_id: 1690, task_name: DASH_FFT, resource_name: cpu1, ref_start_time: 73867569507027, ref_stop_time: 73867569548007, actual_exe_time: 40980, task_app_start_time:73865913473941, task_sched_time:73867569503607
app_id: 0, app_name: SAR_api-aarch64, task_id: 1691, task_name: DASH_ZIP, resource_name: cpu2, ref_start_time: 73867570058307, ref_stop_time: 73867570136307, actual_exe_time: 78000, task_app_start_time:73865913473941, task_sched_time:73867570049937
app_id: 0, app_name: SAR_api-aarch64, task_id: 1692, task_name: DASH_FFT, resource_name: cpu3, ref_start_time: 73867570515927, ref_stop_time: 73867570567587, actual_exe_time: 51660, task_app_start_time:73865913473941, task_sched_time:73867570507767
app_id: 0, app_name: SAR_api-aarch64, task_id: 1693, task_name: DASH_ZIP, resource_name: zip1, ref_start_time: 73867571254287, ref_stop_time: 73867571370837, actual_exe_time: 116550, task_app_start_time:73865913473941, task_sched_time:73867571196747
app_id: 0, app_name: SAR_api-aarch64, task_id: 1694, task_name: DASH_FFT, resource_name: cpu1, ref_start_time: 73867571882067, ref_stop_time: 73867571922867, actual_exe_time: 40800, task_app_start_time:73865913473941, task_sched_time:73867571872947
app_id: 0, app_name: SAR_api-aarch64, task_id: 1695, task_name: DASH_ZIP, resource_name: cpu2, ref_start_time: 73867572564448, ref_stop_time: 73867572643258, actual_exe_time: 78810, task_app_start_time:73865913473941, task_sched_time:73867572560998
app_id: 0, app_name: SAR_api-aarch64, task_id: 1696, task_name: DASH_FFT, resource_name: cpu3, ref_start_time: 73867572959458, ref_stop_time: 73867573011118, actual_exe_time: 51660, task_app_start_time:73865913473941, task_sched_time:73867572955678
app_id: 0, app_name: SAR_api-aarch64, task_id: 1697, task_name: DASH_ZIP, resource_name: zip1, ref_start_time: 73867573609678, ref_stop_time: 73867573726978, actual_exe_time: 117300, task_app_start_time:73865913473941, task_sched_time:73867573606588
app_id: 0, app_name: SAR_api-aarch64, task_id: 1698, task_name: DASH_FFT, resource_name: cpu1, ref_start_time: 73867574266168, ref_stop_time: 73867574308498, actual_exe_time: 42330, task_app_start_time:73865913473941, task_sched_time:73867574255698
app_id: 0, app_name: SAR_api-aarch64, task_id: 1699, task_name: DASH_ZIP, resource_name: cpu2, ref_start_time: 73867574650618, ref_stop_time: 73867574728948, actual_exe_time: 78330, task_app_start_time:73865913473941, task_sched_time:73867574640958
app_id: 0, app_name: SAR_api-aarch64, task_id: 1700, task_name: DASH_FFT, resource_name: cpu3, ref_start_time: 73867575358048, ref_stop_time: 73867575410008, actual_exe_time: 51960, task_app_start_time:73865913473941, task_sched_time:73867575350428
app_id: 0, app_name: SAR_api-aarch64, task_id: 1701, task_name: DASH_ZIP, resource_name: zip1, ref_start_time: 73867576160158, ref_stop_time: 73867576277338, actual_exe_time: 117180, task_app_start_time:73865913473941, task_sched_time:73867576140988
app_id: 0, app_name: SAR_api-aarch64, task_id: 1702, task_name: DASH_FFT, resource_name: cpu1, ref_start_time: 73867576740238, ref_stop_time: 73867576780978, actual_exe_time: 40740, task_app_start_time:73865913473941, task_sched_time:73867576732918
app_id: 0, app_name: SAR_api-aarch64, task_id: 1703, task_name: DASH_ZIP, resource_name: cpu2, ref_start_time: 73867577240518, ref_stop_time: 73867577328688, actual_exe_time: 88170, task_app_start_time:73865913473941, task_sched_time:73867577232268
app_id: 0, app_name: SAR_api-aarch64, task_id: 1704, task_name: DASH_FFT, resource_name: cpu3, ref_start_time: 73867577687698, ref_stop_time: 73867577744758, actual_exe_time: 57060, task_app_start_time:73865913473941, task_sched_time:73867577645668
app_id: 0, app_name: SAR_api-aarch64, task_id: 1705, task_name: DASH_ZIP, resource_name: zip1, ref_start_time: 73867578395908, ref_stop_time: 73867578514858, actual_exe_time: 118950, task_app_start_time:73865913473941, task_sched_time:73867578346018
app_id: 0, app_name: SAR_api-aarch64, task_id: 1706, task_name: DASH_FFT, resource_name: cpu1, ref_start_time: 73867578963029, ref_stop_time: 73867579004309, actual_exe_time: 41280, task_app_start_time:73865913473941, task_sched_time:73867578955589
app_id: 0, app_name: SAR_api-aarch64, task_id: 1707, task_name: DASH_ZIP, resource_name: cpu2, ref_start_time: 73867579604639, ref_stop_time: 73867579682399, actual_exe_time: 77760, task_app_start_time:73865913473941, task_sched_time:73867579594949
app_id: 0, app_name: SAR_api-aarch64, task_id: 1708, task_name: DASH_FFT, resource_name: cpu3, ref_start_time: 73867580221439, ref_stop_time: 73867580272919, actual_exe_time: 51480, task_app_start_time:73865913473941, task_sched_time:73867580218199
app_id: 0, app_name: SAR_api-aarch64, task_id: 1709, task_name: DASH_ZIP, resource_name: zip1, ref_start_time: 73867580748989, ref_stop_time: 73867580866889, actual_exe_time: 117900, task_app_start_time:73865913473941, task_sched_time:73867580719169
app_id: 0, app_name: SAR_api-aarch64, task_id: 1710, task_name: DASH_FFT, resource_name: cpu1, ref_start_time: 73867581543599, ref_stop_time: 73867581585089, actual_exe_time: 41490, task_app_start_time:73865913473941, task_sched_time:73867581532529
app_id: 0, app_name: SAR_api-aarch64, task_id: 1711, task_name: DASH_ZIP, resource_name: cpu2, ref_start_time: 73867582094009, ref_stop_time: 73867582172189, actual_exe_time: 78180, task_app_start_time:73865913473941, task_sched_time:73867582086209
app_id: 0, app_name: SAR_api-aarch64, task_id: 1712, task_name: DASH_FFT, resource_name: cpu3, ref_start_time: 73867582520309, ref_stop_time: 73867582572449, actual_exe_time: 52140, task_app_start_time:73865913473941, task_sched_time:73867582517099
app_id: 0, app_name: SAR_api-aarch64, task_id: 1713, task_name: DASH_ZIP, resource_name: zip1, ref_start_time: 73867583299199, ref_stop_time: 73867583416799, actual_exe_time: 117600, task_app_start_time:73865913473941, task_sched_time:73867583278199
app_id: 0, app_name: SAR_api-aarch64, task_id: 1714, task_name: DASH_FFT, resource_name: cpu1, ref_start_time: 73867583959289, ref_stop_time: 73867584000239, actual_exe_time: 40950, task_app_start_time:73865913473941, task_sched_time:73867583948789
app_id: 0, app_name: SAR_api-aarch64, task_id: 1715, task_name: DASH_ZIP, resource_name: cpu2, ref_start_time: 73867584504059, ref_stop_time: 73867584581729, actual_exe_time: 77670, task_app_start_time:73865913473941, task_sched_time:73867584496319
app_id: 0, app_name: SAR_api-aarch64, task_id: 1716, task_name: DASH_FFT, resource_name: cpu3, ref_start_time: 73867585054620, ref_stop_time: 73867585115760, actual_exe_time: 61140, task_app_start_time:73865913473941, task_sched_time:73867585051320
app_id: 0, app_name: SAR_api-aarch64, task_id: 1717, task_name: DASH_ZIP, resource_name: zip1, ref_start_time: 73867585600680, ref_stop_time: 73867585718490, actual_exe_time: 117810, task_app_start_time:73865913473941, task_sched_time:73867585553040
app_id: 0, app_name: SAR_api-aarch64, task_id: 1718, task_name: DASH_FFT, resource_name: cpu1, ref_start_time: 73867586395920, ref_stop_time: 73867586436870, actual_exe_time: 40950, task_app_start_time:73865913473941, task_sched_time:73867586385450
app_id: 0, app_name: SAR_api-aarch64, task_id: 1719, task_name: DASH_ZIP, resource_name: cpu2, ref_start_time: 73867586943990, ref_stop_time: 73867587021360, actual_exe_time: 77370, task_app_start_time:73865913473941, task_sched_time:73867586935230
app_id: 0, app_name: SAR_api-aarch64, task_id: 1720, task_name: DASH_FFT, resource_name: cpu3, ref_start_time: 73867587398790, ref_stop_time: 73867587454770, actual_exe_time: 55980, task_app_start_time:73865913473941, task_sched_time:73867587393870
app_id: 0, app_name: SAR_api-aarch64, task_id: 1721, task_name: DASH_ZIP, resource_name: zip1, ref_start_time: 73867588062570, ref_stop_time: 73867588179540, actual_exe_time: 116970, task_app_start_time:73865913473941, task_sched_time:73867588058850
app_id: 0, app_name: SAR_api-aarch64, task_id: 1722, task_name: DASH_FFT, resource_name: cpu1, ref_start_time: 73867588634100, ref_stop_time: 73867588675020, actual_exe_time: 40920, task_app_start_time:73865913473941, task_sched_time:73867588626480
app_id: 0, app_name: SAR_api-aarch64, task_id: 1723, task_name: DASH_ZIP, resource_name: cpu2, ref_start_time: 73867589127630, ref_stop_time: 73867589205150, actual_exe_time: 77520, task_app_start_time:73865913473941, task_sched_time:73867589121570
app_id: 0, app_name: SAR_api-aarch64, task_id: 1724, task_name: DASH_FFT, resource_name: cpu3, ref_start_time: 73867589562960, ref_stop_time: 73867589614290, actual_exe_time: 51330, task_app_start_time:73865913473941, task_sched_time:73867589527410
app_id: 0, app_name: SAR_api-aarch64, task_id: 1725, task_name: DASH_ZIP, resource_name: zip1, ref_start_time: 73867590378810, ref_stop_time: 73867590496770, actual_exe_time: 117960, task_app_start_time:73865913473941, task_sched_time:73867590375210
app_id: 0, app_name: SAR_api-aarch64, task_id: 1726, task_name: DASH_FFT, resource_name: cpu1, ref_start_time: 73867590955020, ref_stop_time: 73867590996270, actual_exe_time: 41250, task_app_start_time:73865913473941, task_sched_time:73867590946140
app_id: 0, app_name: SAR_api-aarch64, task_id: 1727, task_name: DASH_ZIP, resource_name: cpu2, ref_start_time: 73867591511341, ref_stop_time: 73867591588981, actual_exe_time: 77640, task_app_start_time:73865913473941, task_sched_time:73867591505341
app_id: 0, app_name: SAR_api-aarch64, task_id: 1728, task_name: DASH_FFT, resource_name: cpu3, ref_start_time: 73867591859521, ref_stop_time: 73867591910821, actual_exe_time: 51300, task_app_start_time:73865913473941, task_sched_time:73867591822861
app_id: 0, app_name: SAR_api-aarch64, task_id: 1729, task_name: DASH_ZIP, resource_name: zip1, ref_start_time: 73867592688391, ref_stop_time: 73867592805331, actual_exe_time: 116940, task_app_start_time:73865913473941, task_sched_time:73867592676361
app_id: 0, app_name: SAR_api-aarch64, task_id: 1730, task_name: DASH_FFT, resource_name: cpu1, ref_start_time: 73867593254701, ref_stop_time: 73867593295411, actual_exe_time: 40710, task_app_start_time:73865913473941, task_sched_time:73867593243811
app_id: 0, app_name: SAR_api-aarch64, task_id: 1731, task_name: DASH_ZIP, resource_name: cpu2, ref_start_time: 73867593830551, ref_stop_time: 73867593907861, actual_exe_time: 77310, task_app_start_time:73865913473941, task_sched_time:73867593821701
app_id: 0, app_name: SAR_api-aarch64, task_id: 1732, task_name: DASH_FFT, resource_name: cpu3, ref_start_time: 73867594211911, ref_stop_time: 73867594264411, actual_exe_time: 52500, task_app_start_time:73865913473941, task_sched_time:73867594201921
app_id: 0, app_name: SAR_api-aarch64, task_id: 1733, task_name: DASH_ZIP, resource_name: zip1, ref_start_time: 73867594928581, ref_stop_time: 73867595046961, actual_exe_time: 118380, task_app_start_time:73865913473941, task_sched_time:73867594924171
app_id: 0, app_name: SAR_api-aarch64, task_id: 1734, task_name: DASH_FFT, resource_name: cpu1, ref_start_time: 73867595555581, ref_stop_time: 73867595596831, actual_exe_time: 41250, task_app_start_time:73865913473941, task_sched_time:73867595549971
app_id: 0, app_name: SAR_api-aarch64, task_id: 1735, task_name: DASH_ZIP, resource_name: cpu2, ref_start_time: 73867596094201, ref_stop_time: 73867596171481, actual_exe_time: 77280, task_app_start_time:73865913473941, task_sched_time:73867596089041
app_id: 0, app_name: SAR_api-aarch64, task_id: 1736, task_name: DASH_FFT, resource_name: cpu3, ref_start_time: 73867596763741, ref_stop_time: 73867596814681, actual_exe_time: 50940, task_app_start_time:73865913473941, task_sched_time:73867596740881
app_id: 0, app_name: SAR_api-aarch64, task_id: 1737, task_name: DASH_ZIP, resource_name: zip1, ref_start_time: 73867597426322, ref_stop_time: 73867597551362, actual_exe_time: 125040, task_app_start_time:73865913473941, task_sched_time:73867597415222
app_id: 0, app_name: SAR_api-aarch64, task_id: 1738, task_name: DASH_FFT, resource_name: cpu1, ref_start_time: 73867597907762, ref_stop_time: 73867597948682, actual_exe_time: 40920, task_app_start_time:73865913473941, task_sched_time:73867597895972
app_id: 0, app_name: SAR_api-aarch64, task_id: 1739, task_name: DASH_ZIP, resource_name: cpu2, ref_start_time: 73867598479562, ref_stop_time: 73867598558132, actual_exe_time: 78570, task_app_start_time:73865913473941, task_sched_time:73867598476292
app_id: 0, app_name: SAR_api-aarch64, task_id: 1740, task_name: DASH_FFT, resource_name: cpu3, ref_start_time: 73867598901812, ref_stop_time: 73867598953952, actual_exe_time: 52140, task_app_start_time:73865913473941, task_sched_time:73867598816672
app_id: 0, app_name: SAR_api-aarch64, task_id: 1741, task_name: DASH_ZIP, resource_name: zip1, ref_start_time: 73867599834662, ref_stop_time: 73867599951662, actual_exe_time: 117000, task_app_start_time:73865913473941, task_sched_time:73867599825872
app_id: 0, app_name: SAR_api-aarch64, task_id: 1742, task_name: DASH_FFT, resource_name: cpu1, ref_start_time: 73867600375262, ref_stop_time: 73867600416242, actual_exe_time: 40980, task_app_start_time:73865913473941, task_sched_time:73867600371122
app_id: 0, app_name: SAR_api-aarch64, task_id: 1743, task_name: DASH_ZIP, resource_name: cpu2, ref_start_time: 73867600968332, ref_stop_time: 73867601045522, actual_exe_time: 77190, task_app_start_time:73865913473941, task_sched_time:73867600964942
app_id: 0, app_name: SAR_api-aarch64, task_id: 1744, task_name: DASH_FFT, resource_name: cpu3, ref_start_time: 73867601405162, ref_stop_time: 73867601457362, actual_exe_time: 52200, task_app_start_time:73865913473941, task_sched_time:73867601400572
app_id: 0, app_name: SAR_api-aarch64, task_id: 1745, task_name: DASH_ZIP, resource_name: zip1, ref_start_time: 73867602687392, ref_stop_time: 73867602808112, actual_exe_time: 120720, task_app_start_time:73865913473941, task_sched_time:73867602681452
app_id: 0, app_name: SAR_api-aarch64, task_id: 1746, task_name: DASH_FFT, resource_name: cpu1, ref_start_time: 73867603268942, ref_stop_time: 73867603310252, actual_exe_time: 41310, task_app_start_time:73865913473941, task_sched_time:73867603257152
app_id: 0, app_name: SAR_api-aarch64, task_id: 1747, task_name: DASH_ZIP, resource_name: cpu2, ref_start_time: 73867603846443, ref_stop_time: 73867603924953, actual_exe_time: 78510, task_app_start_time:73865913473941, task_sched_time:73867603838193
app_id: 0, app_name: SAR_api-aarch64, task_id: 1748, task_name: DASH_FFT, resource_name: cpu3, ref_start_time: 73867604310723, ref_stop_time: 73867604368563, actual_exe_time: 57840, task_app_start_time:73865913473941, task_sched_time:73867604299803
app_id: 0, app_name: SAR_api-aarch64, task_id: 1749, task_name: DASH_ZIP, resource_name: zip1, ref_start_time: 73867605132093, ref_stop_time: 73867605249153, actual_exe_time: 117060, task_app_start_time:73865913473941, task_sched_time:73867605097503
app_id: 0, app_name: SAR_api-aarch64, task_id: 1750, task_name: DASH_FFT, resource_name: cpu1, ref_start_time: 73867605680373, ref_stop_time: 73867605721443, actual_exe_time: 41070, task_app_start_time:73865913473941, task_sched_time:73867605672813
app_id: 0, app_name: SAR_api-aarch64, task_id: 1751, task_name: DASH_ZIP, resource_name: cpu2, ref_start_time: 73867606389693, ref_stop_time: 73867606466913, actual_exe_time: 77220, task_app_start_time:73865913473941, task_sched_time:73867606383033
app_id: 0, app_name: SAR_api-aarch64, task_id: 1752, task_name: DASH_FFT, resource_name: cpu3, ref_start_time: 73867606894653, ref_stop_time: 73867606946043, actual_exe_time: 51390, task_app_start_time:73865913473941, task_sched_time:73867606867773
app_id: 0, app_name: SAR_api-aarch64, task_id: 1753, task_name: DASH_ZIP, resource_name: zip1, ref_start_time: 73867607597073, ref_stop_time: 73867607714523, actual_exe_time: 117450, task_app_start_time:73865913473941, task_sched_time:73867607592993
app_id: 0, app_name: SAR_api-aarch64, task_id: 1754, task_name: DASH_FFT, resource_name: cpu1, ref_start_time: 73867608228933, ref_stop_time: 73867608270093, actual_exe_time: 41160, task_app_start_time:73865913473941, task_sched_time:73867608226323
app_id: 0, app_name: SAR_api-aarch64, task_id: 1755, task_name: DASH_ZIP, resource_name: cpu2, ref_start_time: 73867608774123, ref_stop_time: 73867608851313, actual_exe_time: 77190, task_app_start_time:73865913473941, task_sched_time:73867608770163
app_id: 0, app_name: SAR_api-aarch64, task_id: 1756, task_name: DASH_FFT, resource_name: cpu3, ref_start_time: 73867609354053, ref_stop_time: 73867609405503, actual_exe_time: 51450, task_app_start_time:73865913473941, task_sched_time:73867609344873
app_id: 0, app_name: SAR_api-aarch64, task_id: 1757, task_name: DASH_ZIP, resource_name: zip1, ref_start_time: 73867609967344, ref_stop_time: 73867610084944, actual_exe_time: 117600, task_app_start_time:73865913473941, task_sched_time:73867609961884
app_id: 0, app_name: SAR_api-aarch64, task_id: 1758, task_name: DASH_FFT, resource_name: cpu1, ref_start_time: 73867610714044, ref_stop_time: 73867610755024, actual_exe_time: 40980, task_app_start_time:73865913473941, task_sched_time:73867610700154
app_id: 0, app_name: SAR_api-aarch64, task_id: 1759, task_name: DASH_ZIP, resource_name: cpu2, ref_start_time: 73867611248494, ref_stop_time: 73867611327814, actual_exe_time: 79320, task_app_start_time:73865913473941, task_sched_time:73867611244624
app_id: 0, app_name: SAR_api-aarch64, task_id: 1760, task_name: DASH_FFT, resource_name: cpu3, ref_start_time: 73867611822964, ref_stop_time: 73867611873934, actual_exe_time: 50970, task_app_start_time:73865913473941, task_sched_time:73867611809164
app_id: 0, app_name: SAR_api-aarch64, task_id: 1761, task_name: DASH_ZIP, resource_name: zip1, ref_start_time: 73867612493104, ref_stop_time: 73867612611454, actual_exe_time: 118350, task_app_start_time:73865913473941, task_sched_time:73867612489594
app_id: 0, app_name: SAR_api-aarch64, task_id: 1762, task_name: DASH_FFT, resource_name: cpu1, ref_start_time: 73867613274574, ref_stop_time: 73867613324134, actual_exe_time: 49560, task_app_start_time:73865913473941, task_sched_time:73867613269174
app_id: 0, app_name: SAR_api-aarch64, task_id: 1763, task_name: DASH_ZIP, resource_name: cpu2, ref_start_time: 73867613853334, ref_stop_time: 73867613930734, actual_exe_time: 77400, task_app_start_time:73865913473941, task_sched_time:73867613845744
app_id: 0, app_name: SAR_api-aarch64, task_id: 1764, task_name: DASH_FFT, resource_name: cpu3, ref_start_time: 73867614329194, ref_stop_time: 73867614380764, actual_exe_time: 51570, task_app_start_time:73865913473941, task_sched_time:73867614304834
app_id: 0, app_name: SAR_api-aarch64, task_id: 1765, task_name: DASH_ZIP, resource_name: zip1, ref_start_time: 73867615007374, ref_stop_time: 73867615124644, actual_exe_time: 117270, task_app_start_time:73865913473941, task_sched_time:73867615004314
app_id: 0, app_name: SAR_api-aarch64, task_id: 1766, task_name: DASH_FFT, resource_name: cpu1, ref_start_time: 73867615994615, ref_stop_time: 73867616035355, actual_exe_time: 40740, task_app_start_time:73865913473941, task_sched_time:73867615986605
app_id: 0, app_name: SAR_api-aarch64, task_id: 1767, task_name: DASH_ZIP, resource_name: cpu2, ref_start_time: 73867616558735, ref_stop_time: 73867616638205, actual_exe_time: 79470, task_app_start_time:73865913473941, task_sched_time:73867616555705
app_id: 0, app_name: SAR_api-aarch64, task_id: 1768, task_name: DASH_FFT, resource_name: cpu3, ref_start_time: 73867616969195, ref_stop_time: 73867617022445, actual_exe_time: 53250, task_app_start_time:73865913473941, task_sched_time:73867616961095
app_id: 0, app_name: SAR_api-aarch64, task_id: 1769, task_name: DASH_ZIP, resource_name: zip1, ref_start_time: 73867617506045, ref_stop_time: 73867617642665, actual_exe_time: 136620, task_app_start_time:73865913473941, task_sched_time:73867617500525
app_id: 0, app_name: SAR_api-aarch64, task_id: 1770, task_name: DASH_FFT, resource_name: cpu1, ref_start_time: 73867618197635, ref_stop_time: 73867618238525, actual_exe_time: 40890, task_app_start_time:73865913473941, task_sched_time:73867618194365
app_id: 0, app_name: SAR_api-aarch64, task_id: 1771, task_name: DASH_ZIP, resource_name: cpu2, ref_start_time: 73867618866785, ref_stop_time: 73867618944605, actual_exe_time: 77820, task_app_start_time:73865913473941, task_sched_time:73867618860305
app_id: 0, app_name: SAR_api-aarch64, task_id: 1772, task_name: DASH_FFT, resource_name: cpu3, ref_start_time: 73867619442935, ref_stop_time: 73867619499995, actual_exe_time: 57060, task_app_start_time:73865913473941, task_sched_time:73867619437745
app_id: 0, app_name: SAR_api-aarch64, task_id: 1773, task_name: DASH_ZIP, resource_name: zip1, ref_start_time: 73867620167765, ref_stop_time: 73867620289115, actual_exe_time: 121350, task_app_start_time:73865913473941, task_sched_time:73867620082835
app_id: 0, app_name: SAR_api-aarch64, task_id: 1774, task_name: DASH_FFT, resource_name: cpu1, ref_start_time: 73867620767495, ref_stop_time: 73867620808055, actual_exe_time: 40560, task_app_start_time:73865913473941, task_sched_time:73867620762245
app_id: 0, app_name: SAR_api-aarch64, task_id: 1775, task_name: DASH_ZIP, resource_name: cpu2, ref_start_time: 73867621327205, ref_stop_time: 73867621404875, actual_exe_time: 77670, task_app_start_time:73865913473941, task_sched_time:73867621320125
app_id: 0, app_name: SAR_api-aarch64, task_id: 1776, task_name: DASH_FFT, resource_name: cpu3, ref_start_time: 73867621722365, ref_stop_time: 73867621785515, actual_exe_time: 63150, task_app_start_time:73865913473941, task_sched_time:73867621718675
app_id: 0, app_name: SAR_api-aarch64, task_id: 1777, task_name: DASH_ZIP, resource_name: zip1, ref_start_time: 73867622295936, ref_stop_time: 73867622413116, actual_exe_time: 117180, task_app_start_time:73865913473941, task_sched_time:73867622236566
app_id: 0, app_name: SAR_api-aarch64, task_id: 1778, task_name: DASH_FFT, resource_name: cpu1, ref_start_time: 73867623014106, ref_stop_time: 73867623055746, actual_exe_time: 41640, task_app_start_time:73865913473941, task_sched_time:73867623010866
app_id: 0, app_name: SAR_api-aarch64, task_id: 1779, task_name: DASH_ZIP, resource_name: cpu2, ref_start_time: 73867623706686, ref_stop_time: 73867623785136, actual_exe_time: 78450, task_app_start_time:73865913473941, task_sched_time:73867623699456
app_id: 0, app_name: SAR_api-aarch64, task_id: 1780, task_name: DASH_FFT, resource_name: cpu3, ref_start_time: 73867624275576, ref_stop_time: 73867624327896, actual_exe_time: 52320, task_app_start_time:73865913473941, task_sched_time:73867624254906
app_id: 0, app_name: SAR_api-aarch64, task_id: 1781, task_name: DASH_ZIP, resource_name: zip1, ref_start_time: 73867624838136, ref_stop_time: 73867624955106, actual_exe_time: 116970, task_app_start_time:73865913473941, task_sched_time:73867624752306
app_id: 0, app_name: SAR_api-aarch64, task_id: 1782, task_name: DASH_FFT, resource_name: cpu1, ref_start_time: 73867625629626, ref_stop_time: 73867625670696, actual_exe_time: 41070, task_app_start_time:73865913473941, task_sched_time:73867625626236
app_id: 0, app_name: SAR_api-aarch64, task_id: 1783, task_name: DASH_ZIP, resource_name: cpu2, ref_start_time: 73867626181446, ref_stop_time: 73867626259176, actual_exe_time: 77730, task_app_start_time:73865913473941, task_sched_time:73867626175836
app_id: 0, app_name: SAR_api-aarch64, task_id: 1784, task_name: DASH_FFT, resource_name: cpu3, ref_start_time: 73867626635136, ref_stop_time: 73867626688746, actual_exe_time: 53610, task_app_start_time:73865913473941, task_sched_time:73867626625506
app_id: 0, app_name: SAR_api-aarch64, task_id: 1785, task_name: DASH_ZIP, resource_name: zip1, ref_start_time: 73867627331376, ref_stop_time: 73867627451046, actual_exe_time: 119670, task_app_start_time:73865913473941, task_sched_time:73867627282776
app_id: 0, app_name: SAR_api-aarch64, task_id: 1786, task_name: DASH_FFT, resource_name: cpu1, ref_start_time: 73867627881816, ref_stop_time: 73867627922616, actual_exe_time: 40800, task_app_start_time:73865913473941, task_sched_time:73867627874496
app_id: 0, app_name: SAR_api-aarch64, task_id: 1787, task_name: DASH_ZIP, resource_name: cpu2, ref_start_time: 73867628510107, ref_stop_time: 73867628587807, actual_exe_time: 77700, task_app_start_time:73865913473941, task_sched_time:73867628506987
app_id: 0, app_name: SAR_api-aarch64, task_id: 1788, task_name: DASH_FFT, resource_name: cpu3, ref_start_time: 73867628907817, ref_stop_time: 73867628959807, actual_exe_time: 51990, task_app_start_time:73865913473941, task_sched_time:73867628904277
app_id: 0, app_name: SAR_api-aarch64, task_id: 1789, task_name: DASH_ZIP, resource_name: zip1, ref_start_time: 73867629639667, ref_stop_time: 73867629756727, actual_exe_time: 117060, task_app_start_time:73865913473941, task_sched_time:73867629628387
app_id: 0, app_name: SAR_api-aarch64, task_id: 1790, task_name: DASH_FFT, resource_name: cpu1, ref_start_time: 73867630553167, ref_stop_time: 73867630594357, actual_exe_time: 41190, task_app_start_time:73865913473941, task_sched_time:73867630548097
app_id: 0, app_name: SAR_api-aarch64, task_id: 1791, task_name: DASH_ZIP, resource_name: cpu2, ref_start_time: 73867630954267, ref_stop_time: 73867631035387, actual_exe_time: 81120, task_app_start_time:73865913473941, task_sched_time:73867630945507
app_id: 0, app_name: SAR_api-aarch64, task_id: 1792, task_name: DASH_FFT, resource_name: cpu3, ref_start_time: 73867631531317, ref_stop_time: 73867631583757, actual_exe_time: 52440, task_app_start_time:73865913473941, task_sched_time:73867631517097
app_id: 0, app_name: SAR_api-aarch64, task_id: 1793, task_name: DASH_ZIP, resource_name: zip1, ref_start_time: 73867632088117, ref_stop_time: 73867632205387, actual_exe_time: 117270, task_app_start_time:73865913473941, task_sched_time:73867632031027
app_id: 0, app_name: SAR_api-aarch64, task_id: 1794, task_name: DASH_FFT, resource_name: cpu1, ref_start_time: 73867632855367, ref_stop_time: 73867632896287, actual_exe_time: 40920, task_app_start_time:73865913473941, task_sched_time:73867632850147
app_id: 0, app_name: SAR_api-aarch64, task_id: 1795, task_name: DASH_ZIP, resource_name: cpu2, ref_start_time: 73867633380727, ref_stop_time: 73867633459057, actual_exe_time: 78330, task_app_start_time:73865913473941, task_sched_time:73867633374937
app_id: 0, app_name: SAR_api-aarch64, task_id: 1796, task_name: DASH_FFT, resource_name: cpu3, ref_start_time: 73867633950367, ref_stop_time: 73867634004037, actual_exe_time: 53670, task_app_start_time:73865913473941, task_sched_time:73867633945087
app_id: 0, app_name: SAR_api-aarch64, task_id: 1797, task_name: DASH_ZIP, resource_name: zip1, ref_start_time: 73867634697608, ref_stop_time: 73867634815598, actual_exe_time: 117990, task_app_start_time:73865913473941, task_sched_time:73867634632898
app_id: 0, app_name: SAR_api-aarch64, task_id: 1798, task_name: DASH_FFT, resource_name: cpu1, ref_start_time: 73867635473948, ref_stop_time: 73867635515348, actual_exe_time: 41400, task_app_start_time:73865913473941, task_sched_time:73867635462518
app_id: 0, app_name: SAR_api-aarch64, task_id: 1799, task_name: DASH_ZIP, resource_name: cpu2, ref_start_time: 73867636023728, ref_stop_time: 73867636101698, actual_exe_time: 77970, task_app_start_time:73865913473941, task_sched_time:73867636016468
app_id: 0, app_name: SAR_api-aarch64, task_id: 1800, task_name: DASH_FFT, resource_name: cpu3, ref_start_time: 73867636586588, ref_stop_time: 73867636638068, actual_exe_time: 51480, task_app_start_time:73865913473941, task_sched_time:73867636583918
app_id: 0, app_name: SAR_api-aarch64, task_id: 1801, task_name: DASH_ZIP, resource_name: zip1, ref_start_time: 73867637622458, ref_stop_time: 73867637740988, actual_exe_time: 118530, task_app_start_time:73865913473941, task_sched_time:73867637618378
app_id: 0, app_name: SAR_api-aarch64, task_id: 1802, task_name: DASH_FFT, resource_name: cpu1, ref_start_time: 73867638200228, ref_stop_time: 73867638241358, actual_exe_time: 41130, task_app_start_time:73865913473941, task_sched_time:73867638195488
app_id: 0, app_name: SAR_api-aarch64, task_id: 1803, task_name: DASH_ZIP, resource_name: cpu2, ref_start_time: 73867638773318, ref_stop_time: 73867638851618, actual_exe_time: 78300, task_app_start_time:73865913473941, task_sched_time:73867638766268
app_id: 0, app_name: SAR_api-aarch64, task_id: 1804, task_name: DASH_FFT, resource_name: cpu3, ref_start_time: 73867639291448, ref_stop_time: 73867639343588, actual_exe_time: 52140, task_app_start_time:73865913473941, task_sched_time:73867639287668
app_id: 0, app_name: SAR_api-aarch64, task_id: 1805, task_name: DASH_ZIP, resource_name: zip1, ref_start_time: 73867639852838, ref_stop_time: 73867639971038, actual_exe_time: 118200, task_app_start_time:73865913473941, task_sched_time:73867639845908
app_id: 0, app_name: SAR_api-aarch64, task_id: 1806, task_name: DASH_FFT, resource_name: cpu1, ref_start_time: 73867640561138, ref_stop_time: 73867640601638, actual_exe_time: 40500, task_app_start_time:73865913473941, task_sched_time:73867640553788
app_id: 0, app_name: SAR_api-aarch64, task_id: 1807, task_name: DASH_ZIP, resource_name: cpu2, ref_start_time: 73867641098079, ref_stop_time: 73867641175599, actual_exe_time: 77520, task_app_start_time:73865913473941, task_sched_time:73867641090189
app_id: 0, app_name: SAR_api-aarch64, task_id: 1808, task_name: DASH_FFT, resource_name: cpu3, ref_start_time: 73867641704259, ref_stop_time: 73867641755649, actual_exe_time: 51390, task_app_start_time:73865913473941, task_sched_time:73867641697479
app_id: 0, app_name: SAR_api-aarch64, task_id: 1809, task_name: DASH_ZIP, resource_name: zip1, ref_start_time: 73867642059369, ref_stop_time: 73867642176189, actual_exe_time: 116820, task_app_start_time:73865913473941, task_sched_time:73867642053699
app_id: 0, app_name: SAR_api-aarch64, task_id: 1810, task_name: DASH_FFT, resource_name: cpu1, ref_start_time: 73867642964739, ref_stop_time: 73867643006319, actual_exe_time: 41580, task_app_start_time:73865913473941, task_sched_time:73867642957899
app_id: 0, app_name: SAR_api-aarch64, task_id: 1811, task_name: DASH_ZIP, resource_name: cpu2, ref_start_time: 73867643513979, ref_stop_time: 73867643591679, actual_exe_time: 77700, task_app_start_time:73865913473941, task_sched_time:73867643507799
app_id: 0, app_name: SAR_api-aarch64, task_id: 1812, task_name: DASH_FFT, resource_name: cpu3, ref_start_time: 73867644003189, ref_stop_time: 73867644060399, actual_exe_time: 57210, task_app_start_time:73865913473941, task_sched_time:73867643986599
app_id: 0, app_name: SAR_api-aarch64, task_id: 1813, task_name: DASH_ZIP, resource_name: zip1, ref_start_time: 73867644720399, ref_stop_time: 73867644837879, actual_exe_time: 117480, task_app_start_time:73865913473941, task_sched_time:73867644649839
app_id: 0, app_name: SAR_api-aarch64, task_id: 1814, task_name: DASH_FFT, resource_name: cpu1, ref_start_time: 73867645273239, ref_stop_time: 73867645321929, actual_exe_time: 48690, task_app_start_time:73865913473941, task_sched_time:73867645260279
app_id: 0, app_name: SAR_api-aarch64, task_id: 1815, task_name: DASH_ZIP, resource_name: cpu2, ref_start_time: 73867646109729, ref_stop_time: 73867646187459, actual_exe_time: 77730, task_app_start_time:73865913473941, task_sched_time:73867646103579
app_id: 0, app_name: SAR_api-aarch64, task_id: 1816, task_name: DASH_FFT, resource_name: cpu3, ref_start_time: 73867646622669, ref_stop_time: 73867646675229, actual_exe_time: 52560, task_app_start_time:73865913473941, task_sched_time:73867646579199
app_id: 0, app_name: SAR_api-aarch64, task_id: 1817, task_name: DASH_ZIP, resource_name: zip1, ref_start_time: 73867647218830, ref_stop_time: 73867647337540, actual_exe_time: 118710, task_app_start_time:73865913473941, task_sched_time:73867647215500
app_id: 0, app_name: SAR_api-aarch64, task_id: 1818, task_name: DASH_FFT, resource_name: cpu1, ref_start_time: 73867648033780, ref_stop_time: 73867648075690, actual_exe_time: 41910, task_app_start_time:73865913473941, task_sched_time:73867648020910
app_id: 0, app_name: SAR_api-aarch64, task_id: 1819, task_name: DASH_ZIP, resource_name: cpu2, ref_start_time: 73867648617640, ref_stop_time: 73867648695310, actual_exe_time: 77670, task_app_start_time:73865913473941, task_sched_time:73867648609660
app_id: 0, app_name: SAR_api-aarch64, task_id: 1820, task_name: DASH_FFT, resource_name: cpu3, ref_start_time: 73867649090950, ref_stop_time: 73867649142910, actual_exe_time: 51960, task_app_start_time:73865913473941, task_sched_time:73867649086030
app_id: 0, app_name: SAR_api-aarch64, task_id: 1821, task_name: DASH_ZIP, resource_name: zip1, ref_start_time: 73867649793880, ref_stop_time: 73867649911120, actual_exe_time: 117240, task_app_start_time:73865913473941, task_sched_time:73867649786920
app_id: 0, app_name: SAR_api-aarch64, task_id: 1822, task_name: DASH_FFT, resource_name: cpu1, ref_start_time: 73867650379330, ref_stop_time: 73867650420370, actual_exe_time: 41040, task_app_start_time:73865913473941, task_sched_time:73867650375100
app_id: 0, app_name: SAR_api-aarch64, task_id: 1823, task_name: DASH_ZIP, resource_name: cpu2, ref_start_time: 73867650876430, ref_stop_time: 73867650954400, actual_exe_time: 77970, task_app_start_time:73865913473941, task_sched_time:73867650871720
app_id: 0, app_name: SAR_api-aarch64, task_id: 1824, task_name: DASH_FFT, resource_name: cpu3, ref_start_time: 73867651351840, ref_stop_time: 73867651405390, actual_exe_time: 53550, task_app_start_time:73865913473941, task_sched_time:73867651347760
app_id: 0, app_name: SAR_api-aarch64, task_id: 1825, task_name: DASH_ZIP, resource_name: zip1, ref_start_time: 73867652116450, ref_stop_time: 73867652233540, actual_exe_time: 117090, task_app_start_time:73865913473941, task_sched_time:73867652111110
app_id: 0, app_name: SAR_api-aarch64, task_id: 1826, task_name: DASH_FFT, resource_name: cpu1, ref_start_time: 73867652760280, ref_stop_time: 73867652800750, actual_exe_time: 40470, task_app_start_time:73865913473941, task_sched_time:73867652742970
app_id: 0, app_name: SAR_api-aarch64, task_id: 1827, task_name: DASH_ZIP, resource_name: cpu2, ref_start_time: 73867653546491, ref_stop_time: 73867653624671, actual_exe_time: 78180, task_app_start_time:73865913473941, task_sched_time:73867653542921
app_id: 0, app_name: SAR_api-aarch64, task_id: 1828, task_name: DASH_FFT, resource_name: cpu3, ref_start_time: 73867654038881, ref_stop_time: 73867654091111, actual_exe_time: 52230, task_app_start_time:73865913473941, task_sched_time:73867654027751
app_id: 0, app_name: SAR_api-aarch64, task_id: 1829, task_name: DASH_ZIP, resource_name: zip1, ref_start_time: 73867654658111, ref_stop_time: 73867654775201, actual_exe_time: 117090, task_app_start_time:73865913473941, task_sched_time:73867654645061
app_id: 0, app_name: SAR_api-aarch64, task_id: 1830, task_name: DASH_FFT, resource_name: cpu1, ref_start_time: 73867655431871, ref_stop_time: 73867655473151, actual_exe_time: 41280, task_app_start_time:73865913473941, task_sched_time:73867655429261
app_id: 0, app_name: SAR_api-aarch64, task_id: 1831, task_name: DASH_ZIP, resource_name: cpu2, ref_start_time: 73867655989961, ref_stop_time: 73867656067361, actual_exe_time: 77400, task_app_start_time:73865913473941, task_sched_time:73867655986421
app_id: 0, app_name: SAR_api-aarch64, task_id: 1832, task_name: DASH_FFT, resource_name: cpu3, ref_start_time: 73867656449921, ref_stop_time: 73867656501821, actual_exe_time: 51900, task_app_start_time:73865913473941, task_sched_time:73867656445961
app_id: 0, app_name: SAR_api-aarch64, task_id: 1833, task_name: DASH_ZIP, resource_name: zip1, ref_start_time: 73867657151801, ref_stop_time: 73867657269341, actual_exe_time: 117540, task_app_start_time:73865913473941, task_sched_time:73867657096391
app_id: 0, app_name: SAR_api-aarch64, task_id: 1834, task_name: DASH_FFT, resource_name: cpu1, ref_start_time: 73867657838771, ref_stop_time: 73867657880141, actual_exe_time: 41370, task_app_start_time:73865913473941, task_sched_time:73867657829801
app_id: 0, app_name: SAR_api-aarch64, task_id: 1835, task_name: DASH_ZIP, resource_name: cpu2, ref_start_time: 73867658378081, ref_stop_time: 73867658456081, actual_exe_time: 78000, task_app_start_time:73865913473941, task_sched_time:73867658368661
app_id: 0, app_name: SAR_api-aarch64, task_id: 1836, task_name: DASH_FFT, resource_name: cpu3, ref_start_time: 73867658811911, ref_stop_time: 73867658872961, actual_exe_time: 61050, task_app_start_time:73865913473941, task_sched_time:73867658803451
app_id: 0, app_name: SAR_api-aarch64, task_id: 1837, task_name: DASH_ZIP, resource_name: zip1, ref_start_time: 73867659780282, ref_stop_time: 73867659897582, actual_exe_time: 117300, task_app_start_time:73865913473941, task_sched_time:73867659725862
app_id: 0, app_name: SAR_api-aarch64, task_id: 1838, task_name: DASH_FFT, resource_name: cpu1, ref_start_time: 73867660500702, ref_stop_time: 73867660541322, actual_exe_time: 40620, task_app_start_time:73865913473941, task_sched_time:73867660490682
app_id: 0, app_name: SAR_api-aarch64, task_id: 1839, task_name: DASH_ZIP, resource_name: cpu2, ref_start_time: 73867660945482, ref_stop_time: 73867661022852, actual_exe_time: 77370, task_app_start_time:73865913473941, task_sched_time:73867660937592
app_id: 0, app_name: SAR_api-aarch64, task_id: 1840, task_name: DASH_FFT, resource_name: cpu3, ref_start_time: 73867661610792, ref_stop_time: 73867661662572, actual_exe_time: 51780, task_app_start_time:73865913473941, task_sched_time:73867661604282
app_id: 0, app_name: SAR_api-aarch64, task_id: 1841, task_name: DASH_ZIP, resource_name: zip1, ref_start_time: 73867662341232, ref_stop_time: 73867662458442, actual_exe_time: 117210, task_app_start_time:73865913473941, task_sched_time:73867662336402
app_id: 0, app_name: SAR_api-aarch64, task_id: 1842, task_name: DASH_FFT, resource_name: cpu1, ref_start_time: 73867662913662, ref_stop_time: 73867662954522, actual_exe_time: 40860, task_app_start_time:73865913473941, task_sched_time:73867662903162
app_id: 0, app_name: SAR_api-aarch64, task_id: 1843, task_name: DASH_ZIP, resource_name: cpu2, ref_start_time: 73867663489782, ref_stop_time: 73867663567392, actual_exe_time: 77610, task_app_start_time:73865913473941, task_sched_time:73867663486032
app_id: 0, app_name: SAR_api-aarch64, task_id: 1844, task_name: DASH_FFT, resource_name: cpu3, ref_start_time: 73867663940322, ref_stop_time: 73867663992102, actual_exe_time: 51780, task_app_start_time:73865913473941, task_sched_time:73867663928622
app_id: 0, app_name: SAR_api-aarch64, task_id: 1845, task_name: DASH_ZIP, resource_name: zip1, ref_start_time: 73867664793942, ref_stop_time: 73867664911392, actual_exe_time: 117450, task_app_start_time:73865913473941, task_sched_time:73867664790012
app_id: 0, app_name: SAR_api-aarch64, task_id: 1846, task_name: DASH_FFT, resource_name: cpu1, ref_start_time: 73867665654282, ref_stop_time: 73867665695353, actual_exe_time: 41071, task_app_start_time:73865913473941, task_sched_time:73867665649152
app_id: 0, app_name: SAR_api-aarch64, task_id: 1847, task_name: DASH_ZIP, resource_name: cpu2, ref_start_time: 73867666229233, ref_stop_time: 73867666307323, actual_exe_time: 78090, task_app_start_time:73865913473941, task_sched_time:73867666226143
app_id: 0, app_name: SAR_api-aarch64, task_id: 1848, task_name: DASH_FFT, resource_name: cpu3, ref_start_time: 73867666712083, ref_stop_time: 73867666763923, actual_exe_time: 51840, task_app_start_time:73865913473941, task_sched_time:73867666688593
app_id: 0, app_name: SAR_api-aarch64, task_id: 1849, task_name: DASH_ZIP, resource_name: zip1, ref_start_time: 73867667356873, ref_stop_time: 73867667473783, actual_exe_time: 116910, task_app_start_time:73865913473941, task_sched_time:73867667351833
app_id: 0, app_name: SAR_api-aarch64, task_id: 1850, task_name: DASH_FFT, resource_name: cpu1, ref_start_time: 73867668030523, ref_stop_time: 73867668070903, actual_exe_time: 40380, task_app_start_time:73865913473941, task_sched_time:73867668021373
app_id: 0, app_name: SAR_api-aarch64, task_id: 1851, task_name: DASH_ZIP, resource_name: cpu2, ref_start_time: 73867668529423, ref_stop_time: 73867668607243, actual_exe_time: 77820, task_app_start_time:73865913473941, task_sched_time:73867668520873
app_id: 0, app_name: SAR_api-aarch64, task_id: 1852, task_name: DASH_FFT, resource_name: cpu3, ref_start_time: 73867668927943, ref_stop_time: 73867668982063, actual_exe_time: 54120, task_app_start_time:73865913473941, task_sched_time:73867668920323
app_id: 0, app_name: SAR_api-aarch64, task_id: 1853, task_name: DASH_ZIP, resource_name: zip1, ref_start_time: 73867669617643, ref_stop_time: 73867669735783, actual_exe_time: 118140, task_app_start_time:73865913473941, task_sched_time:73867669611103
app_id: 0, app_name: SAR_api-aarch64, task_id: 1854, task_name: DASH_FFT, resource_name: cpu1, ref_start_time: 73867670248033, ref_stop_time: 73867670288743, actual_exe_time: 40710, task_app_start_time:73865913473941, task_sched_time:73867670240683
app_id: 0, app_name: SAR_api-aarch64, task_id: 1855, task_name: DASH_ZIP, resource_name: cpu2, ref_start_time: 73867670693533, ref_stop_time: 73867670771263, actual_exe_time: 77730, task_app_start_time:73865913473941, task_sched_time:73867670686213
app_id: 0, app_name: SAR_api-aarch64, task_id: 1856, task_name: DASH_FFT, resource_name: cpu3, ref_start_time: 73867671301003, ref_stop_time: 73867671352933, actual_exe_time: 51930, task_app_start_time:73865913473941, task_sched_time:73867671292513
app_id: 0, app_name: SAR_api-aarch64, task_id: 1857, task_name: DASH_ZIP, resource_name: zip1, ref_start_time: 73867672109504, ref_stop_time: 73867672227074, actual_exe_time: 117570, task_app_start_time:73865913473941, task_sched_time:73867672104734
app_id: 0, app_name: SAR_api-aarch64, task_id: 1858, task_name: DASH_FFT, resource_name: cpu1, ref_start_time: 73867672685894, ref_stop_time: 73867672726784, actual_exe_time: 40890, task_app_start_time:73865913473941, task_sched_time:73867672677944
app_id: 0, app_name: SAR_api-aarch64, task_id: 1859, task_name: DASH_ZIP, resource_name: cpu2, ref_start_time: 73867673498294, ref_stop_time: 73867673577194, actual_exe_time: 78900, task_app_start_time:73865913473941, task_sched_time:73867673491664
app_id: 0, app_name: SAR_api-aarch64, task_id: 1860, task_name: DASH_FFT, resource_name: cpu3, ref_start_time: 73867674115274, ref_stop_time: 73867674166994, actual_exe_time: 51720, task_app_start_time:73865913473941, task_sched_time:73867674103574
app_id: 0, app_name: SAR_api-aarch64, task_id: 1861, task_name: DASH_ZIP, resource_name: zip1, ref_start_time: 73867674861494, ref_stop_time: 73867674978914, actual_exe_time: 117420, task_app_start_time:73865913473941, task_sched_time:73867674849314
app_id: 0, app_name: SAR_api-aarch64, task_id: 1862, task_name: DASH_FFT, resource_name: cpu1, ref_start_time: 73867675420364, ref_stop_time: 73867675461554, actual_exe_time: 41190, task_app_start_time:73865913473941, task_sched_time:73867675410104
app_id: 0, app_name: SAR_api-aarch64, task_id: 1863, task_name: DASH_ZIP, resource_name: cpu2, ref_start_time: 73867675965074, ref_stop_time: 73867676043074, actual_exe_time: 78000, task_app_start_time:73865913473941, task_sched_time:73867675960934
app_id: 0, app_name: SAR_api-aarch64, task_id: 1864, task_name: DASH_FFT, resource_name: cpu3, ref_start_time: 73867676527364, ref_stop_time: 73867676579594, actual_exe_time: 52230, task_app_start_time:73865913473941, task_sched_time:73867676518094
app_id: 0, app_name: SAR_api-aarch64, task_id: 1865, task_name: DASH_ZIP, resource_name: zip1, ref_start_time: 73867677033974, ref_stop_time: 73867677150734, actual_exe_time: 116760, task_app_start_time:73865913473941, task_sched_time:73867676986664
app_id: 0, app_name: SAR_api-aarch64, task_id: 1866, task_name: DASH_FFT, resource_name: cpu1, ref_start_time: 73867677815414, ref_stop_time: 73867677856544, actual_exe_time: 41130, task_app_start_time:73865913473941, task_sched_time:73867677803234
app_id: 0, app_name: SAR_api-aarch64, task_id: 1867, task_name: DASH_ZIP, resource_name: cpu2, ref_start_time: 73867678450785, ref_stop_time: 73867678528605, actual_exe_time: 77820, task_app_start_time:73865913473941, task_sched_time:73867678442415
app_id: 0, app_name: SAR_api-aarch64, task_id: 1868, task_name: DASH_FFT, resource_name: cpu3, ref_start_time: 73867678865415, ref_stop_time: 73867678916415, actual_exe_time: 51000, task_app_start_time:73865913473941, task_sched_time:73867678823295
app_id: 0, app_name: SAR_api-aarch64, task_id: 1869, task_name: DASH_ZIP, resource_name: zip1, ref_start_time: 73867679719635, ref_stop_time: 73867679836935, actual_exe_time: 117300, task_app_start_time:73865913473941, task_sched_time:73867679677485
app_id: 0, app_name: SAR_api-aarch64, task_id: 1870, task_name: DASH_FFT, resource_name: cpu1, ref_start_time: 73867680152415, ref_stop_time: 73867680192915, actual_exe_time: 40500, task_app_start_time:73865913473941, task_sched_time:73867680139635
app_id: 0, app_name: SAR_api-aarch64, task_id: 1871, task_name: DASH_ZIP, resource_name: cpu2, ref_start_time: 73867680825075, ref_stop_time: 73867680902355, actual_exe_time: 77280, task_app_start_time:73865913473941, task_sched_time:73867680816345
app_id: 0, app_name: SAR_api-aarch64, task_id: 1872, task_name: DASH_FFT, resource_name: cpu3, ref_start_time: 73867681076595, ref_stop_time: 73867681129125, actual_exe_time: 52530, task_app_start_time:73865913473941, task_sched_time:73867681073265
app_id: 0, app_name: SAR_api-aarch64, task_id: 1873, task_name: DASH_ZIP, resource_name: zip1, ref_start_time: 73867681897095, ref_stop_time: 73867682015085, actual_exe_time: 117990, task_app_start_time:73865913473941, task_sched_time:73867681841325
app_id: 0, app_name: SAR_api-aarch64, task_id: 1874, task_name: DASH_FFT, resource_name: cpu1, ref_start_time: 73867682443605, ref_stop_time: 73867682485095, actual_exe_time: 41490, task_app_start_time:73865913473941, task_sched_time:73867682440275
app_id: 0, app_name: SAR_api-aarch64, task_id: 1875, task_name: DASH_ZIP, resource_name: cpu2, ref_start_time: 73867683000405, ref_stop_time: 73867683078045, actual_exe_time: 77640, task_app_start_time:73865913473941, task_sched_time:73867682995845
app_id: 0, app_name: SAR_api-aarch64, task_id: 1876, task_name: DASH_FFT, resource_name: cpu3, ref_start_time: 73867683507075, ref_stop_time: 73867683567705, actual_exe_time: 60630, task_app_start_time:73865913473941, task_sched_time:73867683446925
app_id: 0, app_name: SAR_api-aarch64, task_id: 1877, task_name: DASH_ZIP, resource_name: zip1, ref_start_time: 73867684156755, ref_stop_time: 73867684273545, actual_exe_time: 116790, task_app_start_time:73865913473941, task_sched_time:73867684153365
app_id: 0, app_name: SAR_api-aarch64, task_id: 1878, task_name: DASH_FFT, resource_name: cpu1, ref_start_time: 73867684719646, ref_stop_time: 73867684760536, actual_exe_time: 40890, task_app_start_time:73865913473941, task_sched_time:73867684709716
app_id: 0, app_name: SAR_api-aarch64, task_id: 1879, task_name: DASH_ZIP, resource_name: cpu2, ref_start_time: 73867684940416, ref_stop_time: 73867685017966, actual_exe_time: 77550, task_app_start_time:73865913473941, task_sched_time:73867684932436
app_id: 0, app_name: SAR_api-aarch64, task_id: 1880, task_name: DASH_FFT, resource_name: cpu3, ref_start_time: 73867685508616, ref_stop_time: 73867685560756, actual_exe_time: 52140, task_app_start_time:73865913473941, task_sched_time:73867685501476
app_id: 0, app_name: SAR_api-aarch64, task_id: 1881, task_name: DASH_ZIP, resource_name: zip1, ref_start_time: 73867686341956, ref_stop_time: 73867686458926, actual_exe_time: 116970, task_app_start_time:73865913473941, task_sched_time:73867686314176
app_id: 0, app_name: SAR_api-aarch64, task_id: 1882, task_name: DASH_FFT, resource_name: cpu1, ref_start_time: 73867687182256, ref_stop_time: 73867687223566, actual_exe_time: 41310, task_app_start_time:73865913473941, task_sched_time:73867687175836
app_id: 0, app_name: SAR_api-aarch64, task_id: 1883, task_name: DASH_ZIP, resource_name: cpu2, ref_start_time: 73867687739146, ref_stop_time: 73867687816996, actual_exe_time: 77850, task_app_start_time:73865913473941, task_sched_time:73867687729306
app_id: 0, app_name: SAR_api-aarch64, task_id: 1884, task_name: DASH_FFT, resource_name: cpu3, ref_start_time: 73867688172856, ref_stop_time: 73867688225086, actual_exe_time: 52230, task_app_start_time:73865913473941, task_sched_time:73867688169346
app_id: 0, app_name: SAR_api-aarch64, task_id: 1885, task_name: DASH_ZIP, resource_name: zip1, ref_start_time: 73867688857906, ref_stop_time: 73867688977216, actual_exe_time: 119310, task_app_start_time:73865913473941, task_sched_time:73867688800216
app_id: 0, app_name: SAR_api-aarch64, task_id: 1886, task_name: DASH_FFT, resource_name: cpu1, ref_start_time: 73867689361486, ref_stop_time: 73867689402706, actual_exe_time: 41220, task_app_start_time:73865913473941, task_sched_time:73867689359026
app_id: 0, app_name: SAR_api-aarch64, task_id: 1887, task_name: DASH_ZIP, resource_name: cpu2, ref_start_time: 73867689970426, ref_stop_time: 73867690047916, actual_exe_time: 77490, task_app_start_time:73865913473941, task_sched_time:73867689963406
app_id: 0, app_name: SAR_api-aarch64, task_id: 1888, task_name: DASH_FFT, resource_name: cpu3, ref_start_time: 73867690445626, ref_stop_time: 73867690498006, actual_exe_time: 52380, task_app_start_time:73865913473941, task_sched_time:73867690442386
app_id: 0, app_name: SAR_api-aarch64, task_id: 1889, task_name: DASH_ZIP, resource_name: zip1, ref_start_time: 73867690892207, ref_stop_time: 73867691009387, actual_exe_time: 117180, task_app_start_time:73865913473941, task_sched_time:73867690884137
app_id: 0, app_name: SAR_api-aarch64, task_id: 1890, task_name: DASH_FFT, resource_name: cpu1, ref_start_time: 73867691707427, ref_stop_time: 73867691747867, actual_exe_time: 40440, task_app_start_time:73865913473941, task_sched_time:73867691702057
app_id: 0, app_name: SAR_api-aarch64, task_id: 1891, task_name: DASH_ZIP, resource_name: cpu2, ref_start_time: 73867692196097, ref_stop_time: 73867692273767, actual_exe_time: 77670, task_app_start_time:73865913473941, task_sched_time:73867692189437
app_id: 0, app_name: SAR_api-aarch64, task_id: 1892, task_name: DASH_FFT, resource_name: cpu3, ref_start_time: 73867692649847, ref_stop_time: 73867692701327, actual_exe_time: 51480, task_app_start_time:73865913473941, task_sched_time:73867692644597
app_id: 0, app_name: SAR_api-aarch64, task_id: 1893, task_name: DASH_ZIP, resource_name: zip1, ref_start_time: 73867693354937, ref_stop_time: 73867693474667, actual_exe_time: 119730, task_app_start_time:73865913473941, task_sched_time:73867693338317
app_id: 0, app_name: SAR_api-aarch64, task_id: 1894, task_name: DASH_FFT, resource_name: cpu1, ref_start_time: 73867693958867, ref_stop_time: 73867693999847, actual_exe_time: 40980, task_app_start_time:73865913473941, task_sched_time:73867693953767
app_id: 0, app_name: SAR_api-aarch64, task_id: 1895, task_name: DASH_ZIP, resource_name: cpu2, ref_start_time: 73867694462027, ref_stop_time: 73867694539607, actual_exe_time: 77580, task_app_start_time:73865913473941, task_sched_time:73867694457197
app_id: 0, app_name: SAR_api-aarch64, task_id: 1896, task_name: DASH_FFT, resource_name: cpu3, ref_start_time: 73867694862377, ref_stop_time: 73867694923847, actual_exe_time: 61470, task_app_start_time:73865913473941, task_sched_time:73867694834057
app_id: 0, app_name: SAR_api-aarch64, task_id: 1897, task_name: DASH_ZIP, resource_name: zip1, ref_start_time: 73867695681167, ref_stop_time: 73867695797837, actual_exe_time: 116670, task_app_start_time:73865913473941, task_sched_time:73867695634367
app_id: 0, app_name: SAR_api-aarch64, task_id: 1898, task_name: DASH_FFT, resource_name: cpu1, ref_start_time: 73867696232177, ref_stop_time: 73867696273007, actual_exe_time: 40830, task_app_start_time:73865913473941, task_sched_time:73867696222667
app_id: 0, app_name: SAR_api-aarch64, task_id: 1899, task_name: DASH_ZIP, resource_name: cpu2, ref_start_time: 73867696860888, ref_stop_time: 73867696938708, actual_exe_time: 77820, task_app_start_time:73865913473941, task_sched_time:73867696855308
app_id: 0, app_name: SAR_api-aarch64, task_id: 1900, task_name: DASH_FFT, resource_name: cpu3, ref_start_time: 73867697342988, ref_stop_time: 73867697394288, actual_exe_time: 51300, task_app_start_time:73865913473941, task_sched_time:73867697334048
app_id: 0, app_name: SAR_api-aarch64, task_id: 1901, task_name: DASH_ZIP, resource_name: zip1, ref_start_time: 73867698259398, ref_stop_time: 73867698376368, actual_exe_time: 116970, task_app_start_time:73865913473941, task_sched_time:73867698255948
app_id: 0, app_name: SAR_api-aarch64, task_id: 1902, task_name: DASH_FFT, resource_name: cpu1, ref_start_time: 73867698786738, ref_stop_time: 73867698828048, actual_exe_time: 41310, task_app_start_time:73865913473941, task_sched_time:73867698783408
app_id: 0, app_name: SAR_api-aarch64, task_id: 1903, task_name: DASH_ZIP, resource_name: cpu2, ref_start_time: 73867699458738, ref_stop_time: 73867699536648, actual_exe_time: 77910, task_app_start_time:73865913473941, task_sched_time:73867699449798
app_id: 0, app_name: SAR_api-aarch64, task_id: 1904, task_name: DASH_FFT, resource_name: cpu3, ref_start_time: 73867699814628, ref_stop_time: 73867699866378, actual_exe_time: 51750, task_app_start_time:73865913473941, task_sched_time:73867699760478
app_id: 0, app_name: SAR_api-aarch64, task_id: 1905, task_name: DASH_ZIP, resource_name: zip1, ref_start_time: 73867700773698, ref_stop_time: 73867700890458, actual_exe_time: 116760, task_app_start_time:73865913473941, task_sched_time:73867700770428
app_id: 0, app_name: SAR_api-aarch64, task_id: 1906, task_name: DASH_FFT, resource_name: cpu1, ref_start_time: 73867701532218, ref_stop_time: 73867701573378, actual_exe_time: 41160, task_app_start_time:73865913473941, task_sched_time:73867701525438
app_id: 0, app_name: SAR_api-aarch64, task_id: 1907, task_name: DASH_ZIP, resource_name: cpu2, ref_start_time: 73867702166328, ref_stop_time: 73867702243998, actual_exe_time: 77670, task_app_start_time:73865913473941, task_sched_time:73867702159608
app_id: 0, app_name: SAR_api-aarch64, task_id: 1908, task_name: DASH_FFT, resource_name: cpu3, ref_start_time: 73867702503168, ref_stop_time: 73867702555098, actual_exe_time: 51930, task_app_start_time:73865913473941, task_sched_time:73867702483638
app_id: 0, app_name: SAR_api-aarch64, task_id: 1909, task_name: DASH_ZIP, resource_name: zip1, ref_start_time: 73867703335849, ref_stop_time: 73867703455609, actual_exe_time: 119760, task_app_start_time:73865913473941, task_sched_time:73867703292199
app_id: 0, app_name: SAR_api-aarch64, task_id: 1910, task_name: DASH_FFT, resource_name: cpu1, ref_start_time: 73867703899879, ref_stop_time: 73867703940589, actual_exe_time: 40710, task_app_start_time:73865913473941, task_sched_time:73867703888449
app_id: 0, app_name: SAR_api-aarch64, task_id: 1911, task_name: DASH_ZIP, resource_name: cpu2, ref_start_time: 73867704453169, ref_stop_time: 73867704530389, actual_exe_time: 77220, task_app_start_time:73865913473941, task_sched_time:73867704444649
app_id: 0, app_name: SAR_api-aarch64, task_id: 1912, task_name: DASH_FFT, resource_name: cpu3, ref_start_time: 73867704887479, ref_stop_time: 73867704939589, actual_exe_time: 52110, task_app_start_time:73865913473941, task_sched_time:73867704877309
app_id: 0, app_name: SAR_api-aarch64, task_id: 1913, task_name: DASH_ZIP, resource_name: zip1, ref_start_time: 73867705573039, ref_stop_time: 73867705690849, actual_exe_time: 117810, task_app_start_time:73865913473941, task_sched_time:73867705549009
app_id: 0, app_name: SAR_api-aarch64, task_id: 1914, task_name: DASH_FFT, resource_name: cpu1, ref_start_time: 73867706123239, ref_stop_time: 73867706164549, actual_exe_time: 41310, task_app_start_time:73865913473941, task_sched_time:73867706116399
app_id: 0, app_name: SAR_api-aarch64, task_id: 1915, task_name: DASH_ZIP, resource_name: cpu2, ref_start_time: 73867706603389, ref_stop_time: 73867706681449, actual_exe_time: 78060, task_app_start_time:73865913473941, task_sched_time:73867706594119
app_id: 0, app_name: SAR_api-aarch64, task_id: 1916, task_name: DASH_FFT, resource_name: cpu3, ref_start_time: 73867707423919, ref_stop_time: 73867707475369, actual_exe_time: 51450, task_app_start_time:73865913473941, task_sched_time:73867707410629
app_id: 0, app_name: SAR_api-aarch64, task_id: 1917, task_name: DASH_ZIP, resource_name: zip1, ref_start_time: 73867708104139, ref_stop_time: 73867708221409, actual_exe_time: 117270, task_app_start_time:73865913473941, task_sched_time:73867708065409
app_id: 0, app_name: SAR_api-aarch64, task_id: 1918, task_name: DASH_FFT, resource_name: cpu1, ref_start_time: 73867708735249, ref_stop_time: 73867708775689, actual_exe_time: 40440, task_app_start_time:73865913473941, task_sched_time:73867708731109
app_id: 0, app_name: SAR_api-aarch64, task_id: 1919, task_name: DASH_ZIP, resource_name: cpu2, ref_start_time: 73867709212460, ref_stop_time: 73867709289890, actual_exe_time: 77430, task_app_start_time:73865913473941, task_sched_time:73867709203880
app_id: 0, app_name: SAR_api-aarch64, task_id: 1920, task_name: DASH_FFT, resource_name: cpu3, ref_start_time: 73867709703320, ref_stop_time: 73867709754440, actual_exe_time: 51120, task_app_start_time:73865913473941, task_sched_time:73867709700710
app_id: 0, app_name: SAR_api-aarch64, task_id: 1921, task_name: DASH_ZIP, resource_name: zip1, ref_start_time: 73867710482270, ref_stop_time: 73867710600620, actual_exe_time: 118350, task_app_start_time:73865913473941, task_sched_time:73867710469280
app_id: 0, app_name: SAR_api-aarch64, task_id: 1922, task_name: DASH_FFT, resource_name: cpu1, ref_start_time: 73867711170350, ref_stop_time: 73867711211240, actual_exe_time: 40890, task_app_start_time:73865913473941, task_sched_time:73867711165940
app_id: 0, app_name: SAR_api-aarch64, task_id: 1923, task_name: DASH_ZIP, resource_name: cpu2, ref_start_time: 73867711719140, ref_stop_time: 73867711796930, actual_exe_time: 77790, task_app_start_time:73865913473941, task_sched_time:73867711712600
app_id: 0, app_name: SAR_api-aarch64, task_id: 1924, task_name: DASH_FFT, resource_name: cpu3, ref_start_time: 73867712205320, ref_stop_time: 73867712257100, actual_exe_time: 51780, task_app_start_time:73865913473941, task_sched_time:73867712199350
app_id: 0, app_name: SAR_api-aarch64, task_id: 1925, task_name: DASH_ZIP, resource_name: zip1, ref_start_time: 73867713049220, ref_stop_time: 73867713166220, actual_exe_time: 117000, task_app_start_time:73865913473941, task_sched_time:73867713044900
app_id: 0, app_name: SAR_api-aarch64, task_id: 1926, task_name: DASH_FFT, resource_name: cpu1, ref_start_time: 73867713716330, ref_stop_time: 73867713757310, actual_exe_time: 40980, task_app_start_time:73865913473941, task_sched_time:73867713702950
app_id: 0, app_name: SAR_api-aarch64, task_id: 1927, task_name: DASH_ZIP, resource_name: cpu2, ref_start_time: 73867714175900, ref_stop_time: 73867714254530, actual_exe_time: 78630, task_app_start_time:73865913473941, task_sched_time:73867714172150
app_id: 0, app_name: SAR_api-aarch64, task_id: 1928, task_name: DASH_FFT, resource_name: cpu3, ref_start_time: 73867714880570, ref_stop_time: 73867714932650, actual_exe_time: 52080, task_app_start_time:73865913473941, task_sched_time:73867714870610
app_id: 0, app_name: SAR_api-aarch64, task_id: 1929, task_name: DASH_ZIP, resource_name: zip1, ref_start_time: 73867715561481, ref_stop_time: 73867715678661, actual_exe_time: 117180, task_app_start_time:73865913473941, task_sched_time:73867715516511
app_id: 0, app_name: SAR_api-aarch64, task_id: 1930, task_name: DASH_FFT, resource_name: cpu1, ref_start_time: 73867716193041, ref_stop_time: 73867716233871, actual_exe_time: 40830, task_app_start_time:73865913473941, task_sched_time:73867716182541
app_id: 0, app_name: SAR_api-aarch64, task_id: 1931, task_name: DASH_ZIP, resource_name: cpu2, ref_start_time: 73867716696801, ref_stop_time: 73867716775191, actual_exe_time: 78390, task_app_start_time:73865913473941, task_sched_time:73867716688851
app_id: 0, app_name: SAR_api-aarch64, task_id: 1932, task_name: DASH_FFT, resource_name: cpu3, ref_start_time: 73867717191501, ref_stop_time: 73867717242801, actual_exe_time: 51300, task_app_start_time:73865913473941, task_sched_time:73867717179081
app_id: 0, app_name: SAR_api-aarch64, task_id: 1933, task_name: DASH_ZIP, resource_name: zip1, ref_start_time: 73867718088891, ref_stop_time: 73867718207091, actual_exe_time: 118200, task_app_start_time:73865913473941, task_sched_time:73867718085051
app_id: 0, app_name: SAR_api-aarch64, task_id: 1934, task_name: DASH_FFT, resource_name: cpu1, ref_start_time: 73867718656491, ref_stop_time: 73867718697471, actual_exe_time: 40980, task_app_start_time:73865913473941, task_sched_time:73867718645991
app_id: 0, app_name: SAR_api-aarch64, task_id: 1935, task_name: DASH_ZIP, resource_name: cpu2, ref_start_time: 73867719222711, ref_stop_time: 73867719301191, actual_exe_time: 78480, task_app_start_time:73865913473941, task_sched_time:73867719217101
app_id: 0, app_name: SAR_api-aarch64, task_id: 1936, task_name: DASH_FFT, resource_name: cpu3, ref_start_time: 73867719757221, ref_stop_time: 73867719809271, actual_exe_time: 52050, task_app_start_time:73865913473941, task_sched_time:73867719754311
app_id: 0, app_name: SAR_api-aarch64, task_id: 1937, task_name: DASH_ZIP, resource_name: zip1, ref_start_time: 73867720224081, ref_stop_time: 73867720341501, actual_exe_time: 117420, task_app_start_time:73865913473941, task_sched_time:73867720218681
app_id: 0, app_name: SAR_api-aarch64, task_id: 1938, task_name: DASH_FFT, resource_name: cpu1, ref_start_time: 73867721024121, ref_stop_time: 73867721064741, actual_exe_time: 40620, task_app_start_time:73865913473941, task_sched_time:73867721016021
app_id: 0, app_name: SAR_api-aarch64, task_id: 1939, task_name: DASH_ZIP, resource_name: cpu2, ref_start_time: 73867721838802, ref_stop_time: 73867721916262, actual_exe_time: 77460, task_app_start_time:73865913473941, task_sched_time:73867721835022
app_id: 0, app_name: SAR_api-aarch64, task_id: 1940, task_name: DASH_FFT, resource_name: cpu3, ref_start_time: 73867722337342, ref_stop_time: 73867722389482, actual_exe_time: 52140, task_app_start_time:73865913473941, task_sched_time:73867722330532
app_id: 0, app_name: SAR_api-aarch64, task_id: 1941, task_name: DASH_ZIP, resource_name: zip1, ref_start_time: 73867723143142, ref_stop_time: 73867723261462, actual_exe_time: 118320, task_app_start_time:73865913473941, task_sched_time:73867723139992
app_id: 0, app_name: SAR_api-aarch64, task_id: 1942, task_name: DASH_FFT, resource_name: cpu1, ref_start_time: 73867723712932, ref_stop_time: 73867723753882, actual_exe_time: 40950, task_app_start_time:73865913473941, task_sched_time:73867723706452
app_id: 0, app_name: SAR_api-aarch64, task_id: 1943, task_name: DASH_ZIP, resource_name: cpu2, ref_start_time: 73867724255722, ref_stop_time: 73867724333422, actual_exe_time: 77700, task_app_start_time:73865913473941, task_sched_time:73867724252182
app_id: 0, app_name: SAR_api-aarch64, task_id: 1944, task_name: DASH_FFT, resource_name: cpu3, ref_start_time: 73867724734072, ref_stop_time: 73867724786392, actual_exe_time: 52320, task_app_start_time:73865913473941, task_sched_time:73867724679772
app_id: 0, app_name: SAR_api-aarch64, task_id: 1945, task_name: DASH_ZIP, resource_name: zip1, ref_start_time: 73867725499882, ref_stop_time: 73867725617122, actual_exe_time: 117240, task_app_start_time:73865913473941, task_sched_time:73867725464542
app_id: 0, app_name: SAR_api-aarch64, task_id: 1946, task_name: DASH_FFT, resource_name: cpu1, ref_start_time: 73867725938662, ref_stop_time: 73867725979492, actual_exe_time: 40830, task_app_start_time:73865913473941, task_sched_time:73867725935962
app_id: 0, app_name: SAR_api-aarch64, task_id: 1947, task_name: DASH_ZIP, resource_name: cpu2, ref_start_time: 73867726659082, ref_stop_time: 73867726737262, actual_exe_time: 78180, task_app_start_time:73865913473941, task_sched_time:73867726655482
app_id: 0, app_name: SAR_api-aarch64, task_id: 1948, task_name: DASH_FFT, resource_name: cpu3, ref_start_time: 73867727131582, ref_stop_time: 73867727182762, actual_exe_time: 51180, task_app_start_time:73865913473941, task_sched_time:73867727124682
app_id: 0, app_name: SAR_api-aarch64, task_id: 1949, task_name: DASH_ZIP, resource_name: zip1, ref_start_time: 73867727979713, ref_stop_time: 73867728096803, actual_exe_time: 117090, task_app_start_time:73865913473941, task_sched_time:73867727976923
app_id: 0, app_name: SAR_api-aarch64, task_id: 1950, task_name: DASH_FFT, resource_name: cpu1, ref_start_time: 73867728594353, ref_stop_time: 73867728634913, actual_exe_time: 40560, task_app_start_time:73865913473941, task_sched_time:73867728583193
app_id: 0, app_name: SAR_api-aarch64, task_id: 1951, task_name: DASH_ZIP, resource_name: cpu2, ref_start_time: 73867729496693, ref_stop_time: 73867729574033, actual_exe_time: 77340, task_app_start_time:73865913473941, task_sched_time:73867729492313
app_id: 0, app_name: SAR_api-aarch64, task_id: 1952, task_name: DASH_FFT, resource_name: cpu3, ref_start_time: 73867729897223, ref_stop_time: 73867729950053, actual_exe_time: 52830, task_app_start_time:73865913473941, task_sched_time:73867729886993
app_id: 0, app_name: SAR_api-aarch64, task_id: 1953, task_name: DASH_ZIP, resource_name: zip1, ref_start_time: 73867730591123, ref_stop_time: 73867730711183, actual_exe_time: 120060, task_app_start_time:73865913473941, task_sched_time:73867730541323
app_id: 0, app_name: SAR_api-aarch64, task_id: 1954, task_name: DASH_FFT, resource_name: cpu1, ref_start_time: 73867731057593, ref_stop_time: 73867731098363, actual_exe_time: 40770, task_app_start_time:73865913473941, task_sched_time:73867731049343
app_id: 0, app_name: SAR_api-aarch64, task_id: 1955, task_name: DASH_ZIP, resource_name: cpu2, ref_start_time: 73867731734273, ref_stop_time: 73867731811913, actual_exe_time: 77640, task_app_start_time:73865913473941, task_sched_time:73867731731303
app_id: 0, app_name: SAR_api-aarch64, task_id: 1956, task_name: DASH_FFT, resource_name: cpu3, ref_start_time: 73867732181363, ref_stop_time: 73867732241963, actual_exe_time: 60600, task_app_start_time:73865913473941, task_sched_time:73867732177703
app_id: 0, app_name: SAR_api-aarch64, task_id: 1957, task_name: DASH_ZIP, resource_name: zip1, ref_start_time: 73867732874183, ref_stop_time: 73867732991213, actual_exe_time: 117030, task_app_start_time:73865913473941, task_sched_time:73867732858403
app_id: 0, app_name: SAR_api-aarch64, task_id: 1958, task_name: DASH_FFT, resource_name: cpu1, ref_start_time: 73867733495003, ref_stop_time: 73867733536283, actual_exe_time: 41280, task_app_start_time:73865913473941, task_sched_time:73867733489903
app_id: 0, app_name: SAR_api-aarch64, task_id: 1959, task_name: DASH_ZIP, resource_name: cpu2, ref_start_time: 73867733982713, ref_stop_time: 73867734060564, actual_exe_time: 77851, task_app_start_time:73865913473941, task_sched_time:73867733973953
app_id: 0, app_name: SAR_api-aarch64, task_id: 1960, task_name: DASH_FFT, resource_name: cpu3, ref_start_time: 73867734465444, ref_stop_time: 73867734518484, actual_exe_time: 53040, task_app_start_time:73865913473941, task_sched_time:73867734456564
app_id: 0, app_name: SAR_api-aarch64, task_id: 1961, task_name: DASH_ZIP, resource_name: zip1, ref_start_time: 73867734975204, ref_stop_time: 73867735092744, actual_exe_time: 117540, task_app_start_time:73865913473941, task_sched_time:73867734972294
app_id: 0, app_name: SAR_api-aarch64, task_id: 1962, task_name: DASH_FFT, resource_name: cpu1, ref_start_time: 73867735762224, ref_stop_time: 73867735803324, actual_exe_time: 41100, task_app_start_time:73865913473941, task_sched_time:73867735754274
app_id: 0, app_name: SAR_api-aarch64, task_id: 1963, task_name: DASH_ZIP, resource_name: cpu2, ref_start_time: 73867736432094, ref_stop_time: 73867736509884, actual_exe_time: 77790, task_app_start_time:73865913473941, task_sched_time:73867736422884
app_id: 0, app_name: SAR_api-aarch64, task_id: 1964, task_name: DASH_FFT, resource_name: cpu3, ref_start_time: 73867736911134, ref_stop_time: 73867736963214, actual_exe_time: 52080, task_app_start_time:73865913473941, task_sched_time:73867736907804
app_id: 0, app_name: SAR_api-aarch64, task_id: 1965, task_name: DASH_ZIP, resource_name: zip1, ref_start_time: 73867737875334, ref_stop_time: 73867737993954, actual_exe_time: 118620, task_app_start_time:73865913473941, task_sched_time:73867737866094
app_id: 0, app_name: SAR_api-aarch64, task_id: 1966, task_name: DASH_FFT, resource_name: cpu1, ref_start_time: 73867738426914, ref_stop_time: 73867738468404, actual_exe_time: 41490, task_app_start_time:73865913473941, task_sched_time:73867738419564
app_id: 0, app_name: SAR_api-aarch64, task_id: 1967, task_name: DASH_ZIP, resource_name: cpu2, ref_start_time: 73867738927674, ref_stop_time: 73867739005254, actual_exe_time: 77580, task_app_start_time:73865913473941, task_sched_time:73867738924974
app_id: 0, app_name: SAR_api-aarch64, task_id: 1968, task_name: DASH_FFT, resource_name: cpu3, ref_start_time: 73867739420364, ref_stop_time: 73867739472624, actual_exe_time: 52260, task_app_start_time:73865913473941, task_sched_time:73867739408184
app_id: 0, app_name: SAR_api-aarch64, task_id: 1969, task_name: DASH_ZIP, resource_name: zip1, ref_start_time: 73867739943864, ref_stop_time: 73867740060954, actual_exe_time: 117090, task_app_start_time:73865913473941, task_sched_time:73867739888904
app_id: 0, app_name: SAR_api-aarch64, task_id: 1970, task_name: DASH_FFT, resource_name: cpu1, ref_start_time: 73867740590335, ref_stop_time: 73867740631255, actual_exe_time: 40920, task_app_start_time:73865913473941, task_sched_time:73867740584125
app_id: 0, app_name: SAR_api-aarch64, task_id: 1971, task_name: DASH_ZIP, resource_name: cpu2, ref_start_time: 73867740974665, ref_stop_time: 73867741052905, actual_exe_time: 78240, task_app_start_time:73865913473941, task_sched_time:73867740967285
app_id: 0, app_name: SAR_api-aarch64, task_id: 1972, task_name: DASH_FFT, resource_name: cpu3, ref_start_time: 73867741867765, ref_stop_time: 73867741918975, actual_exe_time: 51210, task_app_start_time:73865913473941, task_sched_time:73867741864015
app_id: 0, app_name: SAR_api-aarch64, task_id: 1973, task_name: DASH_ZIP, resource_name: zip1, ref_start_time: 73867742542105, ref_stop_time: 73867742661085, actual_exe_time: 118980, task_app_start_time:73865913473941, task_sched_time:73867742490175
app_id: 0, app_name: SAR_api-aarch64, task_id: 1974, task_name: DASH_FFT, resource_name: cpu1, ref_start_time: 73867743213325, ref_stop_time: 73867743254275, actual_exe_time: 40950, task_app_start_time:73865913473941, task_sched_time:73867743202255
app_id: 0, app_name: SAR_api-aarch64, task_id: 1975, task_name: DASH_ZIP, resource_name: cpu2, ref_start_time: 73867743761035, ref_stop_time: 73867743838405, actual_exe_time: 77370, task_app_start_time:73865913473941, task_sched_time:73867743754045
app_id: 0, app_name: SAR_api-aarch64, task_id: 1976, task_name: DASH_FFT, resource_name: cpu3, ref_start_time: 73867744260985, ref_stop_time: 73867744312105, actual_exe_time: 51120, task_app_start_time:73865913473941, task_sched_time:73867744239475
app_id: 0, app_name: SAR_api-aarch64, task_id: 1977, task_name: DASH_ZIP, resource_name: zip1, ref_start_time: 73867745139175, ref_stop_time: 73867745257225, actual_exe_time: 118050, task_app_start_time:73865913473941, task_sched_time:73867745051065
app_id: 0, app_name: SAR_api-aarch64, task_id: 1978, task_name: DASH_FFT, resource_name: cpu1, ref_start_time: 73867745598685, ref_stop_time: 73867745639785, actual_exe_time: 41100, task_app_start_time:73865913473941, task_sched_time:73867745593465
app_id: 0, app_name: SAR_api-aarch64, task_id: 1979, task_name: DASH_ZIP, resource_name: cpu2, ref_start_time: 73867746223855, ref_stop_time: 73867746302995, actual_exe_time: 79140, task_app_start_time:73865913473941, task_sched_time:73867746214435
app_id: 0, app_name: SAR_api-aarch64, task_id: 1980, task_name: DASH_FFT, resource_name: cpu3, ref_start_time: 73867746699746, ref_stop_time: 73867746752186, actual_exe_time: 52440, task_app_start_time:73865913473941, task_sched_time:73867746636086
app_id: 0, app_name: SAR_api-aarch64, task_id: 1981, task_name: DASH_ZIP, resource_name: zip1, ref_start_time: 73867747492736, ref_stop_time: 73867747631336, actual_exe_time: 138600, task_app_start_time:73865913473941, task_sched_time:73867747439306
app_id: 0, app_name: SAR_api-aarch64, task_id: 1982, task_name: DASH_FFT, resource_name: cpu1, ref_start_time: 73867748075066, ref_stop_time: 73867748115536, actual_exe_time: 40470, task_app_start_time:73865913473941, task_sched_time:73867748066516
app_id: 0, app_name: SAR_api-aarch64, task_id: 1983, task_name: DASH_ZIP, resource_name: cpu2, ref_start_time: 73867748637926, ref_stop_time: 73867748715656, actual_exe_time: 77730, task_app_start_time:73865913473941, task_sched_time:73867748628086
app_id: 0, app_name: SAR_api-aarch64, task_id: 1984, task_name: DASH_FFT, resource_name: cpu3, ref_start_time: 73867749436496, ref_stop_time: 73867749487646, actual_exe_time: 51150, task_app_start_time:73865913473941, task_sched_time:73867749426596
app_id: 0, app_name: SAR_api-aarch64, task_id: 1985, task_name: DASH_ZIP, resource_name: zip1, ref_start_time: 73867750241396, ref_stop_time: 73867750359626, actual_exe_time: 118230, task_app_start_time:73865913473941, task_sched_time:73867750235006
app_id: 0, app_name: SAR_api-aarch64, task_id: 1986, task_name: DASH_FFT, resource_name: cpu1, ref_start_time: 73867750807286, ref_stop_time: 73867750847996, actual_exe_time: 40710, task_app_start_time:73865913473941, task_sched_time:73867750803206
app_id: 0, app_name: SAR_api-aarch64, task_id: 1987, task_name: DASH_ZIP, resource_name: cpu2, ref_start_time: 73867751347766, ref_stop_time: 73867751425376, actual_exe_time: 77610, task_app_start_time:73865913473941, task_sched_time:73867751343776
app_id: 0, app_name: SAR_api-aarch64, task_id: 1988, task_name: DASH_FFT, resource_name: cpu3, ref_start_time: 73867751712386, ref_stop_time: 73867751763686, actual_exe_time: 51300, task_app_start_time:73865913473941, task_sched_time:73867751691746
app_id: 0, app_name: SAR_api-aarch64, task_id: 1989, task_name: DASH_ZIP, resource_name: zip1, ref_start_time: 73867752531416, ref_stop_time: 73867752648296, actual_exe_time: 116880, task_app_start_time:73865913473941, task_sched_time:73867752494246
app_id: 0, app_name: SAR_api-aarch64, task_id: 1990, task_name: DASH_FFT, resource_name: cpu1, ref_start_time: 73867753024617, ref_stop_time: 73867753065207, actual_exe_time: 40590, task_app_start_time:73865913473941, task_sched_time:73867753011447
app_id: 0, app_name: SAR_api-aarch64, task_id: 1991, task_name: DASH_ZIP, resource_name: cpu2, ref_start_time: 73867753704387, ref_stop_time: 73867753782057, actual_exe_time: 77670, task_app_start_time:73865913473941, task_sched_time:73867753701627
app_id: 0, app_name: SAR_api-aarch64, task_id: 1992, task_name: DASH_FFT, resource_name: cpu3, ref_start_time: 73867754188197, ref_stop_time: 73867754245647, actual_exe_time: 57450, task_app_start_time:73865913473941, task_sched_time:73867754178057
app_id: 0, app_name: SAR_api-aarch64, task_id: 1993, task_name: DASH_ZIP, resource_name: zip1, ref_start_time: 73867754971707, ref_stop_time: 73867755088857, actual_exe_time: 117150, task_app_start_time:73865913473941, task_sched_time:73867754961957
app_id: 0, app_name: SAR_api-aarch64, task_id: 1994, task_name: DASH_FFT, resource_name: cpu1, ref_start_time: 73867755534447, ref_stop_time: 73867755575187, actual_exe_time: 40740, task_app_start_time:73865913473941, task_sched_time:73867755522597
app_id: 0, app_name: SAR_api-aarch64, task_id: 1995, task_name: DASH_ZIP, resource_name: cpu2, ref_start_time: 73867756119957, ref_stop_time: 73867756198617, actual_exe_time: 78660, task_app_start_time:73865913473941, task_sched_time:73867756115817
app_id: 0, app_name: SAR_api-aarch64, task_id: 1996, task_name: DASH_FFT, resource_name: cpu3, ref_start_time: 73867756683717, ref_stop_time: 73867756735317, actual_exe_time: 51600, task_app_start_time:73865913473941, task_sched_time:73867756675917
app_id: 0, app_name: SAR_api-aarch64, task_id: 1997, task_name: DASH_ZIP, resource_name: zip1, ref_start_time: 73867757245257, ref_stop_time: 73867757363337, actual_exe_time: 118080, task_app_start_time:73865913473941, task_sched_time:73867757240847
app_id: 0, app_name: SAR_api-aarch64, task_id: 1998, task_name: DASH_FFT, resource_name: cpu1, ref_start_time: 73867758009897, ref_stop_time: 73867758050877, actual_exe_time: 40980, task_app_start_time:73865913473941, task_sched_time:73867758006987
app_id: 0, app_name: SAR_api-aarch64, task_id: 1999, task_name: DASH_ZIP, resource_name: cpu2, ref_start_time: 73867758594447, ref_stop_time: 73867758672807, actual_exe_time: 78360, task_app_start_time:73865913473941, task_sched_time:73867758586047
app_id: 0, app_name: SAR_api-aarch64, task_id: 2000, task_name: DASH_FFT, resource_name: cpu3, ref_start_time: 73867759081108, ref_stop_time: 73867759132288, actual_exe_time: 51180, task_app_start_time:73865913473941, task_sched_time:73867759077118
app_id: 0, app_name: SAR_api-aarch64, task_id: 2001, task_name: DASH_ZIP, resource_name: zip1, ref_start_time: 73867759896148, ref_stop_time: 73867760015608, actual_exe_time: 119460, task_app_start_time:73865913473941, task_sched_time:73867759887958
app_id: 0, app_name: SAR_api-aarch64, task_id: 2002, task_name: DASH_FFT, resource_name: cpu1, ref_start_time: 73867760432788, ref_stop_time: 73867760473438, actual_exe_time: 40650, task_app_start_time:73865913473941, task_sched_time:73867760425618
app_id: 0, app_name: SAR_api-aarch64, task_id: 2003, task_name: DASH_ZIP, resource_name: cpu2, ref_start_time: 73867760993938, ref_stop_time: 73867761071218, actual_exe_time: 77280, task_app_start_time:73865913473941, task_sched_time:73867760986558
app_id: 0, app_name: SAR_api-aarch64, task_id: 2004, task_name: DASH_FFT, resource_name: cpu3, ref_start_time: 73867761472108, ref_stop_time: 73867761524338, actual_exe_time: 52230, task_app_start_time:73865913473941, task_sched_time:73867761447238
app_id: 0, app_name: SAR_api-aarch64, task_id: 2005, task_name: DASH_ZIP, resource_name: zip1, ref_start_time: 73867762187308, ref_stop_time: 73867762304308, actual_exe_time: 117000, task_app_start_time:73865913473941, task_sched_time:73867762148158
app_id: 0, app_name: SAR_api-aarch64, task_id: 2006, task_name: DASH_FFT, resource_name: cpu1, ref_start_time: 73867762897888, ref_stop_time: 73867762938898, actual_exe_time: 41010, task_app_start_time:73865913473941, task_sched_time:73867762889878
app_id: 0, app_name: SAR_api-aarch64, task_id: 2007, task_name: DASH_ZIP, resource_name: cpu2, ref_start_time: 73867763704168, ref_stop_time: 73867763782048, actual_exe_time: 77880, task_app_start_time:73865913473941, task_sched_time:73867763697928
app_id: 0, app_name: SAR_api-aarch64, task_id: 2008, task_name: DASH_FFT, resource_name: cpu3, ref_start_time: 73867764280918, ref_stop_time: 73867764333838, actual_exe_time: 52920, task_app_start_time:73865913473941, task_sched_time:73867764273808
app_id: 0, app_name: SAR_api-aarch64, task_id: 2009, task_name: DASH_ZIP, resource_name: zip1, ref_start_time: 73867765061638, ref_stop_time: 73867765180769, actual_exe_time: 119131, task_app_start_time:73865913473941, task_sched_time:73867765052878
app_id: 0, app_name: SAR_api-aarch64, task_id: 2010, task_name: DASH_FFT, resource_name: cpu1, ref_start_time: 73867765732409, ref_stop_time: 73867765773179, actual_exe_time: 40770, task_app_start_time:73865913473941, task_sched_time:73867765722389
app_id: 0, app_name: SAR_api-aarch64, task_id: 2011, task_name: DASH_ZIP, resource_name: cpu2, ref_start_time: 73867766201939, ref_stop_time: 73867766279609, actual_exe_time: 77670, task_app_start_time:73865913473941, task_sched_time:73867766194109
app_id: 0, app_name: SAR_api-aarch64, task_id: 2012, task_name: DASH_FFT, resource_name: cpu3, ref_start_time: 73867766704199, ref_stop_time: 73867766755799, actual_exe_time: 51600, task_app_start_time:73865913473941, task_sched_time:73867766695079
app_id: 0, app_name: SAR_api-aarch64, task_id: 2013, task_name: DASH_ZIP, resource_name: zip1, ref_start_time: 73867767341819, ref_stop_time: 73867767459119, actual_exe_time: 117300, task_app_start_time:73865913473941, task_sched_time:73867767338039
app_id: 0, app_name: SAR_api-aarch64, task_id: 2014, task_name: DASH_FFT, resource_name: cpu1, ref_start_time: 73867768093979, ref_stop_time: 73867768134689, actual_exe_time: 40710, task_app_start_time:73865913473941, task_sched_time:73867768089569
app_id: 0, app_name: SAR_api-aarch64, task_id: 2015, task_name: DASH_ZIP, resource_name: cpu2, ref_start_time: 73867768325819, ref_stop_time: 73867768403159, actual_exe_time: 77340, task_app_start_time:73865913473941, task_sched_time:73867768317209
app_id: 0, app_name: SAR_api-aarch64, task_id: 2016, task_name: DASH_FFT, resource_name: cpu3, ref_start_time: 73867769018129, ref_stop_time: 73867769078069, actual_exe_time: 59940, task_app_start_time:73865913473941, task_sched_time:73867769008469
app_id: 0, app_name: SAR_api-aarch64, task_id: 2017, task_name: DASH_ZIP, resource_name: zip1, ref_start_time: 73867769993069, ref_stop_time: 73867770110249, actual_exe_time: 117180, task_app_start_time:73865913473941, task_sched_time:73867769990219
app_id: 0, app_name: SAR_api-aarch64, task_id: 2018, task_name: DASH_FFT, resource_name: cpu1, ref_start_time: 73867770740399, ref_stop_time: 73867770781349, actual_exe_time: 40950, task_app_start_time:73865913473941, task_sched_time:73867770732389
app_id: 0, app_name: SAR_api-aarch64, task_id: 2019, task_name: DASH_ZIP, resource_name: cpu2, ref_start_time: 73867771245329, ref_stop_time: 73867771322190, actual_exe_time: 76861, task_app_start_time:73865913473941, task_sched_time:73867771237319
app_id: 0, app_name: SAR_api-aarch64, task_id: 2020, task_name: DASH_FFT, resource_name: cpu3, ref_start_time: 73867771720980, ref_stop_time: 73867771773660, actual_exe_time: 52680, task_app_start_time:73865913473941, task_sched_time:73867771700130
app_id: 0, app_name: SAR_api-aarch64, task_id: 2021, task_name: DASH_ZIP, resource_name: zip1, ref_start_time: 73867772512350, ref_stop_time: 73867772629380, actual_exe_time: 117030, task_app_start_time:73865913473941, task_sched_time:73867772491380
app_id: 0, app_name: SAR_api-aarch64, task_id: 2022, task_name: DASH_FFT, resource_name: cpu1, ref_start_time: 73867773062460, ref_stop_time: 73867773102960, actual_exe_time: 40500, task_app_start_time:73865913473941, task_sched_time:73867773054810
app_id: 0, app_name: SAR_api-aarch64, task_id: 2023, task_name: DASH_ZIP, resource_name: cpu2, ref_start_time: 73867773522840, ref_stop_time: 73867773600960, actual_exe_time: 78120, task_app_start_time:73865913473941, task_sched_time:73867773519330
app_id: 0, app_name: SAR_api-aarch64, task_id: 2024, task_name: DASH_FFT, resource_name: cpu3, ref_start_time: 73867774067700, ref_stop_time: 73867774119480, actual_exe_time: 51780, task_app_start_time:73865913473941, task_sched_time:73867774059690
app_id: 0, app_name: SAR_api-aarch64, task_id: 2025, task_name: DASH_ZIP, resource_name: zip1, ref_start_time: 73867774619430, ref_stop_time: 73867774736460, actual_exe_time: 117030, task_app_start_time:73865913473941, task_sched_time:73867774613010
app_id: 0, app_name: SAR_api-aarch64, task_id: 2026, task_name: DASH_FFT, resource_name: cpu1, ref_start_time: 73867775422500, ref_stop_time: 73867775463390, actual_exe_time: 40890, task_app_start_time:73865913473941, task_sched_time:73867775415180
app_id: 0, app_name: SAR_api-aarch64, task_id: 2027, task_name: DASH_ZIP, resource_name: cpu2, ref_start_time: 73867775969400, ref_stop_time: 73867776047970, actual_exe_time: 78570, task_app_start_time:73865913473941, task_sched_time:73867775960880
app_id: 0, app_name: SAR_api-aarch64, task_id: 2028, task_name: DASH_FFT, resource_name: cpu3, ref_start_time: 73867776187890, ref_stop_time: 73867776415140, actual_exe_time: 227250, task_app_start_time:73865913473941, task_sched_time:73867776185070
app_id: 0, app_name: SAR_api-aarch64, task_id: 2029, task_name: DASH_ZIP, resource_name: zip1, ref_start_time: 73867777324110, ref_stop_time: 73867777442460, actual_exe_time: 118350, task_app_start_time:73865913473941, task_sched_time:73867777320150
app_id: 0, app_name: SAR_api-aarch64, task_id: 2030, task_name: DASH_FFT, resource_name: cpu1, ref_start_time: 73867777818781, ref_stop_time: 73867777859941, actual_exe_time: 41160, task_app_start_time:73865913473941, task_sched_time:73867777813921
app_id: 0, app_name: SAR_api-aarch64, task_id: 2031, task_name: DASH_ZIP, resource_name: cpu2, ref_start_time: 73867778487121, ref_stop_time: 73867778564671, actual_exe_time: 77550, task_app_start_time:73865913473941, task_sched_time:73867778476441
app_id: 0, app_name: SAR_api-aarch64, task_id: 2032, task_name: DASH_FFT, resource_name: cpu3, ref_start_time: 73867779073831, ref_stop_time: 73867779131071, actual_exe_time: 57240, task_app_start_time:73865913473941, task_sched_time:73867779068791
app_id: 0, app_name: SAR_api-aarch64, task_id: 2033, task_name: DASH_ZIP, resource_name: zip1, ref_start_time: 73867779557791, ref_stop_time: 73867779675781, actual_exe_time: 117990, task_app_start_time:73865913473941, task_sched_time:73867779550681
app_id: 0, app_name: SAR_api-aarch64, task_id: 2034, task_name: DASH_FFT, resource_name: cpu1, ref_start_time: 73867780473841, ref_stop_time: 73867780514731, actual_exe_time: 40890, task_app_start_time:73865913473941, task_sched_time:73867780468141
app_id: 0, app_name: SAR_api-aarch64, task_id: 2035, task_name: DASH_ZIP, resource_name: cpu2, ref_start_time: 73867781078551, ref_stop_time: 73867781156941, actual_exe_time: 78390, task_app_start_time:73865913473941, task_sched_time:73867781069731
app_id: 0, app_name: SAR_api-aarch64, task_id: 2036, task_name: DASH_FFT, resource_name: cpu3, ref_start_time: 73867781600431, ref_stop_time: 73867781652721, actual_exe_time: 52290, task_app_start_time:73865913473941, task_sched_time:73867781589751
app_id: 0, app_name: SAR_api-aarch64, task_id: 2037, task_name: DASH_ZIP, resource_name: zip1, ref_start_time: 73867782309181, ref_stop_time: 73867782428251, actual_exe_time: 119070, task_app_start_time:73865913473941, task_sched_time:73867782288691
app_id: 0, app_name: SAR_api-aarch64, task_id: 2038, task_name: DASH_FFT, resource_name: cpu1, ref_start_time: 73867782905851, ref_stop_time: 73867782946621, actual_exe_time: 40770, task_app_start_time:73865913473941, task_sched_time:73867782898441
app_id: 0, app_name: SAR_api-aarch64, task_id: 2039, task_name: DASH_ZIP, resource_name: cpu2, ref_start_time: 73867783449211, ref_stop_time: 73867783527121, actual_exe_time: 77910, task_app_start_time:73865913473941, task_sched_time:73867783446391
app_id: 0, app_name: SAR_api-aarch64, task_id: 2040, task_name: DASH_FFT, resource_name: cpu3, ref_start_time: 73867783842572, ref_stop_time: 73867783896092, actual_exe_time: 53520, task_app_start_time:73865913473941, task_sched_time:73867783839092
app_id: 0, app_name: SAR_api-aarch64, task_id: 2041, task_name: DASH_ZIP, resource_name: zip1, ref_start_time: 73867784538752, ref_stop_time: 73867784655962, actual_exe_time: 117210, task_app_start_time:73865913473941, task_sched_time:73867784485742
app_id: 0, app_name: SAR_api-aarch64, task_id: 2042, task_name: DASH_FFT, resource_name: cpu1, ref_start_time: 73867784982062, ref_stop_time: 73867785022892, actual_exe_time: 40830, task_app_start_time:73865913473941, task_sched_time:73867784970632
app_id: 0, app_name: SAR_api-aarch64, task_id: 2043, task_name: DASH_ZIP, resource_name: cpu2, ref_start_time: 73867785688712, ref_stop_time: 73867785765542, actual_exe_time: 76830, task_app_start_time:73865913473941, task_sched_time:73867785685022
app_id: 0, app_name: SAR_api-aarch64, task_id: 2044, task_name: DASH_FFT, resource_name: cpu3, ref_start_time: 73867786124042, ref_stop_time: 73867786175072, actual_exe_time: 51030, task_app_start_time:73865913473941, task_sched_time:73867786120562
app_id: 0, app_name: SAR_api-aarch64, task_id: 2045, task_name: DASH_ZIP, resource_name: zip1, ref_start_time: 73867786809782, ref_stop_time: 73867786928522, actual_exe_time: 118740, task_app_start_time:73865913473941, task_sched_time:73867786752962
app_id: 0, app_name: SAR_api-aarch64, task_id: 2046, task_name: DASH_FFT, resource_name: cpu1, ref_start_time: 73867787361692, ref_stop_time: 73867787403362, actual_exe_time: 41670, task_app_start_time:73865913473941, task_sched_time:73867787347862
app_id: 0, app_name: SAR_api-aarch64, task_id: 2047, task_name: DASH_ZIP, resource_name: cpu2, ref_start_time: 73867787973752, ref_stop_time: 73867788050822, actual_exe_time: 77070, task_app_start_time:73865913473941, task_sched_time:73867787970272
app_id: 0, app_name: SAR_api-aarch64, task_id: 2048, task_name: DASH_FFT, resource_name: cpu3, ref_start_time: 73867788372992, ref_stop_time: 73867788424952, actual_exe_time: 51960, task_app_start_time:73865913473941, task_sched_time:73867788370052
app_id: 0, app_name: SAR_api-aarch64, task_id: 2049, task_name: DASH_ZIP, resource_name: zip1, ref_start_time: 73867789081442, ref_stop_time: 73867789198712, actual_exe_time: 117270, task_app_start_time:73865913473941, task_sched_time:73867789058612
app_id: 0, app_name: SAR_api-aarch64, task_id: 2050, task_name: DASH_FFT, resource_name: cpu1, ref_start_time: 73867789828412, ref_stop_time: 73867789869482, actual_exe_time: 41070, task_app_start_time:73865913473941, task_sched_time:73867789815362
app_id: 0, app_name: SAR_api-aarch64, task_id: 2051, task_name: DASH_ZIP, resource_name: cpu2, ref_start_time: 73867790035383, ref_stop_time: 73867790113653, actual_exe_time: 78270, task_app_start_time:73865913473941, task_sched_time:73867790022633
app_id: 0, app_name: SAR_api-aarch64, task_id: 2052, task_name: DASH_FFT, resource_name: cpu3, ref_start_time: 73867790698503, ref_stop_time: 73867790750613, actual_exe_time: 52110, task_app_start_time:73865913473941, task_sched_time:73867790694753
app_id: 0, app_name: SAR_api-aarch64, task_id: 2053, task_name: DASH_ZIP, resource_name: zip1, ref_start_time: 73867791429243, ref_stop_time: 73867791545913, actual_exe_time: 116670, task_app_start_time:73865913473941, task_sched_time:73867791353643
app_id: 0, app_name: SAR_api-aarch64, task_id: 2054, task_name: DASH_FFT, resource_name: cpu1, ref_start_time: 73867792053693, ref_stop_time: 73867792094433, actual_exe_time: 40740, task_app_start_time:73865913473941, task_sched_time:73867792047153
app_id: 0, app_name: SAR_api-aarch64, task_id: 2055, task_name: DASH_ZIP, resource_name: cpu2, ref_start_time: 73867792599813, ref_stop_time: 73867792678023, actual_exe_time: 78210, task_app_start_time:73865913473941, task_sched_time:73867792594923
app_id: 0, app_name: SAR_api-aarch64, task_id: 2056, task_name: DASH_FFT, resource_name: cpu3, ref_start_time: 73867793051283, ref_stop_time: 73867793103153, actual_exe_time: 51870, task_app_start_time:73865913473941, task_sched_time:73867793047893
app_id: 0, app_name: SAR_api-aarch64, task_id: 2057, task_name: DASH_ZIP, resource_name: zip1, ref_start_time: 73867793900973, ref_stop_time: 73867794018513, actual_exe_time: 117540, task_app_start_time:73865913473941, task_sched_time:73867793891493
app_id: 0, app_name: SAR_api-aarch64, task_id: 2058, task_name: DASH_FFT, resource_name: cpu1, ref_start_time: 73867794443133, ref_stop_time: 73867794483963, actual_exe_time: 40830, task_app_start_time:73865913473941, task_sched_time:73867794434013
app_id: 0, app_name: SAR_api-aarch64, task_id: 2059, task_name: DASH_ZIP, resource_name: cpu2, ref_start_time: 73867794670083, ref_stop_time: 73867794747693, actual_exe_time: 77610, task_app_start_time:73865913473941, task_sched_time:73867794665763
app_id: 0, app_name: SAR_api-aarch64, task_id: 2060, task_name: DASH_FFT, resource_name: cpu3, ref_start_time: 73867795386003, ref_stop_time: 73867795440123, actual_exe_time: 54120, task_app_start_time:73865913473941, task_sched_time:73867795374573
app_id: 0, app_name: SAR_api-aarch64, task_id: 2061, task_name: DASH_ZIP, resource_name: zip1, ref_start_time: 73867796245954, ref_stop_time: 73867796363344, actual_exe_time: 117390, task_app_start_time:73865913473941, task_sched_time:73867796190514
app_id: 0, app_name: SAR_api-aarch64, task_id: 2062, task_name: DASH_FFT, resource_name: cpu1, ref_start_time: 73867796900554, ref_stop_time: 73867796941684, actual_exe_time: 41130, task_app_start_time:73865913473941, task_sched_time:73867796889364
app_id: 0, app_name: SAR_api-aarch64, task_id: 2063, task_name: DASH_ZIP, resource_name: cpu2, ref_start_time: 73867797459664, ref_stop_time: 73867797537424, actual_exe_time: 77760, task_app_start_time:73865913473941, task_sched_time:73867797450394
app_id: 0, app_name: SAR_api-aarch64, task_id: 2064, task_name: DASH_FFT, resource_name: cpu3, ref_start_time: 73867797925654, ref_stop_time: 73867797979384, actual_exe_time: 53730, task_app_start_time:73865913473941, task_sched_time:73867797916534
app_id: 0, app_name: SAR_api-aarch64, task_id: 2065, task_name: DASH_ZIP, resource_name: zip1, ref_start_time: 73867798755394, ref_stop_time: 73867798872964, actual_exe_time: 117570, task_app_start_time:73865913473941, task_sched_time:73867798744054
app_id: 0, app_name: SAR_api-aarch64, task_id: 2066, task_name: DASH_FFT, resource_name: cpu1, ref_start_time: 73867799187544, ref_stop_time: 73867799228584, actual_exe_time: 41040, task_app_start_time:73865913473941, task_sched_time:73867799184424
app_id: 0, app_name: SAR_api-aarch64, task_id: 2067, task_name: DASH_ZIP, resource_name: cpu2, ref_start_time: 73867799853664, ref_stop_time: 73867799931274, actual_exe_time: 77610, task_app_start_time:73865913473941, task_sched_time:73867799849764
app_id: 0, app_name: SAR_api-aarch64, task_id: 2068, task_name: DASH_FFT, resource_name: cpu3, ref_start_time: 73867800154354, ref_stop_time: 73867800206914, actual_exe_time: 52560, task_app_start_time:73865913473941, task_sched_time:73867800118924
app_id: 0, app_name: SAR_api-aarch64, task_id: 2069, task_name: DASH_ZIP, resource_name: zip1, ref_start_time: 73867801154074, ref_stop_time: 73867801271764, actual_exe_time: 117690, task_app_start_time:73865913473941, task_sched_time:73867801142734
app_id: 0, app_name: SAR_api-aarch64, task_id: 2070, task_name: DASH_FFT, resource_name: cpu1, ref_start_time: 73867801811584, ref_stop_time: 73867801852894, actual_exe_time: 41310, task_app_start_time:73865913473941, task_sched_time:73867801800124
app_id: 0, app_name: SAR_api-aarch64, task_id: 2071, task_name: DASH_ZIP, resource_name: cpu2, ref_start_time: 73867802412095, ref_stop_time: 73867802489375, actual_exe_time: 77280, task_app_start_time:73865913473941, task_sched_time:73867802403905
app_id: 0, app_name: SAR_api-aarch64, task_id: 2072, task_name: DASH_FFT, resource_name: cpu3, ref_start_time: 73867802855375, ref_stop_time: 73867802907155, actual_exe_time: 51780, task_app_start_time:73865913473941, task_sched_time:73867802851715
app_id: 0, app_name: SAR_api-aarch64, task_id: 2073, task_name: DASH_ZIP, resource_name: zip1, ref_start_time: 73867803768905, ref_stop_time: 73867803885995, actual_exe_time: 117090, task_app_start_time:73865913473941, task_sched_time:73867803759605
app_id: 0, app_name: SAR_api-aarch64, task_id: 2074, task_name: DASH_FFT, resource_name: cpu1, ref_start_time: 73867804321175, ref_stop_time: 73867804362125, actual_exe_time: 40950, task_app_start_time:73865913473941, task_sched_time:73867804314635
app_id: 0, app_name: SAR_api-aarch64, task_id: 2075, task_name: DASH_ZIP, resource_name: cpu2, ref_start_time: 73867804908785, ref_stop_time: 73867804987265, actual_exe_time: 78480, task_app_start_time:73865913473941, task_sched_time:73867804904795
app_id: 0, app_name: SAR_api-aarch64, task_id: 2076, task_name: DASH_FFT, resource_name: cpu3, ref_start_time: 73867805471495, ref_stop_time: 73867805537015, actual_exe_time: 65520, task_app_start_time:73865913473941, task_sched_time:73867805451095
app_id: 0, app_name: SAR_api-aarch64, task_id: 2077, task_name: DASH_ZIP, resource_name: zip1, ref_start_time: 73867806300485, ref_stop_time: 73867806417455, actual_exe_time: 116970, task_app_start_time:73865913473941, task_sched_time:73867806269675
app_id: 0, app_name: SAR_api-aarch64, task_id: 2078, task_name: DASH_FFT, resource_name: cpu1, ref_start_time: 73867806931025, ref_stop_time: 73867806972065, actual_exe_time: 41040, task_app_start_time:73865913473941, task_sched_time:73867806922625
app_id: 0, app_name: SAR_api-aarch64, task_id: 2079, task_name: DASH_ZIP, resource_name: cpu2, ref_start_time: 73867807389245, ref_stop_time: 73867807467365, actual_exe_time: 78120, task_app_start_time:73865913473941, task_sched_time:73867807381895
app_id: 0, app_name: SAR_api-aarch64, task_id: 2080, task_name: DASH_FFT, resource_name: cpu3, ref_start_time: 73867807920695, ref_stop_time: 73867807974155, actual_exe_time: 53460, task_app_start_time:73865913473941, task_sched_time:73867807914785
app_id: 0, app_name: SAR_api-aarch64, task_id: 2081, task_name: DASH_ZIP, resource_name: zip1, ref_start_time: 73867808625996, ref_stop_time: 73867808743176, actual_exe_time: 117180, task_app_start_time:73865913473941, task_sched_time:73867808572175
app_id: 0, app_name: SAR_api-aarch64, task_id: 2082, task_name: DASH_FFT, resource_name: cpu1, ref_start_time: 73867809568386, ref_stop_time: 73867809610386, actual_exe_time: 42000, task_app_start_time:73865913473941, task_sched_time:73867809558636
app_id: 0, app_name: SAR_api-aarch64, task_id: 2083, task_name: DASH_ZIP, resource_name: cpu2, ref_start_time: 73867810038366, ref_stop_time: 73867810115976, actual_exe_time: 77610, task_app_start_time:73865913473941, task_sched_time:73867810030956
app_id: 0, app_name: SAR_api-aarch64, task_id: 2084, task_name: DASH_FFT, resource_name: cpu3, ref_start_time: 73867810600956, ref_stop_time: 73867810653786, actual_exe_time: 52830, task_app_start_time:73865913473941, task_sched_time:73867810597206
app_id: 0, app_name: SAR_api-aarch64, task_id: 2085, task_name: DASH_ZIP, resource_name: zip1, ref_start_time: 73867811213946, ref_stop_time: 73867811330826, actual_exe_time: 116880, task_app_start_time:73865913473941, task_sched_time:73867811207196
app_id: 0, app_name: SAR_api-aarch64, task_id: 2086, task_name: DASH_FFT, resource_name: cpu1, ref_start_time: 73867811885166, ref_stop_time: 73867811925786, actual_exe_time: 40620, task_app_start_time:73865913473941, task_sched_time:73867811880396
app_id: 0, app_name: SAR_api-aarch64, task_id: 2087, task_name: DASH_ZIP, resource_name: cpu2, ref_start_time: 73867812102306, ref_stop_time: 73867812180456, actual_exe_time: 78150, task_app_start_time:73865913473941, task_sched_time:73867812089586
app_id: 0, app_name: SAR_api-aarch64, task_id: 2088, task_name: DASH_FFT, resource_name: cpu3, ref_start_time: 73867812732036, ref_stop_time: 73867812784746, actual_exe_time: 52710, task_app_start_time:73865913473941, task_sched_time:73867812725376
app_id: 0, app_name: SAR_api-aarch64, task_id: 2089, task_name: DASH_ZIP, resource_name: zip1, ref_start_time: 73867813541586, ref_stop_time: 73867813658976, actual_exe_time: 117390, task_app_start_time:73865913473941, task_sched_time:73867813536456
app_id: 0, app_name: SAR_api-aarch64, task_id: 2090, task_name: DASH_FFT, resource_name: cpu1, ref_start_time: 73867814143596, ref_stop_time: 73867814184906, actual_exe_time: 41310, task_app_start_time:73865913473941, task_sched_time:73867814133216
app_id: 0, app_name: SAR_api-aarch64, task_id: 2091, task_name: DASH_ZIP, resource_name: cpu2, ref_start_time: 73867814759016, ref_stop_time: 73867814836897, actual_exe_time: 77881, task_app_start_time:73865913473941, task_sched_time:73867814755056
app_id: 0, app_name: SAR_api-aarch64, task_id: 2092, task_name: DASH_FFT, resource_name: cpu3, ref_start_time: 73867815170617, ref_stop_time: 73867815221947, actual_exe_time: 51330, task_app_start_time:73865913473941, task_sched_time:73867815160417
app_id: 0, app_name: SAR_api-aarch64, task_id: 2093, task_name: DASH_ZIP, resource_name: zip1, ref_start_time: 73867815725917, ref_stop_time: 73867815843037, actual_exe_time: 117120, task_app_start_time:73865913473941, task_sched_time:73867815720907
app_id: 0, app_name: SAR_api-aarch64, task_id: 2094, task_name: DASH_FFT, resource_name: cpu1, ref_start_time: 73867816529347, ref_stop_time: 73867816570057, actual_exe_time: 40710, task_app_start_time:73865913473941, task_sched_time:73867816518607
app_id: 0, app_name: SAR_api-aarch64, task_id: 2095, task_name: DASH_ZIP, resource_name: cpu2, ref_start_time: 73867817086417, ref_stop_time: 73867817164477, actual_exe_time: 78060, task_app_start_time:73865913473941, task_sched_time:73867817083297
app_id: 0, app_name: SAR_api-aarch64, task_id: 2096, task_name: DASH_FFT, resource_name: cpu3, ref_start_time: 73867817283637, ref_stop_time: 73867817351827, actual_exe_time: 68190, task_app_start_time:73865913473941, task_sched_time:73867817270677
app_id: 0, app_name: SAR_api-aarch64, task_id: 2097, task_name: DASH_ZIP, resource_name: zip1, ref_start_time: 73867818170767, ref_stop_time: 73867818290017, actual_exe_time: 119250, task_app_start_time:73865913473941, task_sched_time:73867818162637
app_id: 0, app_name: SAR_api-aarch64, task_id: 2098, task_name: DASH_FFT, resource_name: cpu1, ref_start_time: 73867818774877, ref_stop_time: 73867818815677, actual_exe_time: 40800, task_app_start_time:73865913473941, task_sched_time:73867818768937
app_id: 0, app_name: SAR_api-aarch64, task_id: 2099, task_name: DASH_ZIP, resource_name: cpu2, ref_start_time: 73867819272277, ref_stop_time: 73867819349737, actual_exe_time: 77460, task_app_start_time:73865913473941, task_sched_time:73867819267357
app_id: 0, app_name: SAR_api-aarch64, task_id: 2100, task_name: DASH_FFT, resource_name: cpu3, ref_start_time: 73867819762627, ref_stop_time: 73867819814647, actual_exe_time: 52020, task_app_start_time:73865913473941, task_sched_time:73867819750567
app_id: 0, app_name: SAR_api-aarch64, task_id: 2101, task_name: DASH_ZIP, resource_name: zip1, ref_start_time: 73867820467057, ref_stop_time: 73867820585047, actual_exe_time: 117990, task_app_start_time:73865913473941, task_sched_time:73867820429167
app_id: 0, app_name: SAR_api-aarch64, task_id: 2102, task_name: DASH_FFT, resource_name: cpu1, ref_start_time: 73867821004477, ref_stop_time: 73867821044948, actual_exe_time: 40471, task_app_start_time:73865913473941, task_sched_time:73867820991997
app_id: 0, app_name: SAR_api-aarch64, task_id: 2103, task_name: DASH_ZIP, resource_name: cpu2, ref_start_time: 73867821481568, ref_stop_time: 73867821559208, actual_exe_time: 77640, task_app_start_time:73865913473941, task_sched_time:73867821477818
app_id: 0, app_name: SAR_api-aarch64, task_id: 2104, task_name: DASH_FFT, resource_name: cpu3, ref_start_time: 73867822137548, ref_stop_time: 73867822196018, actual_exe_time: 58470, task_app_start_time:73865913473941, task_sched_time:73867822130318
app_id: 0, app_name: SAR_api-aarch64, task_id: 2105, task_name: DASH_ZIP, resource_name: zip1, ref_start_time: 73867822876058, ref_stop_time: 73867822993448, actual_exe_time: 117390, task_app_start_time:73865913473941, task_sched_time:73867822853798
app_id: 0, app_name: SAR_api-aarch64, task_id: 2106, task_name: DASH_FFT, resource_name: cpu1, ref_start_time: 73867823964518, ref_stop_time: 73867824005918, actual_exe_time: 41400, task_app_start_time:73865913473941, task_sched_time:73867823961128
app_id: 0, app_name: SAR_api-aarch64, task_id: 2107, task_name: DASH_ZIP, resource_name: cpu2, ref_start_time: 73867824513728, ref_stop_time: 73867824591908, actual_exe_time: 78180, task_app_start_time:73865913473941, task_sched_time:73867824508928
app_id: 0, app_name: SAR_api-aarch64, task_id: 2108, task_name: DASH_FFT, resource_name: cpu3, ref_start_time: 73867825058408, ref_stop_time: 73867825110848, actual_exe_time: 52440, task_app_start_time:73865913473941, task_sched_time:73867825054688
app_id: 0, app_name: SAR_api-aarch64, task_id: 2109, task_name: DASH_ZIP, resource_name: zip1, ref_start_time: 73867825658438, ref_stop_time: 73867825776188, actual_exe_time: 117750, task_app_start_time:73865913473941, task_sched_time:73867825652048
app_id: 0, app_name: SAR_api-aarch64, task_id: 2110, task_name: DASH_FFT, resource_name: cpu1, ref_start_time: 73867826308718, ref_stop_time: 73867826349608, actual_exe_time: 40890, task_app_start_time:73865913473941, task_sched_time:73867826303138
app_id: 0, app_name: SAR_api-aarch64, task_id: 2111, task_name: DASH_ZIP, resource_name: cpu2, ref_start_time: 73867826992058, ref_stop_time: 73867827069308, actual_exe_time: 77250, task_app_start_time:73865913473941, task_sched_time:73867826988308
app_id: 0, app_name: SAR_api-aarch64, task_id: 2112, task_name: DASH_FFT, resource_name: cpu3, ref_start_time: 73867827340329, ref_stop_time: 73867827397719, actual_exe_time: 57390, task_app_start_time:73865913473941, task_sched_time:73867827336039
app_id: 0, app_name: SAR_api-aarch64, task_id: 2113, task_name: DASH_ZIP, resource_name: zip1, ref_start_time: 73867828154979, ref_stop_time: 73867828272279, actual_exe_time: 117300, task_app_start_time:73865913473941, task_sched_time:73867828151319
app_id: 0, app_name: SAR_api-aarch64, task_id: 2114, task_name: DASH_FFT, resource_name: cpu1, ref_start_time: 73867828740579, ref_stop_time: 73867828781409, actual_exe_time: 40830, task_app_start_time:73865913473941, task_sched_time:73867828731279
app_id: 0, app_name: SAR_api-aarch64, task_id: 2115, task_name: DASH_ZIP, resource_name: cpu2, ref_start_time: 73867829383359, ref_stop_time: 73867829461419, actual_exe_time: 78060, task_app_start_time:73865913473941, task_sched_time:73867829375589
app_id: 0, app_name: SAR_api-aarch64, task_id: 2116, task_name: DASH_FFT, resource_name: cpu3, ref_start_time: 73867829764029, ref_stop_time: 73867829816319, actual_exe_time: 52290, task_app_start_time:73865913473941, task_sched_time:73867829759289
app_id: 0, app_name: SAR_api-aarch64, task_id: 2117, task_name: DASH_ZIP, resource_name: zip1, ref_start_time: 73867830643539, ref_stop_time: 73867830762939, actual_exe_time: 119400, task_app_start_time:73865913473941, task_sched_time:73867830633639
app_id: 0, app_name: SAR_api-aarch64, task_id: 2118, task_name: DASH_FFT, resource_name: cpu1, ref_start_time: 73867831455969, ref_stop_time: 73867831497099, actual_exe_time: 41130, task_app_start_time:73865913473941, task_sched_time:73867831442169
app_id: 0, app_name: SAR_api-aarch64, task_id: 2119, task_name: DASH_ZIP, resource_name: cpu2, ref_start_time: 73867831958799, ref_stop_time: 73867832036619, actual_exe_time: 77820, task_app_start_time:73865913473941, task_sched_time:73867831953009
app_id: 0, app_name: SAR_api-aarch64, task_id: 2120, task_name: DASH_FFT, resource_name: cpu3, ref_start_time: 73867832465679, ref_stop_time: 73867832518119, actual_exe_time: 52440, task_app_start_time:73865913473941, task_sched_time:73867832430579
app_id: 0, app_name: SAR_api-aarch64, task_id: 2121, task_name: DASH_ZIP, resource_name: zip1, ref_start_time: 73867833232959, ref_stop_time: 73867833351819, actual_exe_time: 118860, task_app_start_time:73865913473941, task_sched_time:73867833229719
app_id: 0, app_name: SAR_api-aarch64, task_id: 2122, task_name: DASH_FFT, resource_name: cpu1, ref_start_time: 73867833785380, ref_stop_time: 73867833826330, actual_exe_time: 40950, task_app_start_time:73865913473941, task_sched_time:73867833778780
app_id: 0, app_name: SAR_api-aarch64, task_id: 2123, task_name: DASH_ZIP, resource_name: cpu2, ref_start_time: 73867834329070, ref_stop_time: 73867834406740, actual_exe_time: 77670, task_app_start_time:73865913473941, task_sched_time:73867834323160
app_id: 0, app_name: SAR_api-aarch64, task_id: 2124, task_name: DASH_FFT, resource_name: cpu3, ref_start_time: 73867834627270, ref_stop_time: 73867834679380, actual_exe_time: 52110, task_app_start_time:73865913473941, task_sched_time:73867834623700
app_id: 0, app_name: SAR_api-aarch64, task_id: 2125, task_name: DASH_ZIP, resource_name: zip1, ref_start_time: 73867835522380, ref_stop_time: 73867835639440, actual_exe_time: 117060, task_app_start_time:73865913473941, task_sched_time:73867835429710
app_id: 0, app_name: SAR_api-aarch64, task_id: 2126, task_name: DASH_FFT, resource_name: cpu1, ref_start_time: 73867836173500, ref_stop_time: 73867836213970, actual_exe_time: 40470, task_app_start_time:73865913473941, task_sched_time:73867836170440
app_id: 0, app_name: SAR_api-aarch64, task_id: 2127, task_name: DASH_ZIP, resource_name: cpu2, ref_start_time: 73867836819160, ref_stop_time: 73867836897010, actual_exe_time: 77850, task_app_start_time:73865913473941, task_sched_time:73867836810370
app_id: 0, app_name: SAR_api-aarch64, task_id: 2128, task_name: DASH_FFT, resource_name: cpu3, ref_start_time: 73867837590580, ref_stop_time: 73867837642750, actual_exe_time: 52170, task_app_start_time:73865913473941, task_sched_time:73867837584010
app_id: 0, app_name: SAR_api-aarch64, task_id: 2129, task_name: DASH_ZIP, resource_name: zip1, ref_start_time: 73867838364940, ref_stop_time: 73867838483110, actual_exe_time: 118170, task_app_start_time:73865913473941, task_sched_time:73867838319460
app_id: 0, app_name: SAR_api-aarch64, task_id: 2130, task_name: DASH_FFT, resource_name: cpu1, ref_start_time: 73867838928790, ref_stop_time: 73867838969800, actual_exe_time: 41010, task_app_start_time:73865913473941, task_sched_time:73867838922010
app_id: 0, app_name: SAR_api-aarch64, task_id: 2131, task_name: DASH_ZIP, resource_name: cpu2, ref_start_time: 73867839504430, ref_stop_time: 73867839582100, actual_exe_time: 77670, task_app_start_time:73865913473941, task_sched_time:73867839493690
app_id: 0, app_name: SAR_api-aarch64, task_id: 2132, task_name: DASH_FFT, resource_name: cpu3, ref_start_time: 73867839836831, ref_stop_time: 73867839891671, actual_exe_time: 54840, task_app_start_time:73865913473941, task_sched_time:73867839783311
app_id: 0, app_name: SAR_api-aarch64, task_id: 2133, task_name: DASH_ZIP, resource_name: zip1, ref_start_time: 73867840828691, ref_stop_time: 73867840946801, actual_exe_time: 118110, task_app_start_time:73865913473941, task_sched_time:73867840821551
app_id: 0, app_name: SAR_api-aarch64, task_id: 2134, task_name: DASH_FFT, resource_name: cpu1, ref_start_time: 73867841379461, ref_stop_time: 73867841420171, actual_exe_time: 40710, task_app_start_time:73865913473941, task_sched_time:73867841371751
app_id: 0, app_name: SAR_api-aarch64, task_id: 2135, task_name: DASH_ZIP, resource_name: cpu2, ref_start_time: 73867841937521, ref_stop_time: 73867842015761, actual_exe_time: 78240, task_app_start_time:73865913473941, task_sched_time:73867841930801
app_id: 0, app_name: SAR_api-aarch64, task_id: 2136, task_name: DASH_FFT, resource_name: cpu3, ref_start_time: 73867842418811, ref_stop_time: 73867842480971, actual_exe_time: 62160, task_app_start_time:73865913473941, task_sched_time:73867842398051
app_id: 0, app_name: SAR_api-aarch64, task_id: 2137, task_name: DASH_ZIP, resource_name: zip1, ref_start_time: 73867843110101, ref_stop_time: 73867843227311, actual_exe_time: 117210, task_app_start_time:73865913473941, task_sched_time:73867843073531
app_id: 0, app_name: SAR_api-aarch64, task_id: 2138, task_name: DASH_FFT, resource_name: cpu1, ref_start_time: 73867843870841, ref_stop_time: 73867843911641, actual_exe_time: 40800, task_app_start_time:73865913473941, task_sched_time:73867843861751
app_id: 0, app_name: SAR_api-aarch64, task_id: 2139, task_name: DASH_ZIP, resource_name: cpu2, ref_start_time: 73867844266631, ref_stop_time: 73867844344241, actual_exe_time: 77610, task_app_start_time:73865913473941, task_sched_time:73867844258561
app_id: 0, app_name: SAR_api-aarch64, task_id: 2140, task_name: DASH_FFT, resource_name: cpu3, ref_start_time: 73867844799671, ref_stop_time: 73867844851151, actual_exe_time: 51480, task_app_start_time:73865913473941, task_sched_time:73867844793671
app_id: 0, app_name: SAR_api-aarch64, task_id: 2141, task_name: DASH_ZIP, resource_name: zip1, ref_start_time: 73867845418871, ref_stop_time: 73867845536021, actual_exe_time: 117150, task_app_start_time:73865913473941, task_sched_time:73867845412601
app_id: 0, app_name: SAR_api-aarch64, task_id: 2142, task_name: DASH_FFT, resource_name: cpu1, ref_start_time: 73867846259352, ref_stop_time: 73867846300212, actual_exe_time: 40860, task_app_start_time:73865913473941, task_sched_time:73867846247142
app_id: 0, app_name: SAR_api-aarch64, task_id: 2143, task_name: DASH_ZIP, resource_name: cpu2, ref_start_time: 73867846783152, ref_stop_time: 73867846860762, actual_exe_time: 77610, task_app_start_time:73865913473941, task_sched_time:73867846780272
app_id: 0, app_name: SAR_api-aarch64, task_id: 2144, task_name: DASH_FFT, resource_name: cpu3, ref_start_time: 73867847316012, ref_stop_time: 73867847370462, actual_exe_time: 54450, task_app_start_time:73865913473941, task_sched_time:73867847307702
app_id: 0, app_name: SAR_api-aarch64, task_id: 2145, task_name: DASH_ZIP, resource_name: zip1, ref_start_time: 73867847999712, ref_stop_time: 73867848117132, actual_exe_time: 117420, task_app_start_time:73865913473941, task_sched_time:73867847959272
app_id: 0, app_name: SAR_api-aarch64, task_id: 2146, task_name: DASH_FFT, resource_name: cpu1, ref_start_time: 73867848708852, ref_stop_time: 73867848749592, actual_exe_time: 40740, task_app_start_time:73865913473941, task_sched_time:73867848698952
app_id: 0, app_name: SAR_api-aarch64, task_id: 2147, task_name: DASH_ZIP, resource_name: cpu2, ref_start_time: 73867848941562, ref_stop_time: 73867849019232, actual_exe_time: 77670, task_app_start_time:73865913473941, task_sched_time:73867848932802
app_id: 0, app_name: SAR_api-aarch64, task_id: 2148, task_name: DASH_FFT, resource_name: cpu3, ref_start_time: 73867849655982, ref_stop_time: 73867849708302, actual_exe_time: 52320, task_app_start_time:73865913473941, task_sched_time:73867849648392
app_id: 0, app_name: SAR_api-aarch64, task_id: 2149, task_name: DASH_ZIP, resource_name: zip1, ref_start_time: 73867850376012, ref_stop_time: 73867850494902, actual_exe_time: 118890, task_app_start_time:73865913473941, task_sched_time:73867850322882
app_id: 0, app_name: SAR_api-aarch64, task_id: 2150, task_name: DASH_FFT, resource_name: cpu1, ref_start_time: 73867850967312, ref_stop_time: 73867851008682, actual_exe_time: 41370, task_app_start_time:73865913473941, task_sched_time:73867850957922
app_id: 0, app_name: SAR_api-aarch64, task_id: 2151, task_name: DASH_ZIP, resource_name: cpu2, ref_start_time: 73867851513762, ref_stop_time: 73867851591342, actual_exe_time: 77580, task_app_start_time:73865913473941, task_sched_time:73867851505962
app_id: 0, app_name: SAR_api-aarch64, task_id: 2152, task_name: DASH_FFT, resource_name: cpu3, ref_start_time: 73867852122763, ref_stop_time: 73867852175053, actual_exe_time: 52290, task_app_start_time:73865913473941, task_sched_time:73867852114993
app_id: 0, app_name: SAR_api-aarch64, task_id: 2153, task_name: DASH_ZIP, resource_name: zip1, ref_start_time: 73867852961383, ref_stop_time: 73867853078563, actual_exe_time: 117180, task_app_start_time:73865913473941, task_sched_time:73867852957363
app_id: 0, app_name: SAR_api-aarch64, task_id: 2154, task_name: DASH_FFT, resource_name: cpu1, ref_start_time: 73867853522413, ref_stop_time: 73867853563993, actual_exe_time: 41580, task_app_start_time:73865913473941, task_sched_time:73867853512813
app_id: 0, app_name: SAR_api-aarch64, task_id: 2155, task_name: DASH_ZIP, resource_name: cpu2, ref_start_time: 73867854193033, ref_stop_time: 73867854271003, actual_exe_time: 77970, task_app_start_time:73865913473941, task_sched_time:73867854185323
app_id: 0, app_name: SAR_api-aarch64, task_id: 2156, task_name: DASH_FFT, resource_name: cpu3, ref_start_time: 73867854534253, ref_stop_time: 73867854585823, actual_exe_time: 51570, task_app_start_time:73865913473941, task_sched_time:73867854482653
app_id: 0, app_name: SAR_api-aarch64, task_id: 2157, task_name: DASH_ZIP, resource_name: zip1, ref_start_time: 73867855540813, ref_stop_time: 73867855658143, actual_exe_time: 117330, task_app_start_time:73865913473941, task_sched_time:73867855491313
app_id: 0, app_name: SAR_api-aarch64, task_id: 2158, task_name: DASH_FFT, resource_name: cpu1, ref_start_time: 73867856080873, ref_stop_time: 73867856121523, actual_exe_time: 40650, task_app_start_time:73865913473941, task_sched_time:73867856068963
app_id: 0, app_name: SAR_api-aarch64, task_id: 2159, task_name: DASH_ZIP, resource_name: cpu2, ref_start_time: 73867856672593, ref_stop_time: 73867856750473, actual_exe_time: 77880, task_app_start_time:73865913473941, task_sched_time:73867856667103
app_id: 0, app_name: SAR_api-aarch64, task_id: 2160, task_name: DASH_FFT, resource_name: cpu3, ref_start_time: 73867857178843, ref_stop_time: 73867857230893, actual_exe_time: 52050, task_app_start_time:73865913473941, task_sched_time:73867857151393
app_id: 0, app_name: SAR_api-aarch64, task_id: 2161, task_name: DASH_ZIP, resource_name: zip1, ref_start_time: 73867857940543, ref_stop_time: 73867858057483, actual_exe_time: 116940, task_app_start_time:73865913473941, task_sched_time:73867857930373
app_id: 0, app_name: SAR_api-aarch64, task_id: 2162, task_name: DASH_FFT, resource_name: cpu1, ref_start_time: 73867858599764, ref_stop_time: 73867858640354, actual_exe_time: 40590, task_app_start_time:73865913473941, task_sched_time:73867858586444
app_id: 0, app_name: SAR_api-aarch64, task_id: 2163, task_name: DASH_ZIP, resource_name: cpu2, ref_start_time: 73867859139554, ref_stop_time: 73867859217194, actual_exe_time: 77640, task_app_start_time:73865913473941, task_sched_time:73867859132084
app_id: 0, app_name: SAR_api-aarch64, task_id: 2164, task_name: DASH_FFT, resource_name: cpu3, ref_start_time: 73867859817614, ref_stop_time: 73867859869934, actual_exe_time: 52320, task_app_start_time:73865913473941, task_sched_time:73867859802434
app_id: 0, app_name: SAR_api-aarch64, task_id: 2165, task_name: DASH_ZIP, resource_name: zip1, ref_start_time: 73867860495944, ref_stop_time: 73867860613604, actual_exe_time: 117660, task_app_start_time:73865913473941, task_sched_time:73867860461534
app_id: 0, app_name: SAR_api-aarch64, task_id: 2166, task_name: DASH_FFT, resource_name: cpu1, ref_start_time: 73867861169354, ref_stop_time: 73867861210484, actual_exe_time: 41130, task_app_start_time:73865913473941, task_sched_time:73867861163414
app_id: 0, app_name: SAR_api-aarch64, task_id: 2167, task_name: DASH_ZIP, resource_name: cpu2, ref_start_time: 73867861620554, ref_stop_time: 73867861698284, actual_exe_time: 77730, task_app_start_time:73865913473941, task_sched_time:73867861617494
app_id: 0, app_name: SAR_api-aarch64, task_id: 2168, task_name: DASH_FFT, resource_name: cpu3, ref_start_time: 73867862113274, ref_stop_time: 73867862165444, actual_exe_time: 52170, task_app_start_time:73865913473941, task_sched_time:73867862107274
app_id: 0, app_name: SAR_api-aarch64, task_id: 2169, task_name: DASH_ZIP, resource_name: zip1, ref_start_time: 73867862703104, ref_stop_time: 73867862821604, actual_exe_time: 118500, task_app_start_time:73865913473941, task_sched_time:73867862688674
app_id: 0, app_name: SAR_api-aarch64, task_id: 2170, task_name: DASH_FFT, resource_name: cpu1, ref_start_time: 73867863292454, ref_stop_time: 73867863333314, actual_exe_time: 40860, task_app_start_time:73865913473941, task_sched_time:73867863282944
app_id: 0, app_name: SAR_api-aarch64, task_id: 2171, task_name: DASH_ZIP, resource_name: cpu2, ref_start_time: 73867863888194, ref_stop_time: 73867863966524, actual_exe_time: 78330, task_app_start_time:73865913473941, task_sched_time:73867863881084
app_id: 0, app_name: SAR_api-aarch64, task_id: 2172, task_name: DASH_FFT, resource_name: cpu3, ref_start_time: 73867864372364, ref_stop_time: 73867864425464, actual_exe_time: 53100, task_app_start_time:73865913473941, task_sched_time:73867864368854
app_id: 0, app_name: SAR_api-aarch64, task_id: 2173, task_name: DASH_ZIP, resource_name: zip1, ref_start_time: 73867864914315, ref_stop_time: 73867865044695, actual_exe_time: 130380, task_app_start_time:73865913473941, task_sched_time:73867864910385
app_id: 0, app_name: SAR_api-aarch64, task_id: 2174, task_name: DASH_FFT, resource_name: cpu1, ref_start_time: 73867865873595, ref_stop_time: 73867865914785, actual_exe_time: 41190, task_app_start_time:73865913473941, task_sched_time:73867865864295
app_id: 0, app_name: SAR_api-aarch64, task_id: 2175, task_name: DASH_ZIP, resource_name: cpu2, ref_start_time: 73867866470415, ref_stop_time: 73867866548385, actual_exe_time: 77970, task_app_start_time:73865913473941, task_sched_time:73867866462885
app_id: 0, app_name: SAR_api-aarch64, task_id: 2176, task_name: DASH_FFT, resource_name: cpu3, ref_start_time: 73867866969375, ref_stop_time: 73867867020765, actual_exe_time: 51390, task_app_start_time:73865913473941, task_sched_time:73867866964545
app_id: 0, app_name: SAR_api-aarch64, task_id: 2177, task_name: DASH_ZIP, resource_name: zip1, ref_start_time: 73867867624305, ref_stop_time: 73867867742145, actual_exe_time: 117840, task_app_start_time:73865913473941, task_sched_time:73867867615695
app_id: 0, app_name: SAR_api-aarch64, task_id: 2178, task_name: DASH_FFT, resource_name: cpu1, ref_start_time: 73867868144325, ref_stop_time: 73867868184645, actual_exe_time: 40320, task_app_start_time:73865913473941, task_sched_time:73867868131605
app_id: 0, app_name: SAR_api-aarch64, task_id: 2179, task_name: DASH_ZIP, resource_name: cpu2, ref_start_time: 73867868821425, ref_stop_time: 73867868898915, actual_exe_time: 77490, task_app_start_time:73865913473941, task_sched_time:73867868818125
app_id: 0, app_name: SAR_api-aarch64, task_id: 2180, task_name: DASH_FFT, resource_name: cpu3, ref_start_time: 73867869297375, ref_stop_time: 73867869360255, actual_exe_time: 62880, task_app_start_time:73865913473941, task_sched_time:73867869293835
app_id: 0, app_name: SAR_api-aarch64, task_id: 2181, task_name: DASH_ZIP, resource_name: zip1, ref_start_time: 73867870047765, ref_stop_time: 73867870164585, actual_exe_time: 116820, task_app_start_time:73865913473941, task_sched_time:73867870042245
app_id: 0, app_name: SAR_api-aarch64, task_id: 2182, task_name: DASH_FFT, resource_name: cpu1, ref_start_time: 73867870680045, ref_stop_time: 73867870720755, actual_exe_time: 40710, task_app_start_time:73865913473941, task_sched_time:73867870672875
app_id: 0, app_name: SAR_api-aarch64, task_id: 2183, task_name: DASH_ZIP, resource_name: cpu2, ref_start_time: 73867871247496, ref_stop_time: 73867871325796, actual_exe_time: 78300, task_app_start_time:73865913473941, task_sched_time:73867871241496
app_id: 0, app_name: SAR_api-aarch64, task_id: 2184, task_name: DASH_FFT, resource_name: cpu3, ref_start_time: 73867871841646, ref_stop_time: 73867871893606, actual_exe_time: 51960, task_app_start_time:73865913473941, task_sched_time:73867871837626
app_id: 0, app_name: SAR_api-aarch64, task_id: 2185, task_name: DASH_ZIP, resource_name: zip1, ref_start_time: 73867872670036, ref_stop_time: 73867872788236, actual_exe_time: 118200, task_app_start_time:73865913473941, task_sched_time:73867872660646
app_id: 0, app_name: SAR_api-aarch64, task_id: 2186, task_name: DASH_FFT, resource_name: cpu1, ref_start_time: 73867873212766, ref_stop_time: 73867873253566, actual_exe_time: 40800, task_app_start_time:73865913473941, task_sched_time:73867873207546
app_id: 0, app_name: SAR_api-aarch64, task_id: 2187, task_name: DASH_ZIP, resource_name: cpu2, ref_start_time: 73867873919656, ref_stop_time: 73867873997536, actual_exe_time: 77880, task_app_start_time:73865913473941, task_sched_time:73867873912216
app_id: 0, app_name: SAR_api-aarch64, task_id: 2188, task_name: DASH_FFT, resource_name: cpu3, ref_start_time: 73867874384656, ref_stop_time: 73867874436136, actual_exe_time: 51480, task_app_start_time:73865913473941, task_sched_time:73867874382076
app_id: 0, app_name: SAR_api-aarch64, task_id: 2189, task_name: DASH_ZIP, resource_name: zip1, ref_start_time: 73867875120946, ref_stop_time: 73867875239746, actual_exe_time: 118800, task_app_start_time:73865913473941, task_sched_time:73867875116806
app_id: 0, app_name: SAR_api-aarch64, task_id: 2190, task_name: DASH_FFT, resource_name: cpu1, ref_start_time: 73867875721396, ref_stop_time: 73867875762286, actual_exe_time: 40890, task_app_start_time:73865913473941, task_sched_time:73867875710626
app_id: 0, app_name: SAR_api-aarch64, task_id: 2191, task_name: DASH_ZIP, resource_name: cpu2, ref_start_time: 73867876195396, ref_stop_time: 73867876274206, actual_exe_time: 78810, task_app_start_time:73865913473941, task_sched_time:73867876191106
app_id: 0, app_name: SAR_api-aarch64, task_id: 2192, task_name: DASH_FFT, resource_name: cpu3, ref_start_time: 73867876599826, ref_stop_time: 73867876651186, actual_exe_time: 51360, task_app_start_time:73865913473941, task_sched_time:73867876594426
app_id: 0, app_name: SAR_api-aarch64, task_id: 2193, task_name: DASH_ZIP, resource_name: zip1, ref_start_time: 73867877419787, ref_stop_time: 73867877540297, actual_exe_time: 120510, task_app_start_time:73865913473941, task_sched_time:73867877412947
app_id: 0, app_name: SAR_api-aarch64, task_id: 2194, task_name: DASH_FFT, resource_name: cpu1, ref_start_time: 73867877979857, ref_stop_time: 73867878020927, actual_exe_time: 41070, task_app_start_time:73865913473941, task_sched_time:73867877967887
app_id: 0, app_name: SAR_api-aarch64, task_id: 2195, task_name: DASH_ZIP, resource_name: cpu2, ref_start_time: 73867878562427, ref_stop_time: 73867878640577, actual_exe_time: 78150, task_app_start_time:73865913473941, task_sched_time:73867878554687
app_id: 0, app_name: SAR_api-aarch64, task_id: 2196, task_name: DASH_FFT, resource_name: cpu3, ref_start_time: 73867878963677, ref_stop_time: 73867879026407, actual_exe_time: 62730, task_app_start_time:73865913473941, task_sched_time:73867878960227
app_id: 0, app_name: SAR_api-aarch64, task_id: 2197, task_name: DASH_ZIP, resource_name: zip1, ref_start_time: 73867879970027, ref_stop_time: 73867880090147, actual_exe_time: 120120, task_app_start_time:73865913473941, task_sched_time:73867879960757
app_id: 0, app_name: SAR_api-aarch64, task_id: 2198, task_name: DASH_FFT, resource_name: cpu1, ref_start_time: 73867880508767, ref_stop_time: 73867880549147, actual_exe_time: 40380, task_app_start_time:73865913473941, task_sched_time:73867880495987
app_id: 0, app_name: SAR_api-aarch64, task_id: 2199, task_name: DASH_ZIP, resource_name: cpu2, ref_start_time: 73867881086657, ref_stop_time: 73867881164957, actual_exe_time: 78300, task_app_start_time:73865913473941, task_sched_time:73867881076787
app_id: 0, app_name: SAR_api-aarch64, task_id: 2200, task_name: DASH_FFT, resource_name: cpu3, ref_start_time: 73867881580337, ref_stop_time: 73867881632807, actual_exe_time: 52470, task_app_start_time:73865913473941, task_sched_time:73867881557057
app_id: 0, app_name: SAR_api-aarch64, task_id: 2201, task_name: DASH_ZIP, resource_name: zip1, ref_start_time: 73867882246367, ref_stop_time: 73867882363097, actual_exe_time: 116730, task_app_start_time:73865913473941, task_sched_time:73867882241237
app_id: 0, app_name: SAR_api-aarch64, task_id: 2202, task_name: DASH_FFT, resource_name: cpu1, ref_start_time: 73867882924097, ref_stop_time: 73867882964897, actual_exe_time: 40800, task_app_start_time:73865913473941, task_sched_time:73867882916087
app_id: 0, app_name: SAR_api-aarch64, task_id: 2203, task_name: DASH_ZIP, resource_name: cpu2, ref_start_time: 73867883464728, ref_stop_time: 73867883542398, actual_exe_time: 77670, task_app_start_time:73865913473941, task_sched_time:73867883459508
app_id: 0, app_name: SAR_api-aarch64, task_id: 2204, task_name: DASH_FFT, resource_name: cpu3, ref_start_time: 73867883869008, ref_stop_time: 73867883920998, actual_exe_time: 51990, task_app_start_time:73865913473941, task_sched_time:73867883864118
app_id: 0, app_name: SAR_api-aarch64, task_id: 2205, task_name: DASH_ZIP, resource_name: zip1, ref_start_time: 73867884719898, ref_stop_time: 73867884837558, actual_exe_time: 117660, task_app_start_time:73865913473941, task_sched_time:73867884714708
app_id: 0, app_name: SAR_api-aarch64, task_id: 2206, task_name: DASH_FFT, resource_name: cpu1, ref_start_time: 73867885583328, ref_stop_time: 73867885624518, actual_exe_time: 41190, task_app_start_time:73865913473941, task_sched_time:73867885572318
app_id: 0, app_name: SAR_api-aarch64, task_id: 2207, task_name: DASH_ZIP, resource_name: cpu2, ref_start_time: 73867886153148, ref_stop_time: 73867886230818, actual_exe_time: 77670, task_app_start_time:73865913473941, task_sched_time:73867886144658
app_id: 0, app_name: SAR_api-aarch64, task_id: 2208, task_name: DASH_FFT, resource_name: cpu3, ref_start_time: 73867886666958, ref_stop_time: 73867886720118, actual_exe_time: 53160, task_app_start_time:73865913473941, task_sched_time:73867886633388
app_id: 0, app_name: SAR_api-aarch64, task_id: 2209, task_name: DASH_ZIP, resource_name: zip1, ref_start_time: 73867887510318, ref_stop_time: 73867887627468, actual_exe_time: 117150, task_app_start_time:73865913473941, task_sched_time:73867887505998
app_id: 0, app_name: SAR_api-aarch64, task_id: 2210, task_name: DASH_FFT, resource_name: cpu1, ref_start_time: 73867888058448, ref_stop_time: 73867888099278, actual_exe_time: 40830, task_app_start_time:73865913473941, task_sched_time:73867888056018
app_id: 0, app_name: SAR_api-aarch64, task_id: 2211, task_name: DASH_ZIP, resource_name: cpu2, ref_start_time: 73867888616898, ref_stop_time: 73867888694868, actual_exe_time: 77970, task_app_start_time:73865913473941, task_sched_time:73867888610418
app_id: 0, app_name: SAR_api-aarch64, task_id: 2212, task_name: DASH_FFT, resource_name: cpu3, ref_start_time: 73867889078898, ref_stop_time: 73867889129868, actual_exe_time: 50970, task_app_start_time:73865913473941, task_sched_time:73867889053698
app_id: 0, app_name: SAR_api-aarch64, task_id: 2213, task_name: DASH_ZIP, resource_name: zip1, ref_start_time: 73867889750869, ref_stop_time: 73867889868649, actual_exe_time: 117780, task_app_start_time:73865913473941, task_sched_time:73867889743189
app_id: 0, app_name: SAR_api-aarch64, task_id: 2214, task_name: DASH_FFT, resource_name: cpu1, ref_start_time: 73867890251359, ref_stop_time: 73867890292339, actual_exe_time: 40980, task_app_start_time:73865913473941, task_sched_time:73867890247219
app_id: 0, app_name: SAR_api-aarch64, task_id: 2215, task_name: DASH_ZIP, resource_name: cpu2, ref_start_time: 73867890843199, ref_stop_time: 73867890920539, actual_exe_time: 77340, task_app_start_time:73865913473941, task_sched_time:73867890834379
app_id: 0, app_name: SAR_api-aarch64, task_id: 2216, task_name: DASH_FFT, resource_name: cpu3, ref_start_time: 73867891608859, ref_stop_time: 73867891660699, actual_exe_time: 51840, task_app_start_time:73865913473941, task_sched_time:73867891600339
app_id: 0, app_name: SAR_api-aarch64, task_id: 2217, task_name: DASH_ZIP, resource_name: zip1, ref_start_time: 73867892339329, ref_stop_time: 73867892459359, actual_exe_time: 120030, task_app_start_time:73865913473941, task_sched_time:73867892329789
app_id: 0, app_name: SAR_api-aarch64, task_id: 2218, task_name: DASH_FFT, resource_name: cpu1, ref_start_time: 73867892885749, ref_stop_time: 73867892926279, actual_exe_time: 40530, task_app_start_time:73865913473941, task_sched_time:73867892873269
app_id: 0, app_name: SAR_api-aarch64, task_id: 2219, task_name: DASH_ZIP, resource_name: cpu2, ref_start_time: 73867893474289, ref_stop_time: 73867893552499, actual_exe_time: 78210, task_app_start_time:73865913473941, task_sched_time:73867893469429
app_id: 0, app_name: SAR_api-aarch64, task_id: 2220, task_name: DASH_FFT, resource_name: cpu3, ref_start_time: 73867893933169, ref_stop_time: 73867893984379, actual_exe_time: 51210, task_app_start_time:73865913473941, task_sched_time:73867893924679
app_id: 0, app_name: SAR_api-aarch64, task_id: 2221, task_name: DASH_ZIP, resource_name: zip1, ref_start_time: 73867894603489, ref_stop_time: 73867894721209, actual_exe_time: 117720, task_app_start_time:73865913473941, task_sched_time:73867894590439
app_id: 0, app_name: SAR_api-aarch64, task_id: 2222, task_name: DASH_FFT, resource_name: cpu1, ref_start_time: 73867895150059, ref_stop_time: 73867895190799, actual_exe_time: 40740, task_app_start_time:73865913473941, task_sched_time:73867895145769
app_id: 0, app_name: SAR_api-aarch64, task_id: 2223, task_name: DASH_ZIP, resource_name: cpu2, ref_start_time: 73867895714000, ref_stop_time: 73867895791370, actual_exe_time: 77370, task_app_start_time:73865913473941, task_sched_time:73867895707340
app_id: 0, app_name: SAR_api-aarch64, task_id: 2224, task_name: DASH_FFT, resource_name: cpu3, ref_start_time: 73867896164450, ref_stop_time: 73867896216560, actual_exe_time: 52110, task_app_start_time:73865913473941, task_sched_time:73867896157760
app_id: 0, app_name: SAR_api-aarch64, task_id: 2225, task_name: DASH_ZIP, resource_name: zip1, ref_start_time: 73867896997580, ref_stop_time: 73867897114850, actual_exe_time: 117270, task_app_start_time:73865913473941, task_sched_time:73867896991880
app_id: 0, app_name: SAR_api-aarch64, task_id: 2226, task_name: DASH_FFT, resource_name: cpu1, ref_start_time: 73867897856480, ref_stop_time: 73867897897670, actual_exe_time: 41190, task_app_start_time:73865913473941, task_sched_time:73867897849910
app_id: 0, app_name: SAR_api-aarch64, task_id: 2227, task_name: DASH_ZIP, resource_name: cpu2, ref_start_time: 73867898357390, ref_stop_time: 73867898435150, actual_exe_time: 77760, task_app_start_time:73865913473941, task_sched_time:73867898352470
app_id: 0, app_name: SAR_api-aarch64, task_id: 2228, task_name: DASH_FFT, resource_name: cpu3, ref_start_time: 73867898870360, ref_stop_time: 73867898922800, actual_exe_time: 52440, task_app_start_time:73865913473941, task_sched_time:73867898840390
app_id: 0, app_name: SAR_api-aarch64, task_id: 2229, task_name: DASH_ZIP, resource_name: zip1, ref_start_time: 73867899685250, ref_stop_time: 73867899803270, actual_exe_time: 118020, task_app_start_time:73865913473941, task_sched_time:73867899640640
app_id: 0, app_name: SAR_api-aarch64, task_id: 2230, task_name: DASH_FFT, resource_name: cpu1, ref_start_time: 73867900165040, ref_stop_time: 73867900205450, actual_exe_time: 40410, task_app_start_time:73865913473941, task_sched_time:73867900160960
app_id: 0, app_name: SAR_api-aarch64, task_id: 2231, task_name: DASH_ZIP, resource_name: cpu2, ref_start_time: 73867900648010, ref_stop_time: 73867900725710, actual_exe_time: 77700, task_app_start_time:73865913473941, task_sched_time:73867900640030
app_id: 0, app_name: SAR_api-aarch64, task_id: 2232, task_name: DASH_FFT, resource_name: cpu3, ref_start_time: 73867901299970, ref_stop_time: 73867901363270, actual_exe_time: 63300, task_app_start_time:73865913473941, task_sched_time:73867901292650
app_id: 0, app_name: SAR_api-aarch64, task_id: 2233, task_name: DASH_ZIP, resource_name: zip1, ref_start_time: 73867902186351, ref_stop_time: 73867902305031, actual_exe_time: 118680, task_app_start_time:73865913473941, task_sched_time:73867902177891
app_id: 0, app_name: SAR_api-aarch64, task_id: 2234, task_name: DASH_FFT, resource_name: cpu1, ref_start_time: 73867902746181, ref_stop_time: 73867902786801, actual_exe_time: 40620, task_app_start_time:73865913473941, task_sched_time:73867902740991
app_id: 0, app_name: SAR_api-aarch64, task_id: 2235, task_name: DASH_ZIP, resource_name: cpu2, ref_start_time: 73867903303461, ref_stop_time: 73867903381401, actual_exe_time: 77940, task_app_start_time:73865913473941, task_sched_time:73867903295781
app_id: 0, app_name: SAR_api-aarch64, task_id: 2236, task_name: DASH_FFT, resource_name: cpu3, ref_start_time: 73867903768611, ref_stop_time: 73867903819941, actual_exe_time: 51330, task_app_start_time:73865913473941, task_sched_time:73867903762191
app_id: 0, app_name: SAR_api-aarch64, task_id: 2237, task_name: DASH_ZIP, resource_name: zip1, ref_start_time: 73867904498751, ref_stop_time: 73867904618871, actual_exe_time: 120120, task_app_start_time:73865913473941, task_sched_time:73867904493681
app_id: 0, app_name: SAR_api-aarch64, task_id: 2238, task_name: DASH_FFT, resource_name: cpu1, ref_start_time: 73867905460371, ref_stop_time: 73867905501231, actual_exe_time: 40860, task_app_start_time:73865913473941, task_sched_time:73867905453711
app_id: 0, app_name: SAR_api-aarch64, task_id: 2239, task_name: DASH_ZIP, resource_name: cpu2, ref_start_time: 73867906008291, ref_stop_time: 73867906086051, actual_exe_time: 77760, task_app_start_time:73865913473941, task_sched_time:73867906002771
app_id: 0, app_name: SAR_api-aarch64, task_id: 2240, task_name: DASH_FFT, resource_name: cpu3, ref_start_time: 73867906436841, ref_stop_time: 73867906488531, actual_exe_time: 51690, task_app_start_time:73865913473941, task_sched_time:73867906429821
app_id: 0, app_name: SAR_api-aarch64, task_id: 2241, task_name: DASH_ZIP, resource_name: zip1, ref_start_time: 73867907309121, ref_stop_time: 73867907426871, actual_exe_time: 117750, task_app_start_time:73865913473941, task_sched_time:73867907305491
app_id: 0, app_name: SAR_api-aarch64, task_id: 2242, task_name: DASH_FFT, resource_name: cpu1, ref_start_time: 73867907850171, ref_stop_time: 73867907890581, actual_exe_time: 40410, task_app_start_time:73865913473941, task_sched_time:73867907844171
app_id: 0, app_name: SAR_api-aarch64, task_id: 2243, task_name: DASH_ZIP, resource_name: cpu2, ref_start_time: 73867908449752, ref_stop_time: 73867908527542, actual_exe_time: 77790, task_app_start_time:73865913473941, task_sched_time:73867908442492
app_id: 0, app_name: SAR_api-aarch64, task_id: 2244, task_name: DASH_FFT, resource_name: cpu3, ref_start_time: 73867908867862, ref_stop_time: 73867908921052, actual_exe_time: 53190, task_app_start_time:73865913473941, task_sched_time:73867908843682
app_id: 0, app_name: SAR_api-aarch64, task_id: 2245, task_name: DASH_ZIP, resource_name: zip1, ref_start_time: 73867909530442, ref_stop_time: 73867909647292, actual_exe_time: 116850, task_app_start_time:73865913473941, task_sched_time:73867909524172
app_id: 0, app_name: SAR_api-aarch64, task_id: 2246, task_name: DASH_FFT, resource_name: cpu1, ref_start_time: 73867910178592, ref_stop_time: 73867910220112, actual_exe_time: 41520, task_app_start_time:73865913473941, task_sched_time:73867910170372
app_id: 0, app_name: SAR_api-aarch64, task_id: 2247, task_name: DASH_ZIP, resource_name: cpu2, ref_start_time: 73867910676202, ref_stop_time: 73867910754112, actual_exe_time: 77910, task_app_start_time:73865913473941, task_sched_time:73867910668222
app_id: 0, app_name: SAR_api-aarch64, task_id: 2248, task_name: DASH_FFT, resource_name: cpu3, ref_start_time: 73867911403972, ref_stop_time: 73867911457162, actual_exe_time: 53190, task_app_start_time:73865913473941, task_sched_time:73867911399082
app_id: 0, app_name: SAR_api-aarch64, task_id: 2249, task_name: DASH_ZIP, resource_name: zip1, ref_start_time: 73867912144492, ref_stop_time: 73867912261732, actual_exe_time: 117240, task_app_start_time:73865913473941, task_sched_time:73867912134202
app_id: 0, app_name: SAR_api-aarch64, task_id: 2250, task_name: DASH_FFT, resource_name: cpu1, ref_start_time: 73867912712032, ref_stop_time: 73867912752982, actual_exe_time: 40950, task_app_start_time:73865913473941, task_sched_time:73867912704862
app_id: 0, app_name: SAR_api-aarch64, task_id: 2251, task_name: DASH_ZIP, resource_name: cpu2, ref_start_time: 73867913343652, ref_stop_time: 73867913421112, actual_exe_time: 77460, task_app_start_time:73865913473941, task_sched_time:73867913334442
app_id: 0, app_name: SAR_api-aarch64, task_id: 2252, task_name: DASH_FFT, resource_name: cpu3, ref_start_time: 73867913750512, ref_stop_time: 73867913802532, actual_exe_time: 52020, task_app_start_time:73865913473941, task_sched_time:73867913738362
app_id: 0, app_name: SAR_api-aarch64, task_id: 2253, task_name: DASH_ZIP, resource_name: zip1, ref_start_time: 73867914535013, ref_stop_time: 73867914652463, actual_exe_time: 117450, task_app_start_time:73865913473941, task_sched_time:73867914520823
app_id: 0, app_name: SAR_api-aarch64, task_id: 2254, task_name: DASH_FFT, resource_name: cpu1, ref_start_time: 73867915069043, ref_stop_time: 73867915110113, actual_exe_time: 41070, task_app_start_time:73865913473941, task_sched_time:73867915061963
app_id: 0, app_name: SAR_api-aarch64, task_id: 2255, task_name: DASH_ZIP, resource_name: cpu2, ref_start_time: 73867915587563, ref_stop_time: 73867915664963, actual_exe_time: 77400, task_app_start_time:73865913473941, task_sched_time:73867915581083
app_id: 0, app_name: SAR_api-aarch64, task_id: 2256, task_name: DASH_FFT, resource_name: cpu3, ref_start_time: 73867916154443, ref_stop_time: 73867916219033, actual_exe_time: 64590, task_app_start_time:73865913473941, task_sched_time:73867916149373
app_id: 0, app_name: SAR_api-aarch64, task_id: 2257, task_name: DASH_ZIP, resource_name: zip1, ref_start_time: 73867916946863, ref_stop_time: 73867917063803, actual_exe_time: 116940, task_app_start_time:73865913473941, task_sched_time:73867916942273
app_id: 0, app_name: SAR_api-aarch64, task_id: 2258, task_name: DASH_FFT, resource_name: cpu1, ref_start_time: 73867917782543, ref_stop_time: 73867917824813, actual_exe_time: 42270, task_app_start_time:73865913473941, task_sched_time:73867917774473
app_id: 0, app_name: SAR_api-aarch64, task_id: 2259, task_name: DASH_ZIP, resource_name: cpu2, ref_start_time: 73867918570583, ref_stop_time: 73867918648313, actual_exe_time: 77730, task_app_start_time:73865913473941, task_sched_time:73867918566143
app_id: 0, app_name: SAR_api-aarch64, task_id: 2260, task_name: DASH_FFT, resource_name: cpu3, ref_start_time: 73867918980023, ref_stop_time: 73867919034743, actual_exe_time: 54720, task_app_start_time:73865913473941, task_sched_time:73867918972823
app_id: 0, app_name: SAR_api-aarch64, task_id: 2261, task_name: DASH_ZIP, resource_name: zip1, ref_start_time: 73867919662643, ref_stop_time: 73867919780003, actual_exe_time: 117360, task_app_start_time:73865913473941, task_sched_time:73867919652623
app_id: 0, app_name: SAR_api-aarch64, task_id: 2262, task_name: DASH_FFT, resource_name: cpu1, ref_start_time: 73867920197213, ref_stop_time: 73867920238043, actual_exe_time: 40830, task_app_start_time:73865913473941, task_sched_time:73867920191273
app_id: 0, app_name: SAR_api-aarch64, task_id: 2263, task_name: DASH_ZIP, resource_name: cpu2, ref_start_time: 73867920844194, ref_stop_time: 73867920921624, actual_exe_time: 77430, task_app_start_time:73865913473941, task_sched_time:73867920839334
app_id: 0, app_name: SAR_api-aarch64, task_id: 2264, task_name: DASH_FFT, resource_name: cpu3, ref_start_time: 73867921247184, ref_stop_time: 73867921299324, actual_exe_time: 52140, task_app_start_time:73865913473941, task_sched_time:73867921242114
app_id: 0, app_name: SAR_api-aarch64, task_id: 2265, task_name: DASH_ZIP, resource_name: zip1, ref_start_time: 73867922122644, ref_stop_time: 73867922239824, actual_exe_time: 117180, task_app_start_time:73865913473941, task_sched_time:73867922113344
app_id: 0, app_name: SAR_api-aarch64, task_id: 2266, task_name: DASH_FFT, resource_name: cpu1, ref_start_time: 73867922741934, ref_stop_time: 73867922782884, actual_exe_time: 40950, task_app_start_time:73865913473941, task_sched_time:73867922730114
app_id: 0, app_name: SAR_api-aarch64, task_id: 2267, task_name: DASH_ZIP, resource_name: cpu2, ref_start_time: 73867923283644, ref_stop_time: 73867923361014, actual_exe_time: 77370, task_app_start_time:73865913473941, task_sched_time:73867923280614
app_id: 0, app_name: SAR_api-aarch64, task_id: 2268, task_name: DASH_FFT, resource_name: cpu3, ref_start_time: 73867923831834, ref_stop_time: 73867923888984, actual_exe_time: 57150, task_app_start_time:73865913473941, task_sched_time:73867923827214
app_id: 0, app_name: SAR_api-aarch64, task_id: 2269, task_name: DASH_ZIP, resource_name: zip1, ref_start_time: 73867924516254, ref_stop_time: 73867924635084, actual_exe_time: 118830, task_app_start_time:73865913473941, task_sched_time:73867924468224
app_id: 0, app_name: SAR_api-aarch64, task_id: 2270, task_name: DASH_FFT, resource_name: cpu1, ref_start_time: 73867925203674, ref_stop_time: 73867925244264, actual_exe_time: 40590, task_app_start_time:73865913473941, task_sched_time:73867925194224
app_id: 0, app_name: SAR_api-aarch64, task_id: 2271, task_name: DASH_ZIP, resource_name: cpu2, ref_start_time: 73867925779014, ref_stop_time: 73867925858364, actual_exe_time: 79350, task_app_start_time:73865913473941, task_sched_time:73867925776314
app_id: 0, app_name: SAR_api-aarch64, task_id: 2272, task_name: DASH_FFT, resource_name: cpu3, ref_start_time: 73867926235314, ref_stop_time: 73867926288264, actual_exe_time: 52950, task_app_start_time:73865913473941, task_sched_time:73867926225714
app_id: 0, app_name: SAR_api-aarch64, task_id: 2273, task_name: DASH_ZIP, resource_name: zip1, ref_start_time: 73867926933595, ref_stop_time: 73867927050895, actual_exe_time: 117300, task_app_start_time:73865913473941, task_sched_time:73867926890725
app_id: 0, app_name: SAR_api-aarch64, task_id: 2274, task_name: DASH_FFT, resource_name: cpu1, ref_start_time: 73867927493095, ref_stop_time: 73867927534585, actual_exe_time: 41490, task_app_start_time:73865913473941, task_sched_time:73867927482085
app_id: 0, app_name: SAR_api-aarch64, task_id: 2275, task_name: DASH_ZIP, resource_name: cpu2, ref_start_time: 73867928058985, ref_stop_time: 73867928136715, actual_exe_time: 77730, task_app_start_time:73865913473941, task_sched_time:73867928054515
app_id: 0, app_name: SAR_api-aarch64, task_id: 2276, task_name: DASH_FFT, resource_name: cpu3, ref_start_time: 73867928552725, ref_stop_time: 73867928604415, actual_exe_time: 51690, task_app_start_time:73865913473941, task_sched_time:73867928541895
app_id: 0, app_name: SAR_api-aarch64, task_id: 2277, task_name: DASH_ZIP, resource_name: zip1, ref_start_time: 73867929373945, ref_stop_time: 73867929491695, actual_exe_time: 117750, task_app_start_time:73865913473941, task_sched_time:73867929366355
app_id: 0, app_name: SAR_api-aarch64, task_id: 2278, task_name: DASH_FFT, resource_name: cpu1, ref_start_time: 73867929843685, ref_stop_time: 73867929884395, actual_exe_time: 40710, task_app_start_time:73865913473941, task_sched_time:73867929831895
app_id: 0, app_name: SAR_api-aarch64, task_id: 2279, task_name: DASH_ZIP, resource_name: cpu2, ref_start_time: 73867930312255, ref_stop_time: 73867930389925, actual_exe_time: 77670, task_app_start_time:73865913473941, task_sched_time:73867930306435
app_id: 0, app_name: SAR_api-aarch64, task_id: 2280, task_name: DASH_FFT, resource_name: cpu3, ref_start_time: 73867930935265, ref_stop_time: 73867930986835, actual_exe_time: 51570, task_app_start_time:73865913473941, task_sched_time:73867930928155
app_id: 0, app_name: SAR_api-aarch64, task_id: 2281, task_name: DASH_ZIP, resource_name: zip1, ref_start_time: 73867931726095, ref_stop_time: 73867931845045, actual_exe_time: 118950, task_app_start_time:73865913473941, task_sched_time:73867931716405
app_id: 0, app_name: SAR_api-aarch64, task_id: 2282, task_name: DASH_FFT, resource_name: cpu1, ref_start_time: 73867932316375, ref_stop_time: 73867932356725, actual_exe_time: 40350, task_app_start_time:73865913473941, task_sched_time:73867932313225
app_id: 0, app_name: SAR_api-aarch64, task_id: 2283, task_name: DASH_ZIP, resource_name: cpu2, ref_start_time: 73867932848815, ref_stop_time: 73867932926216, actual_exe_time: 77401, task_app_start_time:73865913473941, task_sched_time:73867932845725
app_id: 0, app_name: SAR_api-aarch64, task_id: 2284, task_name: DASH_FFT, resource_name: cpu3, ref_start_time: 73867933499096, ref_stop_time: 73867933551026, actual_exe_time: 51930, task_app_start_time:73865913473941, task_sched_time:73867933486166
app_id: 0, app_name: SAR_api-aarch64, task_id: 2285, task_name: DASH_ZIP, resource_name: zip1, ref_start_time: 73867934299076, ref_stop_time: 73867934417276, actual_exe_time: 118200, task_app_start_time:73865913473941, task_sched_time:73867934293046
app_id: 0, app_name: SAR_api-aarch64, task_id: 2286, task_name: DASH_FFT, resource_name: cpu1, ref_start_time: 73867934840696, ref_stop_time: 73867934881466, actual_exe_time: 40770, task_app_start_time:73865913473941, task_sched_time:73867934837276
app_id: 0, app_name: SAR_api-aarch64, task_id: 2287, task_name: DASH_ZIP, resource_name: cpu2, ref_start_time: 73867935442136, ref_stop_time: 73867935519506, actual_exe_time: 77370, task_app_start_time:73865913473941, task_sched_time:73867935432686
app_id: 0, app_name: SAR_api-aarch64, task_id: 2288, task_name: DASH_FFT, resource_name: cpu3, ref_start_time: 73867935922556, ref_stop_time: 73867935973406, actual_exe_time: 50850, task_app_start_time:73865913473941, task_sched_time:73867935913316
app_id: 0, app_name: SAR_api-aarch64, task_id: 2289, task_name: DASH_ZIP, resource_name: zip1, ref_start_time: 73867936703246, ref_stop_time: 73867936820756, actual_exe_time: 117510, task_app_start_time:73865913473941, task_sched_time:73867936695656
app_id: 0, app_name: SAR_api-aarch64, task_id: 2290, task_name: DASH_FFT, resource_name: cpu1, ref_start_time: 73867937331536, ref_stop_time: 73867937372486, actual_exe_time: 40950, task_app_start_time:73865913473941, task_sched_time:73867937324006
app_id: 0, app_name: SAR_api-aarch64, task_id: 2291, task_name: DASH_ZIP, resource_name: cpu2, ref_start_time: 73867937921906, ref_stop_time: 73867937999816, actual_exe_time: 77910, task_app_start_time:73865913473941, task_sched_time:73867937915936
app_id: 0, app_name: SAR_api-aarch64, task_id: 2292, task_name: DASH_FFT, resource_name: cpu3, ref_start_time: 73867938447656, ref_stop_time: 73867938504506, actual_exe_time: 56850, task_app_start_time:73865913473941, task_sched_time:73867938442586
app_id: 0, app_name: SAR_api-aarch64, task_id: 2293, task_name: DASH_ZIP, resource_name: zip1, ref_start_time: 73867939587567, ref_stop_time: 73867939706577, actual_exe_time: 119010, task_app_start_time:73865913473941, task_sched_time:73867939580127
app_id: 0, app_name: SAR_api-aarch64, task_id: 2294, task_name: DASH_FFT, resource_name: cpu1, ref_start_time: 73867940076777, ref_stop_time: 73867940117367, actual_exe_time: 40590, task_app_start_time:73865913473941, task_sched_time:73867940071407
app_id: 0, app_name: SAR_api-aarch64, task_id: 2295, task_name: DASH_ZIP, resource_name: cpu2, ref_start_time: 73867940672457, ref_stop_time: 73867940749587, actual_exe_time: 77130, task_app_start_time:73865913473941, task_sched_time:73867940662707
app_id: 0, app_name: SAR_api-aarch64, task_id: 2296, task_name: DASH_FFT, resource_name: cpu3, ref_start_time: 73867941137397, ref_stop_time: 73867941190587, actual_exe_time: 53190, task_app_start_time:73865913473941, task_sched_time:73867941122397
app_id: 0, app_name: SAR_api-aarch64, task_id: 2297, task_name: DASH_ZIP, resource_name: zip1, ref_start_time: 73867941802527, ref_stop_time: 73867941919647, actual_exe_time: 117120, task_app_start_time:73865913473941, task_sched_time:73867941795777
app_id: 0, app_name: SAR_api-aarch64, task_id: 2298, task_name: DASH_FFT, resource_name: cpu1, ref_start_time: 73867942342167, ref_stop_time: 73867942383327, actual_exe_time: 41160, task_app_start_time:73865913473941, task_sched_time:73867942335297
app_id: 0, app_name: SAR_api-aarch64, task_id: 2299, task_name: DASH_ZIP, resource_name: cpu2, ref_start_time: 73867942908507, ref_stop_time: 73867942986147, actual_exe_time: 77640, task_app_start_time:73865913473941, task_sched_time:73867942905057
app_id: 0, app_name: SAR_api-aarch64, task_id: 2300, task_name: DASH_FFT, resource_name: cpu3, ref_start_time: 73867943318727, ref_stop_time: 73867943370297, actual_exe_time: 51570, task_app_start_time:73865913473941, task_sched_time:73867943307717
app_id: 0, app_name: SAR_api-aarch64, task_id: 2301, task_name: DASH_ZIP, resource_name: zip1, ref_start_time: 73867944180807, ref_stop_time: 73867944299997, actual_exe_time: 119190, task_app_start_time:73865913473941, task_sched_time:73867944135567
app_id: 0, app_name: SAR_api-aarch64, task_id: 2302, task_name: DASH_FFT, resource_name: cpu1, ref_start_time: 73867944790647, ref_stop_time: 73867944831597, actual_exe_time: 40950, task_app_start_time:73865913473941, task_sched_time:73867944782337
app_id: 0, app_name: SAR_api-aarch64, task_id: 2303, task_name: DASH_ZIP, resource_name: cpu2, ref_start_time: 73867945647508, ref_stop_time: 73867945725718, actual_exe_time: 78210, task_app_start_time:73865913473941, task_sched_time:73867945642198
app_id: 0, app_name: SAR_api-aarch64, task_id: 2304, task_name: DASH_FFT, resource_name: cpu3, ref_start_time: 73867946096938, ref_stop_time: 73867946150608, actual_exe_time: 53670, task_app_start_time:73865913473941, task_sched_time:73867946043028
